site	layer	kind	component	max_ci_alive_in	kl_full	kl_integer	integer_share_of_kl	top_token	p_before	p_after	top_tokens
group: ALL		group	476		0.002072	0.001738	0.839	'?\n'	0.07516	0.0744	'?\n' 0.0752->0.0744; ' ' 0.0415->0.0417; '____' 0.00488->0.00478; '?' 0.00996->0.0101; '?\n' 0.00811->0.00803
group: CONTROL (alive in both)		group	476		2.539	2.414	0.951	'?\n'	0.07516	0.01449	'?\n' 0.0752->0.0145; ' ' 0.0415->0.00692; '?' 0.00996->0.0168; ' -' 0.006->0.0013; '??' 0.0111->0.00646
group: layers 0-7		group	44		0.001273	0.001084	0.852	' '	0.04154	0.04192	' ' 0.0415->0.0419; '??' 0.0111->0.0112; '?' 0.00996->0.01; '?\n' 0.00811->0.00816; '????' 0.00654->0.00659
group: layers 8-15		group	41		0.000733	0.000649	0.885	'?\n'	0.07516	0.07538	'?\n' 0.0752->0.0754; ' ' 0.0415->0.0413; '____' 0.00488->0.00478; '?' 0.00996->0.00987; '?\n' 0.00811->0.00806
group: layers 16-23		group	61		0.0005579	0.0004761	0.853	' '	0.04154	0.04133	' ' 0.0415->0.0413; '?\n' 0.0752->0.0752; '??' 0.0111->0.0112; '???' 0.00613->0.00616; ' -' 0.006->0.00597
group: layers 24-31		group	330		0.0005275	0.0003621	0.687	'?\n'	0.07516	0.07401	'?\n' 0.0752->0.074; ' ' 0.0415->0.0419; '?\n' 0.00811->0.008; '??' 0.0111->0.011; ' -' 0.006->0.00608
layers.0.mlp.down_proj	0	mlp.down_proj	524	1	0.0006224	0.0005089	0.818	'?\n'	0.07516	0.07508	'?\n' 0.0752->0.0751; ' ' 0.0415->0.0416; '____' 0.00488->0.00487; '?' 0.00996->0.00995; '??' 0.0111->0.0112
layers.1.mlp.gate_proj	1	mlp.gate_proj	28	0.3711	0.0005682	0.0004628	0.815	'?\n'	0.07516	0.07505	'?\n' 0.0752->0.0751; '____' 0.00488->0.00487; '?' 0.00996->0.00995; '??' 0.0111->0.0111; ' ' 0.0415->0.0415
layers.1.self_attn.o_proj	1	self_attn.o_proj	91	0.4023	0.0005724	0.000463	0.809	'?\n'	0.07516	0.075	'?\n' 0.0752->0.075; ' -' 0.006->0.00597; '?' 0.00996->0.00994; ' ' 0.0415->0.0415; '____' 0.00488->0.00487
layers.1.self_attn.o_proj	1	self_attn.o_proj	135	0.2012	0.0005613	0.0004555	0.812	' '	0.04154	0.04149	' ' 0.0415->0.0415; '?\n' 0.0752->0.0752; '____' 0.00488->0.00486; '??' 0.0111->0.0112; ' -' 0.006->0.00598
layers.1.self_attn.o_proj	1	self_attn.o_proj	371	0.0293	0.0005722	0.0004657	0.814	'?'	0.009965	0.00994	'?' 0.00996->0.00994; '?\n' 0.0752->0.0751; ' -' 0.006->0.00598; '____' 0.00488->0.00487; ' ' 0.0415->0.0415
layers.1.self_attn.o_proj	1	self_attn.o_proj	378	0.06836	0.0005697	0.0004647	0.816	'?\n'	0.07516	0.07524	'?\n' 0.0752->0.0752; ' ' 0.0415->0.0415; '____' 0.00488->0.00486; ' -' 0.006->0.00601; '????' 0.00654->0.00654
layers.1.self_attn.v_proj	1	self_attn.v_proj	213	1	0.0006636	0.0005357	0.807	'?\n'	0.07516	0.07507	'?\n' 0.0752->0.0751; ' ' 0.0415->0.0416; '____' 0.00488->0.00486; '?' 0.00996->0.00994; '??' 0.0111->0.0111
layers.10.mlp.down_proj	10	mlp.down_proj	30	0.3477	0.000393	0.0003206	0.816	'?\n'	0.07516	0.07508	'?\n' 0.0752->0.0751; ' ' 0.0415->0.0416; ' (' 0.00526->0.00525; '????' 0.00654->0.00652; '?' 0.00996->0.00996
layers.10.mlp.down_proj	10	mlp.down_proj	182	1	0.0003898	0.0003116	0.8	'?\n'	0.07516	0.07519	'?\n' 0.0752->0.0752; '?' 0.00996->0.00995; ' ' 0.0415->0.0415; '____' 0.00488->0.00487; '?\n' 0.00811->0.00811
layers.10.mlp.down_proj	10	mlp.down_proj	260	0.2012	0.0003791	0.0003044	0.803	'?\n'	0.07516	0.07514	'?\n' 0.0752->0.0751; ' ' 0.0415->0.0415; '?' 0.00996->0.00996; '?\n' 0.00811->0.00812; '??' 0.0111->0.0111
layers.10.mlp.down_proj	10	mlp.down_proj	459	1	0.0003813	0.0003086	0.809	'?\n'	0.07516	0.07513	'?\n' 0.0752->0.0751; '?' 0.00996->0.00995; ' ' 0.0415->0.0415; '???' 0.00613->0.00613; '?\n' 0.00811->0.00812
layers.10.mlp.down_proj	10	mlp.down_proj	1010	0.01367	0.0003781	0.0003021	0.799	' -'	0.005999	0.005979	' -' 0.006->0.00598; '?\n' 0.0752->0.0752; '____' 0.00488->0.00487; '?' 0.00996->0.00996; '????' 0.00654->0.00654
layers.10.mlp.up_proj	10	mlp.up_proj	626	0.07422	0.0003868	0.0003132	0.81	'?\n'	0.07516	0.07512	'?\n' 0.0752->0.0751; ' ' 0.0415->0.0415; '??' 0.0111->0.0112; ' -' 0.006->0.00599; '???' 0.00613->0.00613
layers.11.mlp.down_proj	11	mlp.down_proj	23	0.02734	0.0003697	0.0003012	0.815	'?'	0.009965	0.009952	'?' 0.00996->0.00995; ' ' 0.0415->0.0415; '____' 0.00488->0.00487; ' -' 0.006->0.00599; '???' 0.00613->0.00613
layers.11.mlp.down_proj	11	mlp.down_proj	569	0.02344	0.0003674	0.0002965	0.807	'?\n'	0.07516	0.07519	'?\n' 0.0752->0.0752; ' -' 0.006->0.00599; '?' 0.00996->0.00998; '??' 0.0111->0.0112; '____' 0.00488->0.00488
layers.11.mlp.down_proj	11	mlp.down_proj	618	0.8203	0.0003726	0.0003032	0.814	'?\n'	0.07516	0.07524	'?\n' 0.0752->0.0752; ' ' 0.0415->0.0416; '??' 0.0111->0.0112; '?\n' 0.00811->0.00812; '?' 0.00996->0.00996
layers.11.mlp.down_proj	11	mlp.down_proj	752	0.02734	0.0003722	0.0002996	0.805	'?\n'	0.07516	0.07523	'?\n' 0.0752->0.0752; ' ' 0.0415->0.0416; ' -' 0.006->0.00598; '____' 0.00488->0.00487; ' (' 0.00526->0.00526
layers.11.mlp.gate_proj	11	mlp.gate_proj	227	0.168	0.0003744	0.0003055	0.816	' '	0.04154	0.04156	' ' 0.0415->0.0416; '???' 0.00613->0.00614; '?\n' 0.0752->0.0752; '??' 0.0111->0.0112; '____' 0.00488->0.00488
layers.11.mlp.gate_proj	11	mlp.gate_proj	473	0.4141	0.0003713	0.0003053	0.822	' '	0.04154	0.04148	' ' 0.0415->0.0415; '?' 0.00996->0.00995; '____' 0.00488->0.00487; '?\n' 0.00811->0.00812; '?\n' 0.0752->0.0752
layers.11.mlp.up_proj	11	mlp.up_proj	335	0.04883	0.0003687	0.0003	0.814	'?\n'	0.07516	0.07504	'?\n' 0.0752->0.075; '____' 0.00488->0.00487; '??' 0.0111->0.0112; ' -' 0.006->0.00599; '???' 0.00613->0.00613
layers.11.mlp.up_proj	11	mlp.up_proj	639	0.1543	0.0003771	0.0003059	0.811	' '	0.04154	0.04156	' ' 0.0415->0.0416; '????' 0.00654->0.00654; '?' 0.00996->0.00996; '??' 0.0111->0.0111; '???' 0.00613->0.00613
layers.11.self_attn.o_proj	11	self_attn.o_proj	428	0.04492	0.0006065	0.0005442	0.897	' '	0.04154	0.04145	' ' 0.0415->0.0414; '____' 0.00488->0.0048; '?\n' 0.0752->0.0752; '?' 0.00996->0.0099; '?\n' 0.00811->0.00805
layers.12.mlp.down_proj	12	mlp.down_proj	382	0.05078	0.0003662	0.0002953	0.806	' '	0.04154	0.04158	' ' 0.0415->0.0416; '?\n' 0.0752->0.0752; '____' 0.00488->0.00487; '?' 0.00996->0.00995; '??' 0.0111->0.0111
layers.12.mlp.gate_proj	12	mlp.gate_proj	176	0.1641	0.0003598	0.0002874	0.799	'?\n'	0.07516	0.07514	'?\n' 0.0752->0.0751; '?' 0.00996->0.00995; ' ' 0.0415->0.0415; ' -' 0.006->0.00599; '??' 0.0111->0.0112
layers.12.mlp.gate_proj	12	mlp.gate_proj	234	1	0.0003551	0.0002862	0.806	'?\n'	0.07516	0.07507	'?\n' 0.0752->0.0751; ' ' 0.0415->0.0416; '??' 0.0111->0.0111; ' (' 0.00526->0.00527; '????' 0.00654->0.00654
layers.13.mlp.down_proj	13	mlp.down_proj	211	0.07617	0.0003365	0.0002721	0.809	'?\n'	0.07516	0.07527	'?\n' 0.0752->0.0753; '?' 0.00996->0.00995; '????' 0.00654->0.00654; '?\n' 0.00811->0.00812; '??' 0.0111->0.0111
layers.13.mlp.down_proj	13	mlp.down_proj	226	0.416	0.0003453	0.000277	0.802	'?\n'	0.07516	0.07521	'?\n' 0.0752->0.0752; ' ' 0.0415->0.0415; '?' 0.00996->0.00995; '???' 0.00613->0.00614; '????' 0.00654->0.00654
layers.13.mlp.down_proj	13	mlp.down_proj	353	1	0.0003421	0.000275	0.804	'?\n'	0.07516	0.07513	'?\n' 0.0752->0.0751; ' ' 0.0415->0.0415; '?' 0.00996->0.00995; ' -' 0.006->0.00599; '??' 0.0111->0.0111
layers.13.mlp.down_proj	13	mlp.down_proj	553	0.0293	0.0003452	0.000281	0.814	'?\n'	0.07516	0.07522	'?\n' 0.0752->0.0752; ' ' 0.0415->0.0416; '??' 0.0111->0.0111; '?\n' 0.00811->0.00812; '____' 0.00488->0.00488
layers.13.mlp.gate_proj	13	mlp.gate_proj	571	0.3984	0.0003464	0.0002781	0.803	' '	0.04154	0.04156	' ' 0.0415->0.0416; '?\n' 0.0752->0.0751; '??' 0.0111->0.0111; ' -' 0.006->0.00601; '?\n' 0.00811->0.00812
layers.13.mlp.gate_proj	13	mlp.gate_proj	761	0.1445	0.000343	0.0002758	0.804	' '	0.04154	0.04151	' ' 0.0415->0.0415; '?\n' 0.00811->0.0081; '?\n' 0.0752->0.0752; '???' 0.00613->0.00614; '????' 0.00654->0.00654
layers.13.mlp.up_proj	13	mlp.up_proj	142	0.04102	0.0003394	0.0002714	0.8	'____'	0.004883	0.004873	'____' 0.00488->0.00487; '???' 0.00613->0.00614; '?' 0.00996->0.00996; ' -' 0.006->0.00601; '?\n' 0.0752->0.0752
layers.13.mlp.up_proj	13	mlp.up_proj	367	0.03125	0.0003419	0.0002751	0.805	'?\n'	0.07516	0.07515	'?\n' 0.0752->0.0751; '____' 0.00488->0.00487; '?' 0.00996->0.00996; '?\n' 0.00811->0.00812; ' (' 0.00526->0.00527
layers.13.mlp.up_proj	13	mlp.up_proj	571	0.0293	0.0003443	0.0002757	0.801	'?\n'	0.07516	0.07511	'?\n' 0.0752->0.0751; ' ' 0.0415->0.0416; '????' 0.00654->0.00654; '?\n' 0.00811->0.0081; ' (' 0.00526->0.00526
layers.13.mlp.up_proj	13	mlp.up_proj	775	0.01172	0.0003417	0.0002721	0.796	'?\n'	0.07516	0.07521	'?\n' 0.0752->0.0752; '____' 0.00488->0.00487; '????' 0.00654->0.00654; '???' 0.00613->0.00613; ' (' 0.00526->0.00526
layers.13.mlp.up_proj	13	mlp.up_proj	825	0.02539	0.0003403	0.0002749	0.808	'?\n'	0.07516	0.07519	'?\n' 0.0752->0.0752; ' ' 0.0415->0.0415; ' -' 0.006->0.00598; '?\n' 0.00811->0.00812; '?' 0.00996->0.00995
layers.14.mlp.down_proj	14	mlp.down_proj	233	0.07422	0.0003273	0.0002633	0.804	'?\n'	0.07516	0.07515	'?\n' 0.0752->0.0751; '?' 0.00996->0.00995; '???' 0.00613->0.00613; ' -' 0.006->0.00599; ' ' 0.0415->0.0415
layers.14.mlp.down_proj	14	mlp.down_proj	465	0.08594	0.0003329	0.0002732	0.821	'?\n'	0.07516	0.07515	'?\n' 0.0752->0.0752; '____' 0.00488->0.00487; '?' 0.00996->0.00996; ' (' 0.00526->0.00526; '??' 0.0111->0.0111
layers.14.mlp.up_proj	14	mlp.up_proj	547	0.1875	0.0003333	0.0002681	0.804	'?\n'	0.07516	0.0752	'?\n' 0.0752->0.0752; ' ' 0.0415->0.0415; '?' 0.00996->0.00995; '?\n' 0.00811->0.0081; ' (' 0.00526->0.00526
layers.15.mlp.gate_proj	15	mlp.gate_proj	149	0.2734	0.0003205	0.0002569	0.802	'?\n'	0.07516	0.07521	'?\n' 0.0752->0.0752; ' ' 0.0415->0.0415; '____' 0.00488->0.00487; '?' 0.00996->0.00996; ' -' 0.006->0.006
layers.15.mlp.gate_proj	15	mlp.gate_proj	367	1	0.0003191	0.0002587	0.811	' '	0.04154	0.04155	' ' 0.0415->0.0416; '?\n' 0.0752->0.0752; '????' 0.00654->0.00654; '??' 0.0111->0.0111; '?\n' 0.00811->0.00812
layers.16.mlp.down_proj	16	mlp.down_proj	86	0.01562	0.0004206	0.0003592	0.854	' '	0.04154	0.04145	' ' 0.0415->0.0414; '?\n' 0.0752->0.0751; '?\n' 0.00811->0.00815; '____' 0.00488->0.00485; '???' 0.00613->0.00614
layers.16.self_attn.o_proj	16	self_attn.o_proj	194	0.03711	0.0003071	0.0002473	0.806	'?\n'	0.07516	0.0752	'?\n' 0.0752->0.0752; ' ' 0.0415->0.0415; '____' 0.00488->0.00487; ' -' 0.006->0.00599; '?' 0.00996->0.00996
layers.16.self_attn.o_proj	16	self_attn.o_proj	463	0.8516	0.0003094	0.0002462	0.796	'?'	0.009965	0.009946	'?' 0.00996->0.00995; '????' 0.00654->0.00655; ' ' 0.0415->0.0415; ' -' 0.006->0.00599; '???' 0.00613->0.00614
layers.17.mlp.down_proj	17	mlp.down_proj	45	0.7031	0.0002954	0.0002375	0.804	'?\n'	0.07516	0.07524	'?\n' 0.0752->0.0752; '____' 0.00488->0.00487; '?' 0.00996->0.00995; ' -' 0.006->0.00599; ' (' 0.00526->0.00526
layers.17.mlp.down_proj	17	mlp.down_proj	64	0.8984	0.0002933	0.0002342	0.799	' '	0.04154	0.0415	' ' 0.0415->0.0415; '?\n' 0.0752->0.0752; '?' 0.00996->0.00995; '____' 0.00488->0.00487; ' -' 0.006->0.00599
layers.17.mlp.down_proj	17	mlp.down_proj	74	0.9102	0.000295	0.0002381	0.807	'?\n'	0.07516	0.0752	'?\n' 0.0752->0.0752; ' ' 0.0415->0.0416; '?' 0.00996->0.00995; '____' 0.00488->0.00487; '?\n' 0.00811->0.00812
layers.17.mlp.down_proj	17	mlp.down_proj	131	0.3008	0.0003022	0.000244	0.807	' '	0.04154	0.04157	' ' 0.0415->0.0416; '?\n' 0.0752->0.0752; '____' 0.00488->0.00487; '??' 0.0111->0.0111; '???' 0.00613->0.00614
layers.17.mlp.up_proj	17	mlp.up_proj	498	0.9805	0.0003058	0.0002463	0.805	'?\n'	0.07516	0.07513	'?\n' 0.0752->0.0751; ' ' 0.0415->0.0416; '?' 0.00996->0.00995; '____' 0.00488->0.00488; '????' 0.00654->0.00654
layers.17.mlp.up_proj	17	mlp.up_proj	766	0.8672	0.0002999	0.0002438	0.813	'?\n'	0.07516	0.07511	'?\n' 0.0752->0.0751; '?' 0.00996->0.00994; '____' 0.00488->0.00487; '??' 0.0111->0.0111; '???' 0.00613->0.00613
layers.17.self_attn.o_proj	17	self_attn.o_proj	126	0.7734	0.0003024	0.0002444	0.808	'____'	0.004883	0.004867	'____' 0.00488->0.00487; ' ' 0.0415->0.0415; '??' 0.0111->0.0112; ' (' 0.00526->0.00525; '?\n' 0.0752->0.0752
layers.17.self_attn.o_proj	17	self_attn.o_proj	236	0.2773	0.0002946	0.0002379	0.807	'?\n'	0.07516	0.07513	'?\n' 0.0752->0.0751; '?' 0.00996->0.00995; '____' 0.00488->0.00487; ' ' 0.0415->0.0415; '???' 0.00613->0.00613
layers.18.mlp.down_proj	18	mlp.down_proj	20	0.03125	0.0003333	0.000269	0.807	' '	0.04154	0.04161	' ' 0.0415->0.0416; ' (' 0.00526->0.00529; '+' 0.00156->0.00154; '????' 0.00654->0.00655; '???' 0.00613->0.00614
layers.18.mlp.down_proj	18	mlp.down_proj	353	1	0.0002863	0.0002305	0.805	'?'	0.009965	0.009941	'?' 0.00996->0.00994; '?\n' 0.00811->0.0081; '____' 0.00488->0.00488; ' (' 0.00526->0.00526; '?\n' 0.0752->0.0752
layers.18.mlp.down_proj	18	mlp.down_proj	730	0.3125	0.0002901	0.0002323	0.801	' '	0.04154	0.0415	' ' 0.0415->0.0415; '?\n' 0.0752->0.0751; ' -' 0.006->0.00598; '____' 0.00488->0.00488; '?' 0.00996->0.00996
layers.18.mlp.down_proj	18	mlp.down_proj	1011	1	0.000287	0.000232	0.808	'?\n'	0.07516	0.07513	'?\n' 0.0752->0.0751; '?' 0.00996->0.00995; ' ' 0.0415->0.0415; '____' 0.00488->0.00487; '??' 0.0111->0.0111
layers.18.self_attn.o_proj	18	self_attn.o_proj	234	0.01367	0.0003003	0.0002413	0.804	'?\n'	0.07516	0.07505	'?\n' 0.0752->0.0751; ' ' 0.0415->0.0415; '?' 0.00996->0.00995; '???' 0.00613->0.00614; '____' 0.00488->0.00488
layers.18.self_attn.o_proj	18	self_attn.o_proj	387	0.01562	0.0002953	0.0002384	0.807	'____'	0.004883	0.004871	'____' 0.00488->0.00487; '?' 0.00996->0.00995; ' ' 0.0415->0.0415; '????' 0.00654->0.00654; '???' 0.00613->0.00613
layers.18.self_attn.o_proj	18	self_attn.o_proj	486	0.125	0.0002984	0.0002364	0.792	'?\n'	0.07516	0.07521	'?\n' 0.0752->0.0752; ' ' 0.0415->0.0415; '?' 0.00996->0.00995; '??' 0.0111->0.0112; '????' 0.00654->0.00655
layers.18.self_attn.v_proj	18	self_attn.v_proj	7	0.8828	0.0002953	0.0002382	0.807	'?\n'	0.07516	0.0751	'?\n' 0.0752->0.0751; ' ' 0.0415->0.0416; '____' 0.00488->0.00487; '?' 0.00996->0.00995; '???' 0.00613->0.00613
layers.19.mlp.down_proj	19	mlp.down_proj	183	0.05078	0.0003157	0.0002553	0.809	'?\n'	0.07516	0.07531	'?\n' 0.0752->0.0753; ' ' 0.0415->0.0415; '???' 0.00613->0.00615; '?' 0.00996->0.00994; '????' 0.00654->0.00655
layers.19.mlp.down_proj	19	mlp.down_proj	255	0.7383	0.0002849	0.000229	0.804	' '	0.04154	0.04155	' ' 0.0415->0.0416; '?\n' 0.0752->0.0751; '?\n' 0.00811->0.00812; '____' 0.00488->0.00488; '???' 0.00613->0.00614
layers.19.mlp.down_proj	19	mlp.down_proj	326	1	0.000287	0.000232	0.808	'?\n'	0.07516	0.0752	'?\n' 0.0752->0.0752; '?' 0.00996->0.00995; '????' 0.00654->0.00654; ' -' 0.006->0.00599; '____' 0.00488->0.00488
layers.19.mlp.down_proj	19	mlp.down_proj	397	0.1738	0.0002882	0.000232	0.805	' '	0.04154	0.0415	' ' 0.0415->0.0415; ' -' 0.006->0.00599; '?\n' 0.0752->0.0752; '____' 0.00488->0.00488; ' (' 0.00526->0.00526
layers.19.mlp.down_proj	19	mlp.down_proj	485	1	0.0002921	0.0002375	0.813	' '	0.04154	0.04151	' ' 0.0415->0.0415; '?' 0.00996->0.00995; '?\n' 0.00811->0.00812; '?\n' 0.0752->0.0752; '????' 0.00654->0.00654
layers.19.mlp.down_proj	19	mlp.down_proj	895	0.1289	0.0002879	0.0002344	0.814	'?\n'	0.07516	0.07521	'?\n' 0.0752->0.0752; ' ' 0.0415->0.0415; '?' 0.00996->0.00995; '____' 0.00488->0.00487; '\xa0' 0.00164->0.00163
layers.19.mlp.up_proj	19	mlp.up_proj	106	0.0625	0.0003129	0.0002522	0.806	'?\n'	0.07516	0.07524	'?\n' 0.0752->0.0752; ' ' 0.0415->0.0415; '____' 0.00488->0.00486; '????' 0.00654->0.00655; '???' 0.00613->0.00614
layers.2.mlp.down_proj	2	mlp.down_proj	490	0.0918	0.0005304	0.0004314	0.813	' '	0.04154	0.04161	' ' 0.0415->0.0416; '?\n' 0.0752->0.0751; ' -' 0.006->0.00598; '____' 0.00488->0.00487; '?' 0.00996->0.00995
layers.2.mlp.gate_proj	2	mlp.gate_proj	487	0.1758	0.0005179	0.0004327	0.836	'?\n'	0.07516	0.07508	'?\n' 0.0752->0.0751; ' -' 0.006->0.00597; '____' 0.00488->0.00487; ' ' 0.0415->0.0415; '+' 0.00156->0.00155
layers.2.mlp.up_proj	2	mlp.up_proj	320	0.01758	0.0005477	0.000445	0.813	'?\n'	0.07516	0.07501	'?\n' 0.0752->0.075; '?' 0.00996->0.00993; '?\n' 0.00811->0.00809; '____' 0.00488->0.00486; ' ' 0.0415->0.0416
layers.2.self_attn.k_proj	2	self_attn.k_proj	80	0.1328	0.0005291	0.0004351	0.822	'?\n'	0.07516	0.07511	'?\n' 0.0752->0.0751; '____' 0.00488->0.00486; '?' 0.00996->0.00995; ' -' 0.006->0.00599; ' ' 0.0415->0.0415
layers.20.mlp.down_proj	20	mlp.down_proj	579	1	0.0002784	0.000222	0.797	'?\n'	0.07516	0.07507	'?\n' 0.0752->0.0751; ' ' 0.0415->0.0416; '?' 0.00996->0.00995; '??' 0.0111->0.0112; '????' 0.00654->0.00654
layers.20.mlp.down_proj	20	mlp.down_proj	833	1	0.0002779	0.000227	0.817	' '	0.04154	0.0416	' ' 0.0415->0.0416; '?\n' 0.0752->0.0751; '?' 0.00996->0.00995; '____' 0.00488->0.00487; '??' 0.0111->0.0111
layers.20.mlp.gate_proj	20	mlp.gate_proj	21	0.07031	0.0002875	0.0002272	0.79	'?\n'	0.07516	0.07523	'?\n' 0.0752->0.0752; ' ' 0.0415->0.0415; '?' 0.00996->0.00995; '____' 0.00488->0.00488; '???' 0.00613->0.00613
layers.20.self_attn.o_proj	20	self_attn.o_proj	273	0.5625	0.0002806	0.0002285	0.814	'?\n'	0.07516	0.07512	'?\n' 0.0752->0.0751; ' ' 0.0415->0.0416; '?' 0.00996->0.00995; '____' 0.00488->0.00487; '???' 0.00613->0.00613
layers.21.mlp.down_proj	21	mlp.down_proj	254	0.02539	0.0002765	0.0002232	0.807	'?\n'	0.07516	0.07513	'?\n' 0.0752->0.0751; ' ' 0.0415->0.0415; '____' 0.00488->0.00487; '?' 0.00996->0.00996; '?\n' 0.00811->0.0081
layers.21.mlp.down_proj	21	mlp.down_proj	268	0.375	0.0002763	0.0002205	0.798	'?\n'	0.07516	0.07514	'?\n' 0.0752->0.0751; ' ' 0.0415->0.0416; '____' 0.00488->0.00488; ' -' 0.006->0.006; '??' 0.0111->0.0111
layers.21.mlp.down_proj	21	mlp.down_proj	312	1	0.0002681	0.0002187	0.816	'?\n'	0.07516	0.07514	'?\n' 0.0752->0.0751; '____' 0.00488->0.00487; '?' 0.00996->0.00996; '??' 0.0111->0.0111; '????' 0.00654->0.00654
layers.21.mlp.down_proj	21	mlp.down_proj	321	0.02344	0.0002788	0.0002256	0.809	' -'	0.005999	0.005975	' -' 0.006->0.00597; '????' 0.00654->0.00655; ' ' 0.0415->0.0416; '???' 0.00613->0.00614; '?\n' 0.0752->0.0752
layers.21.mlp.down_proj	21	mlp.down_proj	474	0.09766	0.0002727	0.0002206	0.809	' '	0.04154	0.04158	' ' 0.0415->0.0416; '?\n' 0.0752->0.0752; '?' 0.00996->0.00998; '____' 0.00488->0.00488; '???' 0.00613->0.00613
layers.21.mlp.down_proj	21	mlp.down_proj	581	0.9648	0.0002691	0.0002186	0.812	' '	0.04154	0.04158	' ' 0.0415->0.0416; '?\n' 0.0752->0.0752; '??' 0.0111->0.0112; '????' 0.00654->0.00654; ' -' 0.006->0.00601
layers.21.mlp.gate_proj	21	mlp.gate_proj	900	1	0.0002756	0.0002249	0.816	'?\n'	0.07516	0.0751	'?\n' 0.0752->0.0751; '??' 0.0111->0.0111; '?' 0.00996->0.00995; '?\n' 0.00811->0.00811; '____' 0.00488->0.00488
layers.21.self_attn.o_proj	21	self_attn.o_proj	7	1	0.0002755	0.0002219	0.805	' '	0.04154	0.04149	' ' 0.0415->0.0415; '??' 0.0111->0.0111; '?\n' 0.0752->0.0751; '____' 0.00488->0.00487; ' (' 0.00526->0.00526
layers.21.self_attn.q_proj	21	self_attn.q_proj	116	0.123	0.0002785	0.0002246	0.806	'?\n'	0.07516	0.07511	'?\n' 0.0752->0.0751; ' ' 0.0415->0.0415; '?' 0.00996->0.00995; '____' 0.00488->0.00488; ' (' 0.00526->0.00526
layers.22.mlp.down_proj	22	mlp.down_proj	47	1	0.0002662	0.0002143	0.805	'?\n'	0.07516	0.07514	'?\n' 0.0752->0.0751; '?\n' 0.00811->0.00812; ' -' 0.006->0.00599; ' ' 0.0415->0.0415; '??' 0.0111->0.0111
layers.22.mlp.down_proj	22	mlp.down_proj	54	1	0.0002673	0.0002152	0.805	'?\n'	0.07516	0.07518	'?\n' 0.0752->0.0752; '?\n' 0.00811->0.00813; ' ' 0.0415->0.0415; '____' 0.00488->0.00488; '?' 0.00996->0.00996
layers.22.mlp.down_proj	22	mlp.down_proj	270	0.05078	0.0002664	0.0002144	0.805	'?\n'	0.07516	0.07512	'?\n' 0.0752->0.0751; ' ' 0.0415->0.0416; '____' 0.00488->0.00488; '?' 0.00996->0.00997; '??' 0.0111->0.0111
layers.22.self_attn.o_proj	22	self_attn.o_proj	46	0.1152	0.0002705	0.0002192	0.81	' '	0.04154	0.04152	' ' 0.0415->0.0415; '??' 0.0111->0.0111; '____' 0.00488->0.00488; '?' 0.00996->0.00996; '???' 0.00613->0.00613
layers.22.self_attn.o_proj	22	self_attn.o_proj	52	0.02539	0.0002688	0.0002189	0.814	'?\n'	0.07516	0.07512	'?\n' 0.0752->0.0751; ' ' 0.0415->0.0415; '____' 0.00488->0.00487; ' -' 0.006->0.00601; '?' 0.00996->0.00996
layers.22.self_attn.o_proj	22	self_attn.o_proj	69	0.1719	0.0002664	0.0002153	0.808	' '	0.04154	0.04149	' ' 0.0415->0.0415; '?' 0.00996->0.00995; '?\n' 0.00811->0.00812; ' (' 0.00526->0.00526; '??' 0.0111->0.0111
layers.22.self_attn.o_proj	22	self_attn.o_proj	124	1	0.0002675	0.0002168	0.81	' '	0.04154	0.04149	' ' 0.0415->0.0415; '?\n' 0.0752->0.0752; '??' 0.0111->0.0111; '????' 0.00654->0.00654; '____' 0.00488->0.00488
layers.22.self_attn.o_proj	22	self_attn.o_proj	134	0.2109	0.0002656	0.0002157	0.812	'?\n'	0.07516	0.07513	'?\n' 0.0752->0.0751; ' ' 0.0415->0.0415; '??' 0.0111->0.0111; '?\n' 0.00811->0.00811; '____' 0.00488->0.00488
layers.22.self_attn.o_proj	22	self_attn.o_proj	164	0.3262	0.0002705	0.000217	0.802	' '	0.04154	0.04157	' ' 0.0415->0.0416; '?\n' 0.0752->0.0751; '?' 0.00996->0.00995; '____' 0.00488->0.00487; '??' 0.0111->0.0111
layers.22.self_attn.o_proj	22	self_attn.o_proj	283	0.1523	0.0002678	0.0002153	0.804	'?\n'	0.07516	0.07524	'?\n' 0.0752->0.0752; '?' 0.00996->0.00995; ' ' 0.0415->0.0415; '____' 0.00488->0.00488; '?\n' 0.00811->0.00812
layers.22.self_attn.o_proj	22	self_attn.o_proj	298	0.08789	0.0002649	0.0002151	0.812	' '	0.04154	0.04157	' ' 0.0415->0.0416; '?\n' 0.0752->0.0752; '?' 0.00996->0.00995; '____' 0.00488->0.00487; '????' 0.00654->0.00654
layers.22.self_attn.o_proj	22	self_attn.o_proj	310	0.0918	0.0002662	0.0002151	0.808	' '	0.04154	0.04147	' ' 0.0415->0.0415; '?\n' 0.0752->0.0752; '?' 0.00996->0.00995; '?\n' 0.00811->0.0081; ' (' 0.00526->0.00526
layers.22.self_attn.o_proj	22	self_attn.o_proj	343	0.07617	0.0002679	0.0002157	0.805	'?\n'	0.07516	0.07519	'?\n' 0.0752->0.0752; '?' 0.00996->0.00995; '???' 0.00613->0.00614; '____' 0.00488->0.00488; '??' 0.0111->0.0111
layers.22.self_attn.o_proj	22	self_attn.o_proj	410	0.01758	0.0002695	0.0002212	0.821	' '	0.04154	0.04155	' ' 0.0415->0.0415; '???' 0.00613->0.00613; '?\n' 0.0752->0.0752; '____' 0.00488->0.00488; '?\n' 0.00811->0.00811
layers.22.self_attn.o_proj	22	self_attn.o_proj	418	1	0.0002708	0.0002193	0.81	'?\n'	0.07516	0.07521	'?\n' 0.0752->0.0752; ' ' 0.0415->0.0415; '?' 0.00996->0.00995; '____' 0.00488->0.00487; '???' 0.00613->0.00613
layers.22.self_attn.v_proj	22	self_attn.v_proj	96	0.04688	0.0002736	0.0002208	0.807	' '	0.04154	0.04155	' ' 0.0415->0.0416; '?\n' 0.0752->0.0751; '??' 0.0111->0.0111; '____' 0.00488->0.00487; '?\n' 0.00811->0.00812
layers.23.mlp.down_proj	23	mlp.down_proj	42	0.01367	0.0002634	0.000213	0.809	'?\n'	0.07516	0.07521	'?\n' 0.0752->0.0752; ' ' 0.0415->0.0415; '____' 0.00488->0.00487; ' Rule' 5.04e-05->5.45e-05; '????' 0.00654->0.00654
layers.23.mlp.down_proj	23	mlp.down_proj	257	0.08789	0.0002738	0.000225	0.822	'?\n'	0.07516	0.07503	'?\n' 0.0752->0.075; ' ' 0.0415->0.0414; '???' 0.00613->0.00611; ' -' 0.006->0.00599; '????' 0.00654->0.00653
layers.23.mlp.down_proj	23	mlp.down_proj	700	0.373	0.0002601	0.0002101	0.808	'?\n'	0.07516	0.07517	'?\n' 0.0752->0.0752; '?' 0.00996->0.00996; '____' 0.00488->0.00488; ' ' 0.0415->0.0415; '+' 0.00156->0.00156
layers.23.self_attn.o_proj	23	self_attn.o_proj	9	1	0.0002686	0.0002187	0.814	' '	0.04154	0.04158	' ' 0.0415->0.0416; '____' 0.00488->0.00487; '?\n' 0.0752->0.0752; '?' 0.00996->0.00996; ' -' 0.006->0.006
layers.23.self_attn.o_proj	23	self_attn.o_proj	318	1	0.0002717	0.0002243	0.826	'?\n'	0.07516	0.07513	'?\n' 0.0752->0.0751; '?' 0.00996->0.00994; ' ' 0.0415->0.0415; '____' 0.00488->0.00487; '??' 0.0111->0.0111
layers.23.self_attn.o_proj	23	self_attn.o_proj	323	0.1797	0.0002686	0.0002177	0.81	' '	0.04154	0.04156	' ' 0.0415->0.0416; '?' 0.00996->0.00995; '____' 0.00488->0.00487; '?\n' 0.00811->0.00812; '????' 0.00654->0.00654
layers.24.mlp.down_proj	24	mlp.down_proj	97	0.08594	0.000253	0.0002071	0.819	'?\n'	0.07516	0.07521	'?\n' 0.0752->0.0752; ' ' 0.0415->0.0415; '____' 0.00488->0.00487; '?' 0.00996->0.00995; ' (' 0.00526->0.00526
layers.24.mlp.down_proj	24	mlp.down_proj	258	1	0.0002589	0.0002111	0.815	'?\n'	0.07516	0.07509	'?\n' 0.0752->0.0751; ' ' 0.0415->0.0415; '____' 0.00488->0.00487; '?' 0.00996->0.00995; '??' 0.0111->0.0111
layers.24.mlp.down_proj	24	mlp.down_proj	272	0.6445	0.0002595	0.0002102	0.81	'____'	0.004883	0.004869	'____' 0.00488->0.00487; '?\n' 0.00811->0.00812; '?\n' 0.0752->0.0752; ' ' 0.0415->0.0415; '?' 0.00996->0.00996
layers.24.mlp.down_proj	24	mlp.down_proj	866	1	0.0002588	0.0002082	0.805	'?'	0.009965	0.009936	'?' 0.00996->0.00994; '?\n' 0.0752->0.0751; '____' 0.00488->0.00487; '??' 0.0111->0.0111; ' (' 0.00526->0.00526
layers.24.mlp.gate_proj	24	mlp.gate_proj	24	0.01562	0.0002542	0.0002063	0.812	' '	0.04154	0.0415	' ' 0.0415->0.0415; '?\n' 0.0752->0.0752; ' (' 0.00526->0.00525; '???' 0.00613->0.00614; '????' 0.00654->0.00654
layers.24.mlp.gate_proj	24	mlp.gate_proj	128	1	0.000256	0.0002107	0.823	' '	0.04154	0.04149	' ' 0.0415->0.0415; '??' 0.0111->0.0111; '?' 0.00996->0.00996; '?\n' 0.0752->0.0752; ' -' 0.006->0.00599
layers.24.mlp.gate_proj	24	mlp.gate_proj	141	1	0.0002527	0.0002071	0.82	'?\n'	0.07516	0.07514	'?\n' 0.0752->0.0751; '?' 0.00996->0.00995; '____' 0.00488->0.00487; ' -' 0.006->0.00599; '?\n' 0.00811->0.0081
layers.24.mlp.gate_proj	24	mlp.gate_proj	142	1	0.0002594	0.0002113	0.815	'?\n'	0.07516	0.07514	'?\n' 0.0752->0.0751; '??' 0.0111->0.0111; '____' 0.00488->0.00487; ' ' 0.0415->0.0415; '?' 0.00996->0.00996
layers.24.mlp.gate_proj	24	mlp.gate_proj	143	0.8516	0.0002571	0.0002096	0.815	' '	0.04154	0.04151	' ' 0.0415->0.0415; '____' 0.00488->0.00487; '?' 0.00996->0.00996; '???' 0.00613->0.00613; ' (' 0.00526->0.00526
layers.24.mlp.gate_proj	24	mlp.gate_proj	196	1	0.0002505	0.0002057	0.821	'?\n'	0.07516	0.07512	'?\n' 0.0752->0.0751; '?' 0.00996->0.00995; '____' 0.00488->0.00487; '?\n' 0.00811->0.00811; ' (' 0.00526->0.00527
layers.24.mlp.gate_proj	24	mlp.gate_proj	261	0.3867	0.0002586	0.0002119	0.819	' '	0.04154	0.04151	' ' 0.0415->0.0415; '?\n' 0.0752->0.0752; '??' 0.0111->0.0111; '____' 0.00488->0.00488; '?' 0.00996->0.00996
layers.24.mlp.gate_proj	24	mlp.gate_proj	352	1	0.0002593	0.0002104	0.812	' '	0.04154	0.04151	' ' 0.0415->0.0415; '?\n' 0.0752->0.0752; '____' 0.00488->0.00487; '?' 0.00996->0.00996; ' (' 0.00526->0.00526
layers.24.mlp.gate_proj	24	mlp.gate_proj	487	0.04102	0.000259	0.0002101	0.811	'?\n'	0.07516	0.07514	'?\n' 0.0752->0.0751; ' ' 0.0415->0.0416; '??' 0.0111->0.0111; ' -' 0.006->0.00601; '____' 0.00488->0.00488
layers.24.mlp.gate_proj	24	mlp.gate_proj	577	0.3555	0.0002557	0.0002073	0.811	' '	0.04154	0.04149	' ' 0.0415->0.0415; '??' 0.0111->0.0111; '____' 0.00488->0.00487; '?' 0.00996->0.00996; '????' 0.00654->0.00653
layers.24.mlp.gate_proj	24	mlp.gate_proj	615	1	0.0002492	0.0002042	0.819	'?\n'	0.07516	0.07511	'?\n' 0.0752->0.0751; '?' 0.00996->0.00996; '??' 0.0111->0.0111; '?\n' 0.00811->0.0081; '____' 0.00488->0.00488
layers.24.mlp.gate_proj	24	mlp.gate_proj	669	0.4258	0.0002544	0.0002086	0.82	'?\n'	0.07516	0.07521	'?\n' 0.0752->0.0752; ' ' 0.0415->0.0415; '?' 0.00996->0.00995; '____' 0.00488->0.00487; ' (' 0.00526->0.00525
layers.24.mlp.gate_proj	24	mlp.gate_proj	737	1	0.0002525	0.0002069	0.82	' '	0.04154	0.04156	' ' 0.0415->0.0416; '____' 0.00488->0.00487; '??' 0.0111->0.0111; ' (' 0.00526->0.00527; '?\n' 0.0752->0.0752
layers.24.self_attn.o_proj	24	self_attn.o_proj	10	0.1016	0.0002596	0.0002081	0.802	'?\n'	0.07516	0.0751	'?\n' 0.0752->0.0751; ' ' 0.0415->0.0416; '____' 0.00488->0.00488; '?' 0.00996->0.00996; '?\n' 0.00811->0.00812
layers.24.self_attn.o_proj	24	self_attn.o_proj	21	0.06055	0.0002547	0.0002053	0.806	'?\n'	0.07516	0.0751	'?\n' 0.0752->0.0751; ' ' 0.0415->0.0416; '?\n' 0.00811->0.0081; '?' 0.00996->0.00995; '____' 0.00488->0.00487
layers.24.self_attn.o_proj	24	self_attn.o_proj	26	0.9141	0.0002586	0.0002109	0.816	' '	0.04154	0.04156	' ' 0.0415->0.0416; '?\n' 0.0752->0.0752; '?' 0.00996->0.00996; '??' 0.0111->0.0111; '?\n' 0.00811->0.0081
layers.24.self_attn.o_proj	24	self_attn.o_proj	54	0.0957	0.0002548	0.0002072	0.813	' '	0.04154	0.04151	' ' 0.0415->0.0415; '?\n' 0.0752->0.0752; '____' 0.00488->0.00488; '??' 0.0111->0.0111; ' -' 0.006->0.00599
layers.24.self_attn.o_proj	24	self_attn.o_proj	72	0.2031	0.0002551	0.0002078	0.815	'?\n'	0.07516	0.07513	'?\n' 0.0752->0.0751; '?' 0.00996->0.00994; ' ' 0.0415->0.0415; '??' 0.0111->0.0111; '????' 0.00654->0.00654
layers.24.self_attn.o_proj	24	self_attn.o_proj	232	0.5898	0.0002576	0.0002102	0.816	'?\n'	0.07516	0.07512	'?\n' 0.0752->0.0751; ' ' 0.0415->0.0415; '?' 0.00996->0.00995; '____' 0.00488->0.00488; '?\n' 0.00811->0.00812
layers.24.self_attn.o_proj	24	self_attn.o_proj	321	0.9766	0.0002617	0.0002115	0.808	'?\n'	0.07516	0.07514	'?\n' 0.0752->0.0751; ' ' 0.0415->0.0415; ' -' 0.006->0.00599; '____' 0.00488->0.00487; '??' 0.0111->0.0111
layers.24.self_attn.o_proj	24	self_attn.o_proj	394	1	0.0002619	0.0002118	0.809	'?\n'	0.07516	0.0751	'?\n' 0.0752->0.0751; '?' 0.00996->0.00995; '____' 0.00488->0.00487; ' ' 0.0415->0.0415; ' -' 0.006->0.00599
layers.25.mlp.down_proj	25	mlp.down_proj	265	1	0.0002456	0.000199	0.81	'?\n'	0.07516	0.07519	'?\n' 0.0752->0.0752; '?' 0.00996->0.00994; ' ' 0.0415->0.0415; '____' 0.00488->0.00487; '??' 0.0111->0.0111
layers.25.mlp.down_proj	25	mlp.down_proj	332	1	0.0002467	0.0002017	0.818	' '	0.04154	0.04151	' ' 0.0415->0.0415; '?\n' 0.0752->0.0752; '____' 0.00488->0.00488; '?' 0.00996->0.00996; '??' 0.0111->0.0111
layers.25.mlp.down_proj	25	mlp.down_proj	592	1	0.000251	0.0002046	0.815	'?\n'	0.07516	0.07512	'?\n' 0.0752->0.0751; ' ' 0.0415->0.0415; '?' 0.00996->0.00994; '____' 0.00488->0.00487; ' -' 0.006->0.00599
layers.25.mlp.up_proj	25	mlp.up_proj	372	1	0.0002443	0.0002005	0.821	' '	0.04154	0.04151	' ' 0.0415->0.0415; '?' 0.00996->0.00994; '??' 0.0111->0.0111; '?\n' 0.0752->0.0752; '????' 0.00654->0.00654
layers.25.self_attn.o_proj	25	self_attn.o_proj	86	0.8906	0.0002484	0.0002059	0.829	'?\n'	0.07516	0.07511	'?\n' 0.0752->0.0751; ' ' 0.0415->0.0415; '?' 0.00996->0.00995; '____' 0.00488->0.00487; '?\n' 0.00811->0.0081
layers.25.self_attn.o_proj	25	self_attn.o_proj	220	0.01367	0.0002499	0.0002035	0.815	' '	0.04154	0.04157	' ' 0.0415->0.0416; '?\n' 0.0752->0.0751; '____' 0.00488->0.00488; '??' 0.0111->0.0111; '????' 0.00654->0.00654
layers.26.mlp.down_proj	26	mlp.down_proj	1	0.01758	0.0002382	0.0001939	0.814	' '	0.04154	0.0415	' ' 0.0415->0.0415; '?\n' 0.0752->0.0752; '?' 0.00996->0.00995; '????' 0.00654->0.00654; '???' 0.00613->0.00613
layers.26.mlp.down_proj	26	mlp.down_proj	32	0.3262	0.0002401	0.0001951	0.813	' '	0.04154	0.0415	' ' 0.0415->0.0415; '?\n' 0.0752->0.0752; '???' 0.00613->0.00614; '????' 0.00654->0.00654; '?\n' 0.00811->0.00812
layers.26.mlp.down_proj	26	mlp.down_proj	50	1	0.0002379	0.0001957	0.822	' '	0.04154	0.04156	' ' 0.0415->0.0416; '?\n' 0.0752->0.0751; '?' 0.00996->0.00995; '??' 0.0111->0.0111; '____' 0.00488->0.00488
layers.26.mlp.down_proj	26	mlp.down_proj	69	0.8047	0.000239	0.0001936	0.81	' '	0.04154	0.04152	' ' 0.0415->0.0415; '?\n' 0.0752->0.0751; '?\n' 0.00811->0.0081; '____' 0.00488->0.00488; '?' 0.00996->0.00996
layers.26.mlp.down_proj	26	mlp.down_proj	99	1	0.0002472	0.0001993	0.806	'?\n'	0.07516	0.0751	'?\n' 0.0752->0.0751; '?' 0.00996->0.00994; '____' 0.00488->0.00488; ' -' 0.006->0.00599; '?\n' 0.00811->0.00811
layers.26.mlp.down_proj	26	mlp.down_proj	156	1	0.0002404	0.0001975	0.822	' '	0.04154	0.04151	' ' 0.0415->0.0415; '?\n' 0.0752->0.0752; '?' 0.00996->0.00995; '??' 0.0111->0.0112; '____' 0.00488->0.00488
layers.26.mlp.down_proj	26	mlp.down_proj	203	1	0.0002409	0.0001961	0.814	' '	0.04154	0.0415	' ' 0.0415->0.0415; '?\n' 0.0752->0.0751; '?' 0.00996->0.00995; '??' 0.0111->0.0111; ' (' 0.00526->0.00526
layers.26.mlp.down_proj	26	mlp.down_proj	243	1	0.0002402	0.0001997	0.831	'?\n'	0.07516	0.07521	'?\n' 0.0752->0.0752; ' ' 0.0415->0.0415; '??' 0.0111->0.0111; ' -' 0.006->0.00599; '____' 0.00488->0.00487
layers.26.mlp.down_proj	26	mlp.down_proj	251	1	0.0002386	0.000196	0.821	'?\n'	0.07516	0.07519	'?\n' 0.0752->0.0752; ' ' 0.0415->0.0415; '?' 0.00996->0.00995; '??' 0.0111->0.0111; '____' 0.00488->0.00487
layers.26.mlp.down_proj	26	mlp.down_proj	318	0.3711	0.0002416	0.0001963	0.812	'?\n'	0.07516	0.07507	'?\n' 0.0752->0.0751; '?' 0.00996->0.00995; '???' 0.00613->0.00614; '????' 0.00654->0.00654; '____' 0.00488->0.00488
layers.26.mlp.down_proj	26	mlp.down_proj	344	1	0.0002365	0.0001952	0.826	'?\n'	0.07516	0.07514	'?\n' 0.0752->0.0751; '?' 0.00996->0.00996; ' ' 0.0415->0.0415; '????' 0.00654->0.00654; '?\n' 0.00811->0.00811
layers.26.mlp.down_proj	26	mlp.down_proj	362	0.6484	0.0002386	0.0001968	0.825	'?\n'	0.07516	0.0752	'?\n' 0.0752->0.0752; ' ' 0.0415->0.0415; '?' 0.00996->0.00996; '?\n' 0.00811->0.00812; '????' 0.00654->0.00654
layers.26.mlp.down_proj	26	mlp.down_proj	391	0.06445	0.0002352	0.0001922	0.817	'?\n'	0.07516	0.07513	'?\n' 0.0752->0.0751; '?' 0.00996->0.00994; ' ' 0.0415->0.0415; ' (' 0.00526->0.00525; '____' 0.00488->0.00488
layers.26.mlp.down_proj	26	mlp.down_proj	425	1	0.0002366	0.0001955	0.826	'?\n'	0.07516	0.0751	'?\n' 0.0752->0.0751; ' ' 0.0415->0.0415; '?' 0.00996->0.00995; '____' 0.00488->0.00488; '????' 0.00654->0.00654
layers.26.mlp.down_proj	26	mlp.down_proj	432	1	0.0002435	0.0002008	0.825	' '	0.04154	0.04148	' ' 0.0415->0.0415; '?\n' 0.0752->0.0752; '?' 0.00996->0.00995; '????' 0.00654->0.00655; ' -' 0.006->0.00599
layers.26.mlp.down_proj	26	mlp.down_proj	574	1	0.0002373	0.0001955	0.824	' '	0.04154	0.04148	' ' 0.0415->0.0415; '?' 0.00996->0.00996; '____' 0.00488->0.00488; '???' 0.00613->0.00613; '????' 0.00654->0.00654
layers.26.mlp.down_proj	26	mlp.down_proj	991	1	0.0002399	0.000196	0.817	' '	0.04154	0.04149	' ' 0.0415->0.0415; '?' 0.00996->0.00995; '____' 0.00488->0.00488; ' (' 0.00526->0.00526; '??' 0.0111->0.0111
layers.26.mlp.gate_proj	26	mlp.gate_proj	262	0.1328	0.0002369	0.0001948	0.822	'?\n'	0.07516	0.07514	'?\n' 0.0752->0.0751; '____' 0.00488->0.00488; '???' 0.00613->0.00613; ' -' 0.006->0.006; '????' 0.00654->0.00654
layers.26.mlp.gate_proj	26	mlp.gate_proj	454	0.5547	0.0002467	0.0002039	0.827	'?\n'	0.07516	0.07513	'?\n' 0.0752->0.0751; ' ' 0.0415->0.0415; '?' 0.00996->0.00995; ' (' 0.00526->0.00526; '??' 0.0111->0.0111
layers.26.mlp.gate_proj	26	mlp.gate_proj	714	1	0.0002369	0.0001944	0.82	'____'	0.004883	0.004873	'____' 0.00488->0.00487; '?\n' 0.0752->0.0752; '???' 0.00613->0.00613; ' ' 0.0415->0.0415; ' (' 0.00526->0.00527
layers.26.mlp.up_proj	26	mlp.up_proj	76	0.8672	0.0002386	0.0001953	0.818	'?\n'	0.07516	0.07512	'?\n' 0.0752->0.0751; ' ' 0.0415->0.0415; '?' 0.00996->0.00996; '____' 0.00488->0.00488; '??' 0.0111->0.0111
layers.26.mlp.up_proj	26	mlp.up_proj	235	0.4648	0.0002406	0.0001958	0.814	'?\n'	0.07516	0.07523	'?\n' 0.0752->0.0752; ' ' 0.0415->0.0415; '?' 0.00996->0.00995; ' -' 0.006->0.00599; '____' 0.00488->0.00488
layers.26.mlp.up_proj	26	mlp.up_proj	810	1	0.0002441	0.0001992	0.816	'?\n'	0.07516	0.07512	'?\n' 0.0752->0.0751; ' ' 0.0415->0.0415; '?' 0.00996->0.00995; '??' 0.0111->0.0111; '____' 0.00488->0.00488
layers.27.mlp.down_proj	27	mlp.down_proj	34	1	0.0002312	0.0001915	0.829	' '	0.04154	0.04151	' ' 0.0415->0.0415; '?' 0.00996->0.00994; ' -' 0.006->0.00599; ' (' 0.00526->0.00526; '??' 0.0111->0.0111
layers.27.mlp.down_proj	27	mlp.down_proj	40	1	0.0002322	0.0001882	0.811	'?\n'	0.07516	0.07511	'?\n' 0.0752->0.0751; ' ' 0.0415->0.0416; '?' 0.00996->0.00995; '??' 0.0111->0.0111; ' (' 0.00526->0.00526
layers.27.mlp.down_proj	27	mlp.down_proj	53	0.8672	0.0002361	0.0001924	0.815	' '	0.04154	0.0415	' ' 0.0415->0.0415; '?' 0.00996->0.00995; '____' 0.00488->0.00487; '?\n' 0.00811->0.0081; '?\n' 0.0752->0.0752
layers.27.mlp.down_proj	27	mlp.down_proj	70	1	0.0002234	0.0001833	0.821	'?\n'	0.07516	0.07511	'?\n' 0.0752->0.0751; ' ' 0.0415->0.0415; ' -' 0.006->0.00599; '???' 0.00613->0.00614; '?' 0.00996->0.00996
layers.27.mlp.down_proj	27	mlp.down_proj	83	0.9492	0.0002353	0.0001925	0.818	' '	0.04154	0.0415	' ' 0.0415->0.0415; '?' 0.00996->0.00995; '?\n' 0.0752->0.0752; ' (' 0.00526->0.00526; '??' 0.0111->0.0111
layers.27.mlp.down_proj	27	mlp.down_proj	96	0.06055	0.0002308	0.0001896	0.821	'?\n'	0.07516	0.07513	'?\n' 0.0752->0.0751; ' ' 0.0415->0.0415; '____' 0.00488->0.00487; '??' 0.0111->0.0111; '?' 0.00996->0.00996
layers.27.mlp.down_proj	27	mlp.down_proj	108	0.1953	0.0002291	0.0001882	0.822	'?\n'	0.07516	0.07513	'?\n' 0.0752->0.0751; '?' 0.00996->0.00995; ' ' 0.0415->0.0415; '????' 0.00654->0.00654; ' (' 0.00526->0.00526
layers.27.mlp.down_proj	27	mlp.down_proj	111	1	0.0002306	0.0001878	0.814	'???'	0.006127	0.006138	'???' 0.00613->0.00614; '?\n' 0.0752->0.0752; '____' 0.00488->0.00487; '??' 0.0111->0.0111; '?' 0.00996->0.00996
layers.27.mlp.down_proj	27	mlp.down_proj	120	0.9219	0.0002313	0.0001873	0.81	'?\n'	0.07516	0.07503	'?\n' 0.0752->0.075; '?' 0.00996->0.00995; ' ' 0.0415->0.0415; '____' 0.00488->0.00488; '?\n' 0.00811->0.00811
layers.27.mlp.down_proj	27	mlp.down_proj	131	0.7695	0.0002284	0.0001895	0.829	'?\n'	0.07516	0.07508	'?\n' 0.0752->0.0751; ' ' 0.0415->0.0416; '?' 0.00996->0.00995; ' -' 0.006->0.00601; '?\n' 0.00811->0.0081
layers.27.mlp.down_proj	27	mlp.down_proj	174	0.05273	0.0002281	0.0001863	0.817	' '	0.04154	0.0415	' ' 0.0415->0.0415; '?' 0.00996->0.00995; '??' 0.0111->0.0111; '????' 0.00654->0.00654; '____' 0.00488->0.00488
layers.27.mlp.down_proj	27	mlp.down_proj	177	1	0.0002343	0.000195	0.832	'?\n'	0.07516	0.0752	'?\n' 0.0752->0.0752; ' ' 0.0415->0.0416; '??' 0.0111->0.0111; '?\n' 0.00811->0.00812; '____' 0.00488->0.00488
layers.27.mlp.down_proj	27	mlp.down_proj	199	0.9219	0.0002367	0.0001937	0.818	' '	0.04154	0.04156	' ' 0.0415->0.0416; '?' 0.00996->0.00994; '?\n' 0.0752->0.0752; ' -' 0.006->0.00599; '??' 0.0111->0.0111
layers.27.mlp.down_proj	27	mlp.down_proj	212	0.9961	0.0002276	0.0001875	0.824	'?\n'	0.07516	0.07514	'?\n' 0.0752->0.0751; '?' 0.00996->0.00995; '??' 0.0111->0.0111; '???' 0.00613->0.00614; '?\n' 0.00811->0.00812
layers.27.mlp.down_proj	27	mlp.down_proj	273	1	0.0002295	0.0001872	0.815	' '	0.04154	0.04148	' ' 0.0415->0.0415; '?\n' 0.0752->0.0751; '?' 0.00996->0.00995; '??' 0.0111->0.0111; '____' 0.00488->0.00487
layers.27.mlp.down_proj	27	mlp.down_proj	306	1	0.0002278	0.0001876	0.824	'?\n'	0.07516	0.07513	'?\n' 0.0752->0.0751; ' ' 0.0415->0.0416; '?' 0.00996->0.00995; '??' 0.0111->0.0111; ' -' 0.006->0.00599
layers.27.mlp.down_proj	27	mlp.down_proj	414	0.3125	0.0002237	0.0001848	0.826	' '	0.04154	0.04148	' ' 0.0415->0.0415; '??' 0.0111->0.0111; '____' 0.00488->0.00487; '?' 0.00996->0.00996; ' (' 0.00526->0.00526
layers.27.mlp.down_proj	27	mlp.down_proj	425	1	0.0002328	0.0001923	0.826	'?\n'	0.07516	0.07511	'?\n' 0.0752->0.0751; ' ' 0.0415->0.0415; '?' 0.00996->0.00996; '??' 0.0111->0.0111; '____' 0.00488->0.00488
layers.27.mlp.down_proj	27	mlp.down_proj	436	0.02344	0.0002269	0.0001873	0.825	'?\n'	0.07516	0.07518	'?\n' 0.0752->0.0752; '?' 0.00996->0.00995; ' (' 0.00526->0.00526; '____' 0.00488->0.00488; ' -' 0.006->0.00599
layers.27.mlp.down_proj	27	mlp.down_proj	725	0.125	0.0002305	0.0001888	0.819	'?\n'	0.07516	0.07512	'?\n' 0.0752->0.0751; '?' 0.00996->0.00995; '____' 0.00488->0.00487; '????' 0.00654->0.00654; ' ' 0.0415->0.0415
layers.27.mlp.down_proj	27	mlp.down_proj	1012	0.0625	0.0002273	0.0001865	0.821	' '	0.04154	0.04149	' ' 0.0415->0.0415; '??' 0.0111->0.0111; '???' 0.00613->0.00613; ' (' 0.00526->0.00526; '?\n' 0.0752->0.0752
layers.27.mlp.gate_proj	27	mlp.gate_proj	213	1	0.0002353	0.0001917	0.815	'?\n'	0.07516	0.0751	'?\n' 0.0752->0.0751; ' ' 0.0415->0.0416; '?' 0.00996->0.00996; '____' 0.00488->0.00488; '?\n' 0.00811->0.0081
layers.27.mlp.gate_proj	27	mlp.gate_proj	336	0.1133	0.0002309	0.0001882	0.815	' '	0.04154	0.04151	' ' 0.0415->0.0415; '?\n' 0.0752->0.0751; '?' 0.00996->0.00995; '____' 0.00488->0.00487; '???' 0.00613->0.00614
layers.27.mlp.gate_proj	27	mlp.gate_proj	484	0.8672	0.0002331	0.0001917	0.823	'?\n'	0.07516	0.07521	'?\n' 0.0752->0.0752; ' ' 0.0415->0.0415; '??' 0.0111->0.0111; '?' 0.00996->0.00996; '???' 0.00613->0.00613
layers.27.mlp.gate_proj	27	mlp.gate_proj	516	1	0.0002296	0.0001887	0.822	' '	0.04154	0.04151	' ' 0.0415->0.0415; '____' 0.00488->0.00487; '?' 0.00996->0.00996; ' -' 0.006->0.00599; '?\n' 0.0752->0.0752
layers.27.mlp.up_proj	27	mlp.up_proj	5	0.01172	0.0002315	0.0001902	0.821	'?\n'	0.07516	0.0751	'?\n' 0.0752->0.0751; '?' 0.00996->0.00996; '???' 0.00613->0.00613; '??' 0.0111->0.0111; ' ' 0.0415->0.0415
layers.27.mlp.up_proj	27	mlp.up_proj	226	1	0.000228	0.0001886	0.827	'?\n'	0.07516	0.07512	'?\n' 0.0752->0.0751; ' ' 0.0415->0.0415; '____' 0.00488->0.00488; ' -' 0.006->0.00599; '???' 0.00613->0.00613
layers.27.mlp.up_proj	27	mlp.up_proj	278	0.01758	0.0002359	0.000193	0.818	' '	0.04154	0.04152	' ' 0.0415->0.0415; '?' 0.00996->0.00995; '??' 0.0111->0.0111; '____' 0.00488->0.00488; ' -' 0.006->0.00599
layers.27.mlp.up_proj	27	mlp.up_proj	530	0.07227	0.0002294	0.0001865	0.813	' '	0.04154	0.0415	' ' 0.0415->0.0415; '?\n' 0.0752->0.0751; '?' 0.00996->0.00995; '____' 0.00488->0.00487; '??' 0.0111->0.0111
layers.28.mlp.down_proj	28	mlp.down_proj	42	0.1113	0.0002093	0.0001735	0.829	' '	0.04154	0.04149	' ' 0.0415->0.0415; '?' 0.00996->0.00995; ' -' 0.006->0.00599; ' (' 0.00526->0.00526; '??' 0.0111->0.0111
layers.28.mlp.down_proj	28	mlp.down_proj	139	0.06055	0.0002187	0.0001803	0.825	'?\n'	0.07516	0.07511	'?\n' 0.0752->0.0751; ' ' 0.0415->0.0416; '??' 0.0111->0.0111; '?' 0.00996->0.00996; '?\n' 0.00811->0.00811
layers.28.mlp.down_proj	28	mlp.down_proj	149	0.3711	0.0002149	0.0001783	0.829	' '	0.04154	0.04149	' ' 0.0415->0.0415; '?' 0.00996->0.00995; ' -' 0.006->0.00599; '?\n' 0.00811->0.0081; '?\n' 0.0752->0.0752
layers.28.mlp.down_proj	28	mlp.down_proj	151	1	0.0002198	0.0001824	0.83	'?\n'	0.07516	0.07511	'?\n' 0.0752->0.0751; ' ' 0.0415->0.0415; '?' 0.00996->0.00995; '____' 0.00488->0.00488; '??' 0.0111->0.0111
layers.28.mlp.down_proj	28	mlp.down_proj	164	0.08008	0.0002182	0.0001801	0.825	'?\n'	0.07516	0.07507	'?\n' 0.0752->0.0751; ' ' 0.0415->0.0416; '?' 0.00996->0.00995; '____' 0.00488->0.00488; ' -' 0.006->0.00599
layers.28.mlp.down_proj	28	mlp.down_proj	229	0.08789	0.0002158	0.0001776	0.823	'?\n'	0.07516	0.07512	'?\n' 0.0752->0.0751; '?' 0.00996->0.00995; '____' 0.00488->0.00487; ' ' 0.0415->0.0415; '??' 0.0111->0.0111
layers.28.mlp.down_proj	28	mlp.down_proj	242	0.07812	0.00022	0.0001801	0.819	'?\n'	0.07516	0.07511	'?\n' 0.0752->0.0751; ' ' 0.0415->0.0415; '????' 0.00654->0.00654; '???' 0.00613->0.00613; ' -' 0.006->0.00599
layers.28.mlp.down_proj	28	mlp.down_proj	358	0.9688	0.000213	0.0001758	0.826	'?'	0.009965	0.009949	'?' 0.00996->0.00995; '?\n' 0.0752->0.0752; '?\n' 0.00811->0.00812; ' (' 0.00526->0.00526; '____' 0.00488->0.00488
layers.28.mlp.down_proj	28	mlp.down_proj	401	0.5195	0.0002182	0.0001791	0.821	' '	0.04154	0.04154	' ' 0.0415->0.0415; '____' 0.00488->0.00487; ' -' 0.006->0.00599; '?' 0.00996->0.00996; '?\n' 0.0752->0.0752
layers.28.mlp.down_proj	28	mlp.down_proj	412	0.2852	0.0002156	0.0001802	0.836	'?\n'	0.07516	0.07513	'?\n' 0.0752->0.0751; ' -' 0.006->0.00599; '?' 0.00996->0.00996; ' (' 0.00526->0.00526; '____' 0.00488->0.00488
layers.28.mlp.down_proj	28	mlp.down_proj	431	1	0.0002158	0.0001772	0.821	'??'	0.01114	0.01113	'??' 0.0111->0.0111; ' -' 0.006->0.00599; '?' 0.00996->0.00995; ' ' 0.0415->0.0415; ' (' 0.00526->0.00526
layers.28.mlp.down_proj	28	mlp.down_proj	468	0.4785	0.0002178	0.0001777	0.816	' '	0.04154	0.04151	' ' 0.0415->0.0415; '?' 0.00996->0.00995; '____' 0.00488->0.00487; '??' 0.0111->0.0111; ' -' 0.006->0.006
layers.28.mlp.down_proj	28	mlp.down_proj	635	0.01367	0.000221	0.0001847	0.836	'?\n'	0.07516	0.07513	'?\n' 0.0752->0.0751; ' -' 0.006->0.00599; ' ' 0.0415->0.0415; '?' 0.00996->0.00996; '???' 0.00613->0.00613
layers.28.mlp.down_proj	28	mlp.down_proj	671	0.08984	0.0002126	0.0001745	0.821	' '	0.04154	0.04149	' ' 0.0415->0.0415; '??' 0.0111->0.0112; ' -' 0.006->0.00599; ' (' 0.00526->0.00526; '???' 0.00613->0.00613
layers.28.mlp.down_proj	28	mlp.down_proj	735	0.01367	0.0002116	0.0001752	0.828	'?'	0.009965	0.009947	'?' 0.00996->0.00995; '??' 0.0111->0.0111; '?\n' 0.0752->0.0752; ' -' 0.006->0.00599; ' ' 0.0415->0.0415
layers.28.mlp.down_proj	28	mlp.down_proj	758	1	0.000221	0.0001798	0.814	'?\n'	0.07516	0.07525	'?\n' 0.0752->0.0752; ' ' 0.0415->0.0415; '?' 0.00996->0.00995; '??' 0.0111->0.0111; '____' 0.00488->0.00488
layers.28.mlp.down_proj	28	mlp.down_proj	786	1	0.0002209	0.0001829	0.828	'?\n'	0.07516	0.07508	'?\n' 0.0752->0.0751; ' ' 0.0415->0.0416; '?' 0.00996->0.00995; '____' 0.00488->0.00488; ' -' 0.006->0.00599
layers.28.mlp.down_proj	28	mlp.down_proj	869	0.03906	0.0002142	0.0001758	0.821	'?\n'	0.07516	0.07508	'?\n' 0.0752->0.0751; '?' 0.00996->0.00995; ' ' 0.0415->0.0415; '____' 0.00488->0.00487; '??' 0.0111->0.0111
layers.28.mlp.down_proj	28	mlp.down_proj	934	0.02539	0.0002192	0.0001817	0.829	'?\n'	0.07516	0.07509	'?\n' 0.0752->0.0751; '?' 0.00996->0.00996; '??' 0.0111->0.0111; ' -' 0.006->0.00599; '+' 0.00156->0.00156
layers.28.mlp.gate_proj	28	mlp.gate_proj	92	0.4141	0.0002162	0.0001783	0.825	' '	0.04154	0.04156	' ' 0.0415->0.0416; '?' 0.00996->0.00995; '??' 0.0111->0.0111; '____' 0.00488->0.00488; '?\n' 0.0752->0.0752
layers.28.mlp.gate_proj	28	mlp.gate_proj	149	0.05078	0.000216	0.0001774	0.821	' '	0.04154	0.04155	' ' 0.0415->0.0416; '____' 0.00488->0.00487; '?' 0.00996->0.00996; '?\n' 0.00811->0.00811; '??' 0.0111->0.0111
layers.28.mlp.gate_proj	28	mlp.gate_proj	329	0.6445	0.0002128	0.0001738	0.817	'?\n'	0.07516	0.07511	'?\n' 0.0752->0.0751; ' ' 0.0415->0.0415; '??' 0.0111->0.0111; '____' 0.00488->0.00488; ' -' 0.006->0.006
layers.28.mlp.gate_proj	28	mlp.gate_proj	529	0.2793	0.0002178	0.0001802	0.827	' '	0.04154	0.04158	' ' 0.0415->0.0416; '?\n' 0.0752->0.0751; ' -' 0.006->0.00599; '???' 0.00613->0.00613; '??' 0.0111->0.0111
layers.28.mlp.gate_proj	28	mlp.gate_proj	601	0.03125	0.0002236	0.0001854	0.829	'?\n'	0.07516	0.07512	'?\n' 0.0752->0.0751; ' ' 0.0415->0.0415; '?' 0.00996->0.00995; '____' 0.00488->0.00488; '????' 0.00654->0.00654
layers.28.mlp.gate_proj	28	mlp.gate_proj	839	1	0.0002186	0.0001797	0.822	'?\n'	0.07516	0.07514	'?\n' 0.0752->0.0751; ' ' 0.0415->0.0416; '?' 0.00996->0.00995; '??' 0.0111->0.0111; '____' 0.00488->0.00488
layers.28.mlp.up_proj	28	mlp.up_proj	14	0.125	0.0002272	0.0001867	0.822	'??'	0.01114	0.01113	'??' 0.0111->0.0111; '____' 0.00488->0.00487; '?\n' 0.0752->0.0751; '????' 0.00654->0.00653; ' (' 0.00526->0.00526
layers.28.mlp.up_proj	28	mlp.up_proj	73	0.2402	0.0002176	0.000181	0.832	'?'	0.009965	0.009951	'?' 0.00996->0.00995; '?\n' 0.00811->0.00812; '____' 0.00488->0.00488; ' -' 0.006->0.00599; '?\n' 0.0752->0.0752
layers.28.mlp.up_proj	28	mlp.up_proj	247	0.7656	0.0002143	0.0001757	0.82	' '	0.04154	0.04147	' ' 0.0415->0.0415; '?' 0.00996->0.00995; '?\n' 0.0752->0.0752; '???' 0.00613->0.00613; '____' 0.00488->0.00488
layers.28.self_attn.o_proj	28	self_attn.o_proj	25	1	0.0002185	0.0001788	0.818	'?\n'	0.07516	0.07515	'?\n' 0.0752->0.0751; '?' 0.00996->0.00995; '____' 0.00488->0.00487; '??' 0.0111->0.0111; ' -' 0.006->0.00599
layers.28.self_attn.o_proj	28	self_attn.o_proj	27	0.0332	0.0002236	0.0001841	0.823	' '	0.04154	0.0415	' ' 0.0415->0.0415; '?\n' 0.0752->0.0751; '?' 0.00996->0.00995; '____' 0.00488->0.00488; '??' 0.0111->0.0111
layers.28.self_attn.o_proj	28	self_attn.o_proj	38	0.03516	0.0002208	0.0001811	0.82	'?\n'	0.07516	0.07512	'?\n' 0.0752->0.0751; '?' 0.00996->0.00995; ' ' 0.0415->0.0415; '____' 0.00488->0.00488; '??' 0.0111->0.0111
layers.28.self_attn.o_proj	28	self_attn.o_proj	150	0.3594	0.0002181	0.0001789	0.82	' '	0.04154	0.04157	' ' 0.0415->0.0416; '?\n' 0.0752->0.0752; '?' 0.00996->0.00995; ' -' 0.006->0.00599; '?\n' 0.00811->0.0081
layers.28.self_attn.o_proj	28	self_attn.o_proj	170	0.07031	0.0002208	0.0001832	0.83	'?\n'	0.07516	0.07514	'?\n' 0.0752->0.0751; '?' 0.00996->0.00994; '??' 0.0111->0.0111; ' ' 0.0415->0.0415; '???' 0.00613->0.00613
layers.28.self_attn.o_proj	28	self_attn.o_proj	458	0.08203	0.0002208	0.0001822	0.825	'?\n'	0.07516	0.07511	'?\n' 0.0752->0.0751; '???' 0.00613->0.00614; ' ' 0.0415->0.0415; '?\n' 0.00811->0.00812; '????' 0.00654->0.00654
layers.28.self_attn.q_proj	28	self_attn.q_proj	109	0.123	0.0002261	0.0001869	0.826	'?\n'	0.07516	0.07506	'?\n' 0.0752->0.0751; '?\n' 0.00811->0.0081; '____' 0.00488->0.00488; '???' 0.00613->0.00613; ' -' 0.006->0.00601
layers.28.self_attn.v_proj	28	self_attn.v_proj	42	0.07422	0.0002229	0.0001828	0.82	'?\n'	0.07516	0.07509	'?\n' 0.0752->0.0751; ' ' 0.0415->0.0415; '????' 0.00654->0.00654; '???' 0.00613->0.00614; ' (' 0.00526->0.00526
layers.28.self_attn.v_proj	28	self_attn.v_proj	236	0.02148	0.000225	0.0001836	0.816	' '	0.04154	0.04147	' ' 0.0415->0.0415; '?\n' 0.0752->0.0751; '?' 0.00996->0.00995; '??' 0.0111->0.0111; ' -' 0.006->0.00599
layers.29.mlp.down_proj	29	mlp.down_proj	29	0.3809	0.0001965	0.000163	0.829	' '	0.04154	0.04155	' ' 0.0415->0.0416; '?' 0.00996->0.00995; '?\n' 0.0752->0.0752; '??' 0.0111->0.0111; '____' 0.00488->0.00488
layers.29.mlp.down_proj	29	mlp.down_proj	57	1	0.0001951	0.0001618	0.829	' '	0.04154	0.04151	' ' 0.0415->0.0415; '?\n' 0.0752->0.0752; '____' 0.00488->0.00487; '?' 0.00996->0.00995; '????' 0.00654->0.00654
layers.29.mlp.down_proj	29	mlp.down_proj	83	0.332	0.0001973	0.0001636	0.829	'?\n'	0.07516	0.07509	'?\n' 0.0752->0.0751; '?' 0.00996->0.00995; ' ' 0.0415->0.0415; '____' 0.00488->0.00488; ' -' 0.006->0.006
layers.29.mlp.down_proj	29	mlp.down_proj	95	1	0.0002059	0.0001723	0.837	' '	0.04154	0.04153	' ' 0.0415->0.0415; '?\n' 0.0752->0.0752; '?' 0.00996->0.00996; '???' 0.00613->0.00613; '??' 0.0111->0.0111
layers.29.mlp.down_proj	29	mlp.down_proj	125	0.04883	0.0001953	0.000164	0.84	' '	0.04154	0.04148	' ' 0.0415->0.0415; '?' 0.00996->0.00996; '?\n' 0.00811->0.0081; ' -' 0.006->0.006; '?\n' 0.0752->0.0752
layers.29.mlp.down_proj	29	mlp.down_proj	152	0.6602	0.0002008	0.0001654	0.824	'?'	0.009965	0.009945	'?' 0.00996->0.00995; '?\n' 0.0752->0.0752; '??' 0.0111->0.0111; ' -' 0.006->0.00599; '???' 0.00613->0.00613
layers.29.mlp.down_proj	29	mlp.down_proj	169	0.02539	0.0001983	0.0001652	0.833	' '	0.04154	0.04152	' ' 0.0415->0.0415; '?\n' 0.0752->0.0751; ' -' 0.006->0.00599; '??' 0.0111->0.0111; '?' 0.00996->0.00996
layers.29.mlp.down_proj	29	mlp.down_proj	180	0.1602	0.0001967	0.0001619	0.823	'?\n'	0.07516	0.07522	'?\n' 0.0752->0.0752; ' ' 0.0415->0.0415; '?' 0.00996->0.00996; '????' 0.00654->0.00653; '____' 0.00488->0.00488
layers.29.mlp.down_proj	29	mlp.down_proj	294	0.0957	0.0001983	0.0001653	0.834	'?'	0.009965	0.009954	'?' 0.00996->0.00995; '____' 0.00488->0.00487; '??' 0.0111->0.0111; '???' 0.00613->0.00613; '?\n' 0.00811->0.00811
layers.29.mlp.down_proj	29	mlp.down_proj	301	0.03516	0.000193	0.0001619	0.839	'?\n'	0.07516	0.0752	'?\n' 0.0752->0.0752; '?' 0.00996->0.00995; '??' 0.0111->0.0111; '____' 0.00488->0.00488; ' ' 0.0415->0.0415
layers.29.mlp.down_proj	29	mlp.down_proj	314	0.01562	0.0001948	0.000163	0.837	'??'	0.01114	0.01113	'??' 0.0111->0.0111; '?' 0.00996->0.00995; ' ' 0.0415->0.0415; '____' 0.00488->0.00488; '????' 0.00654->0.00653
layers.29.mlp.down_proj	29	mlp.down_proj	340	0.01172	0.0001981	0.0001678	0.847	' '	0.04154	0.04151	' ' 0.0415->0.0415; '?' 0.00996->0.00995; ' -' 0.006->0.00599; ' (' 0.00526->0.00527; '????' 0.00654->0.00654
layers.29.mlp.down_proj	29	mlp.down_proj	369	0.09766	0.0001973	0.000163	0.826	'?\n'	0.07516	0.0752	'?\n' 0.0752->0.0752; '?' 0.00996->0.00995; ' ' 0.0415->0.0415; '??' 0.0111->0.0111; '?\n' 0.00811->0.0081
layers.29.mlp.down_proj	29	mlp.down_proj	422	0.05469	0.0001954	0.0001612	0.825	'?'	0.009965	0.009943	'?' 0.00996->0.00994; '?\n' 0.0752->0.0752; '____' 0.00488->0.00488; ' -' 0.006->0.00599; ' (' 0.00526->0.00526
layers.29.mlp.down_proj	29	mlp.down_proj	482	0.5859	0.0002025	0.0001674	0.826	'??'	0.01114	0.01113	'??' 0.0111->0.0111; '?' 0.00996->0.00995; ' ' 0.0415->0.0415; '____' 0.00488->0.00488; '?\n' 0.00811->0.00812
layers.29.mlp.down_proj	29	mlp.down_proj	516	0.3008	0.0001916	0.0001599	0.834	'?'	0.009965	0.009944	'?' 0.00996->0.00994; '?\n' 0.0752->0.0751; ' -' 0.006->0.00599; '??' 0.0111->0.0111; '+' 0.00156->0.00156
layers.29.mlp.down_proj	29	mlp.down_proj	564	0.9297	0.0001941	0.0001621	0.835	' '	0.04154	0.04147	' ' 0.0415->0.0415; '?\n' 0.0752->0.0752; '?' 0.00996->0.00995; '??' 0.0111->0.0111; '____' 0.00488->0.00487
layers.29.mlp.down_proj	29	mlp.down_proj	606	0.03906	0.0001986	0.0001634	0.823	'?\n'	0.07516	0.0751	'?\n' 0.0752->0.0751; ' ' 0.0415->0.0415; '?' 0.00996->0.00995; '??' 0.0111->0.0111; '???' 0.00613->0.00613
layers.29.mlp.down_proj	29	mlp.down_proj	643	0.0332	0.0002053	0.0001719	0.837	'?\n'	0.07516	0.07514	'?\n' 0.0752->0.0751; '??' 0.0111->0.0111; '?' 0.00996->0.00996; '?\n' 0.00811->0.00812; '________' 0.0018->0.0018
layers.29.mlp.down_proj	29	mlp.down_proj	645	0.06641	0.000195	0.0001633	0.837	'?\n'	0.07516	0.07513	'?\n' 0.0752->0.0751; '?' 0.00996->0.00995; '??' 0.0111->0.0111; ' ' 0.0415->0.0415; ' -' 0.006->0.006
layers.29.mlp.down_proj	29	mlp.down_proj	813	0.4473	0.000195	0.0001639	0.84	' '	0.04154	0.04152	' ' 0.0415->0.0415; '?\n' 0.0752->0.0751; '?' 0.00996->0.00995; '??' 0.0111->0.0111; '____' 0.00488->0.00488
layers.29.mlp.down_proj	29	mlp.down_proj	817	0.1816	0.0001993	0.0001664	0.835	'?\n'	0.07516	0.07519	'?\n' 0.0752->0.0752; '?' 0.00996->0.00995; '??' 0.0111->0.0111; '____' 0.00488->0.00488; ' (' 0.00526->0.00526
layers.29.mlp.down_proj	29	mlp.down_proj	847	0.0293	0.0002014	0.000166	0.824	'??'	0.01114	0.01113	'??' 0.0111->0.0111; '?' 0.00996->0.00995; '?\n' 0.0752->0.0752; '???' 0.00613->0.00613; '____' 0.00488->0.00488
layers.29.mlp.down_proj	29	mlp.down_proj	891	0.1738	0.0001936	0.0001618	0.836	'?\n'	0.07516	0.07521	'?\n' 0.0752->0.0752; ' ' 0.0415->0.0415; '?\n' 0.00811->0.00812; ' -' 0.006->0.00599; '???' 0.00613->0.00613
layers.29.mlp.down_proj	29	mlp.down_proj	936	0.01758	0.0002018	0.0001689	0.837	'?\n'	0.07516	0.07514	'?\n' 0.0752->0.0751; '?' 0.00996->0.00995; '??' 0.0111->0.0111; ' ' 0.0415->0.0415; '____' 0.00488->0.00488
layers.29.mlp.down_proj	29	mlp.down_proj	937	0.01562	0.000198	0.0001665	0.841	'?\n'	0.07516	0.07518	'?\n' 0.0752->0.0752; ' -' 0.006->0.00599; ' ' 0.0415->0.0415; '??' 0.0111->0.0111; '____' 0.00488->0.00488
layers.29.mlp.down_proj	29	mlp.down_proj	970	0.2266	0.0001942	0.0001609	0.829	'?'	0.009965	0.009935	'?' 0.00996->0.00993; ' ' 0.0415->0.0415; '?\n' 0.0752->0.0752; '____' 0.00488->0.00488; ' (' 0.00526->0.00526
layers.29.mlp.down_proj	29	mlp.down_proj	978	0.01172	0.000193	0.0001629	0.844	'?'	0.009965	0.009951	'?' 0.00996->0.00995; '?\n' 0.0752->0.0752; '??' 0.0111->0.0111; '????' 0.00654->0.00654; ' (' 0.00526->0.00526
layers.29.mlp.down_proj	29	mlp.down_proj	1001	0.1426	0.0001909	0.0001598	0.837	'?'	0.009965	0.009946	'?' 0.00996->0.00995; '??' 0.0111->0.0111; '____' 0.00488->0.00488; '?\n' 0.0752->0.0752; ' -' 0.006->0.00599
layers.29.mlp.down_proj	29	mlp.down_proj	1005	1	0.0002028	0.0001667	0.822	' '	0.04154	0.04148	' ' 0.0415->0.0415; '?\n' 0.0752->0.0752; '?' 0.00996->0.00995; '??' 0.0111->0.0111; ' -' 0.006->0.00599
layers.29.mlp.down_proj	29	mlp.down_proj	1013	0.6719	0.0001946	0.0001619	0.832	' '	0.04154	0.04151	' ' 0.0415->0.0415; '?' 0.00996->0.00995; '?\n' 0.0752->0.0751; ' -' 0.006->0.00599; '??' 0.0111->0.0111
layers.29.mlp.gate_proj	29	mlp.gate_proj	52	0.01562	0.0001965	0.0001635	0.832	' '	0.04154	0.04157	' ' 0.0415->0.0416; '?' 0.00996->0.00995; '?\n' 0.00811->0.00812; '?\n' 0.0752->0.0752; '??' 0.0111->0.0111
layers.29.mlp.gate_proj	29	mlp.gate_proj	196	0.01172	0.0002051	0.0001702	0.83	'?\n'	0.07516	0.07518	'?\n' 0.0752->0.0752; ' ' 0.0415->0.0415; '?' 0.00996->0.00995; ' -' 0.006->0.00599; '??' 0.0111->0.0112
layers.29.mlp.gate_proj	29	mlp.gate_proj	211	0.03125	0.0001989	0.0001652	0.83	'?\n'	0.07516	0.07506	'?\n' 0.0752->0.0751; '?' 0.00996->0.00995; ' ' 0.0415->0.0415; '??' 0.0111->0.0111; '____' 0.00488->0.00488
layers.29.mlp.gate_proj	29	mlp.gate_proj	363	0.0332	0.0002076	0.0001744	0.84	'?'	0.009965	0.00995	'?' 0.00996->0.00995; '____' 0.00488->0.00487; '?\n' 0.00811->0.0081; '?\n' 0.0752->0.0752; '???' 0.00613->0.00613
layers.29.mlp.gate_proj	29	mlp.gate_proj	406	0.7812	0.0002011	0.0001673	0.832	'?\n'	0.07516	0.07518	'?\n' 0.0752->0.0752; '?' 0.00996->0.00996; ' ' 0.0415->0.0415; '____' 0.00488->0.00488; '??' 0.0111->0.0111
layers.29.mlp.gate_proj	29	mlp.gate_proj	423	0.07031	0.0002004	0.0001663	0.83	'?\n'	0.07516	0.07515	'?\n' 0.0752->0.0751; '?' 0.00996->0.00995; ' ' 0.0415->0.0415; '____' 0.00488->0.00488; '??' 0.0111->0.0111
layers.29.mlp.gate_proj	29	mlp.gate_proj	560	1	0.0002019	0.0001684	0.834	' '	0.04154	0.04152	' ' 0.0415->0.0415; '?\n' 0.0752->0.0752; '??' 0.0111->0.0111; '____' 0.00488->0.00488; '?' 0.00996->0.00996
layers.29.mlp.gate_proj	29	mlp.gate_proj	605	0.08398	0.0002	0.0001654	0.827	' '	0.04154	0.04151	' ' 0.0415->0.0415; '?' 0.00996->0.00994; '____' 0.00488->0.00487; '?\n' 0.0752->0.0752; '??' 0.0111->0.0111
layers.29.mlp.gate_proj	29	mlp.gate_proj	714	0.03516	0.0002067	0.0001724	0.834	'?\n'	0.07516	0.0751	'?\n' 0.0752->0.0751; ' ' 0.0415->0.0415; '??' 0.0111->0.0111; '?\n' 0.00811->0.00811; '????' 0.00654->0.00654
layers.29.mlp.gate_proj	29	mlp.gate_proj	841	0.04688	0.0002027	0.0001704	0.841	' '	0.04154	0.04151	' ' 0.0415->0.0415; '?\n' 0.0752->0.0752; '?' 0.00996->0.00996; '????' 0.00654->0.00654; '??' 0.0111->0.0111
layers.29.mlp.up_proj	29	mlp.up_proj	137	0.01172	0.0002018	0.0001674	0.829	' '	0.04154	0.0415	' ' 0.0415->0.0415; '?' 0.00996->0.00995; '____' 0.00488->0.00487; '?\n' 0.00811->0.00812; '???' 0.00613->0.00613
layers.29.mlp.up_proj	29	mlp.up_proj	200	1	0.0002024	0.000169	0.835	' '	0.04154	0.04151	' ' 0.0415->0.0415; '?' 0.00996->0.00995; '?\n' 0.00811->0.00811; '???' 0.00613->0.00613; '????' 0.00654->0.00654
layers.29.mlp.up_proj	29	mlp.up_proj	269	0.08789	0.0002026	0.0001692	0.835	'?\n'	0.07516	0.07514	'?\n' 0.0752->0.0751; ' (' 0.00526->0.00526; ' ' 0.0415->0.0415; '??' 0.0111->0.0111; '?' 0.00996->0.00996
layers.29.mlp.up_proj	29	mlp.up_proj	317	1	0.000195	0.0001612	0.827	'?\n'	0.07516	0.07522	'?\n' 0.0752->0.0752; '?' 0.00996->0.00995; ' ' 0.0415->0.0415; '?\n' 0.00811->0.0081; ' -' 0.006->0.006
layers.29.mlp.up_proj	29	mlp.up_proj	556	0.1426	0.0002065	0.0001696	0.821	'?\n'	0.07516	0.07513	'?\n' 0.0752->0.0751; '?' 0.00996->0.00994; ' (' 0.00526->0.00526; '____' 0.00488->0.00488; '?\n' 0.00811->0.00811
layers.29.mlp.up_proj	29	mlp.up_proj	656	0.7109	0.0002252	0.0001865	0.828	'?\n'	0.07516	0.0752	'?\n' 0.0752->0.0752; '????' 0.00654->0.00655; '??' 0.0111->0.0112; '?\n' 0.00811->0.00812; ' -' 0.006->0.00599
layers.29.self_attn.o_proj	29	self_attn.o_proj	0	0.1309	0.0002189	0.0001773	0.81	'?\n'	0.07516	0.07492	'?\n' 0.0752->0.0749; '?' 0.00996->0.00992; '?\n' 0.00811->0.00808; ' (' 0.00526->0.00525; ' -' 0.006->0.00599
layers.29.self_attn.o_proj	29	self_attn.o_proj	7	0.07422	0.0002224	0.0001814	0.816	'?\n'	0.07516	0.07505	'?\n' 0.0752->0.0751; ' ' 0.0415->0.0416; '?' 0.00996->0.00994; '?\n\n' 0.00093->0.000911; '____' 0.00488->0.00486
layers.29.self_attn.o_proj	29	self_attn.o_proj	20	0.3711	0.0002102	0.0001742	0.828	'?\n'	0.07516	0.07513	'?\n' 0.0752->0.0751; ' ' 0.0415->0.0415; '??' 0.0111->0.0111; '?' 0.00996->0.00995; '____' 0.00488->0.00488
layers.29.self_attn.o_proj	29	self_attn.o_proj	73	0.01367	0.0002182	0.0001751	0.802	'?\n'	0.07516	0.07501	'?\n' 0.0752->0.075; ' ' 0.0415->0.0414; '?' 0.00996->0.01; '??' 0.0111->0.0111; '?\n\n' 0.00093->0.000907
layers.29.self_attn.o_proj	29	self_attn.o_proj	129	0.2578	0.0002131	0.0001761	0.827	'?\n'	0.07516	0.07509	'?\n' 0.0752->0.0751; '??' 0.0111->0.0111; '?' 0.00996->0.00995; '____' 0.00488->0.00488; ' -' 0.006->0.006
layers.29.self_attn.o_proj	29	self_attn.o_proj	324	0.1055	0.0002136	0.0001752	0.82	' '	0.04154	0.04147	' ' 0.0415->0.0415; '?\n' 0.0752->0.0751; ' (' 0.00526->0.00526; '?' 0.00996->0.00996; '?\n' 0.00811->0.00811
layers.29.self_attn.o_proj	29	self_attn.o_proj	370	0.3828	0.0002118	0.0001759	0.831	'?\n'	0.07516	0.07512	'?\n' 0.0752->0.0751; '?' 0.00996->0.00995; ' -' 0.006->0.00601; '____' 0.00488->0.00487; '???' 0.00613->0.00613
layers.29.self_attn.q_proj	29	self_attn.q_proj	56	0.1777	0.0002169	0.0001779	0.82	' '	0.04154	0.04149	' ' 0.0415->0.0415; '?\n' 0.0752->0.0752; '???' 0.00613->0.00614; '____' 0.00488->0.00488; ' -' 0.006->0.00599
layers.29.self_attn.v_proj	29	self_attn.v_proj	118	0.01758	0.0002013	0.0001648	0.819	'?\n'	0.07516	0.07519	'?\n' 0.0752->0.0752; ' ' 0.0415->0.0415; '?' 0.00996->0.00995; '????' 0.00654->0.00654; '???' 0.00613->0.00613
layers.3.mlp.down_proj	3	mlp.down_proj	139	0.03711	0.0005078	0.0004159	0.819	' -'	0.005999	0.005961	' -' 0.006->0.00596; '?' 0.00996->0.00994; ' ' 0.0415->0.0415; '____' 0.00488->0.00487; ' (' 0.00526->0.00525
layers.3.mlp.down_proj	3	mlp.down_proj	322	1	0.0005118	0.0004223	0.825	'?\n'	0.07516	0.07523	'?\n' 0.0752->0.0752; ' ' 0.0415->0.0416; '??' 0.0111->0.0112; ' -' 0.006->0.00599; '???' 0.00613->0.00614
layers.3.mlp.down_proj	3	mlp.down_proj	603	1	0.0005136	0.0004175	0.813	' '	0.04154	0.04147	' ' 0.0415->0.0415; '?\n' 0.0752->0.0752; ' -' 0.006->0.00597; '???' 0.00613->0.00614; '??' 0.0111->0.0111
layers.3.mlp.down_proj	3	mlp.down_proj	635	1	0.0005199	0.0004228	0.813	'?\n'	0.07516	0.07526	'?\n' 0.0752->0.0753; ' ' 0.0415->0.0415; '?' 0.00996->0.00994; '?\n' 0.00811->0.00813; ' -' 0.006->0.00598
layers.3.mlp.down_proj	3	mlp.down_proj	683	0.8125	0.0005024	0.0004148	0.826	'?\n'	0.07516	0.07508	'?\n' 0.0752->0.0751; ' ' 0.0415->0.0416; '?' 0.00996->0.00995; '____' 0.00488->0.00487; ' -' 0.006->0.00599
layers.3.mlp.down_proj	3	mlp.down_proj	738	0.03125	0.0004991	0.000408	0.818	'____'	0.004883	0.00486	'____' 0.00488->0.00486; '?\n' 0.0752->0.0751; '?' 0.00996->0.00995; ' ' 0.0415->0.0415; ' -' 0.006->0.00599
layers.3.mlp.down_proj	3	mlp.down_proj	912	0.01562	0.0004986	0.0004026	0.808	'?\n'	0.07516	0.07508	'?\n' 0.0752->0.0751; ' ' 0.0415->0.0416; '?' 0.00996->0.00994; '____' 0.00488->0.00486; '?\n' 0.00811->0.0081
layers.3.mlp.up_proj	3	mlp.up_proj	485	0.04492	0.0005018	0.0004096	0.816	'?\n'	0.07516	0.07525	'?\n' 0.0752->0.0753; ' ' 0.0415->0.0415; ' -' 0.006->0.00598; '?\n' 0.00811->0.00812; '____' 0.00488->0.00487
layers.3.self_attn.o_proj	3	self_attn.o_proj	43	0.459	0.000502	0.0004065	0.81	'?\n'	0.07516	0.07521	'?\n' 0.0752->0.0752; ' ' 0.0415->0.0415; ' -' 0.006->0.00597; '____' 0.00488->0.00487; '???' 0.00613->0.00613
layers.3.self_attn.o_proj	3	self_attn.o_proj	350	0.3848	0.0005003	0.000406	0.811	' '	0.04154	0.04157	' ' 0.0415->0.0416; '?\n' 0.0752->0.0751; '____' 0.00488->0.00486; '?' 0.00996->0.00995; ' -' 0.006->0.00599
layers.3.self_attn.v_proj	3	self_attn.v_proj	151	0.3398	0.000515	0.0004176	0.811	'?\n'	0.07516	0.07529	'?\n' 0.0752->0.0753; ' ' 0.0415->0.0416; '?\n' 0.00811->0.00813; '??' 0.0111->0.0112; ' -' 0.006->0.00598
layers.30.mlp.down_proj	30	mlp.down_proj	5	0.04883	0.0001691	0.0001435	0.849	'?\n'	0.07516	0.07513	'?\n' 0.0752->0.0751; ' ' 0.0415->0.0415; '____' 0.00488->0.00487; '?' 0.00996->0.00996; '???' 0.00613->0.00613
layers.30.mlp.down_proj	30	mlp.down_proj	6	0.4766	0.000174	0.0001473	0.847	'?\n'	0.07516	0.07511	'?\n' 0.0752->0.0751; ' ' 0.0415->0.0415; '?' 0.00996->0.00995; '??' 0.0111->0.0111; '____' 0.00488->0.00488
layers.30.mlp.down_proj	30	mlp.down_proj	37	1	0.0001632	0.0001395	0.855	'?\n'	0.07516	0.07521	'?\n' 0.0752->0.0752; '?' 0.00996->0.00995; ' ' 0.0415->0.0415; '??' 0.0111->0.0112; ' (' 0.00526->0.00526
layers.30.mlp.down_proj	30	mlp.down_proj	143	0.127	0.0001664	0.0001407	0.846	' '	0.04154	0.04149	' ' 0.0415->0.0415; '?\n' 0.0752->0.0752; '?' 0.00996->0.00995; ' (' 0.00526->0.00526; '?\n' 0.00811->0.0081
layers.30.mlp.down_proj	30	mlp.down_proj	147	0.08594	0.0001614	0.0001376	0.852	'?\n'	0.07516	0.07519	'?\n' 0.0752->0.0752; '?' 0.00996->0.00996; ' -' 0.006->0.00601; '??' 0.0111->0.0111; ' ' 0.0415->0.0415
layers.30.mlp.down_proj	30	mlp.down_proj	165	0.09375	0.0001622	0.0001376	0.849	'?\n'	0.07516	0.07512	'?\n' 0.0752->0.0751; ' ' 0.0415->0.0415; '?\n' 0.00811->0.00812; '?' 0.00996->0.00996; '____' 0.00488->0.00488
layers.30.mlp.down_proj	30	mlp.down_proj	176	0.01172	0.0001603	0.0001352	0.843	'?\n'	0.07516	0.07514	'?\n' 0.0752->0.0751; '____' 0.00488->0.00487; '?' 0.00996->0.00996; ' ' 0.0415->0.0415; ' (' 0.00526->0.00526
layers.30.mlp.down_proj	30	mlp.down_proj	233	0.7344	0.0001601	0.0001367	0.853	' '	0.04154	0.04156	' ' 0.0415->0.0416; '?\n' 0.0752->0.0751; '?' 0.00996->0.00995; '____' 0.00488->0.00488; '???' 0.00613->0.00613
layers.30.mlp.down_proj	30	mlp.down_proj	260	1	0.0001597	0.0001364	0.854	' '	0.04154	0.04156	' ' 0.0415->0.0416; '?\n' 0.0752->0.0752; '____' 0.00488->0.00488; '?' 0.00996->0.00996; '????' 0.00654->0.00654
layers.30.mlp.down_proj	30	mlp.down_proj	264	1	0.0001784	0.0001487	0.833	'?\n'	0.07516	0.07518	'?\n' 0.0752->0.0752; '____' 0.00488->0.00488; ' ' 0.0415->0.0415; ' (' 0.00526->0.00527; '???' 0.00613->0.00613
layers.30.mlp.down_proj	30	mlp.down_proj	287	0.07812	0.0001602	0.0001352	0.844	'?\n'	0.07516	0.07512	'?\n' 0.0752->0.0751; '?' 0.00996->0.00995; ' ' 0.0415->0.0415; '____' 0.00488->0.00487; '????' 0.00654->0.00654
layers.30.mlp.down_proj	30	mlp.down_proj	314	0.9883	0.000167	0.0001416	0.848	' '	0.04154	0.04151	' ' 0.0415->0.0415; '?' 0.00996->0.00995; '?\n' 0.0752->0.0752; '??' 0.0111->0.0111; '____' 0.00488->0.00488
layers.30.mlp.down_proj	30	mlp.down_proj	343	0.1836	0.0001729	0.0001444	0.835	'?\n'	0.07516	0.07518	'?\n' 0.0752->0.0752; '?' 0.00996->0.00995; ' ' 0.0415->0.0415; '???' 0.00613->0.00614; '????' 0.00654->0.00654
layers.30.mlp.down_proj	30	mlp.down_proj	358	0.0293	0.0001557	0.0001339	0.86	'____'	0.004883	0.004874	'____' 0.00488->0.00487; '?\n' 0.0752->0.0752; '?' 0.00996->0.00996; ' -' 0.006->0.00599; ' ' 0.0415->0.0415
layers.30.mlp.down_proj	30	mlp.down_proj	366	0.06055	0.0001594	0.0001361	0.854	'?\n'	0.07516	0.07518	'?\n' 0.0752->0.0752; '?' 0.00996->0.00995; ' ' 0.0415->0.0415; '____' 0.00488->0.00487; '??' 0.0111->0.0111
layers.30.mlp.down_proj	30	mlp.down_proj	429	1	0.0001604	0.0001359	0.847	'?'	0.009965	0.009953	'?' 0.00996->0.00995; '?\n' 0.0752->0.0752; ' ' 0.0415->0.0415; '____' 0.00488->0.00488; ' -' 0.006->0.00599
layers.30.mlp.down_proj	30	mlp.down_proj	432	0.06641	0.000168	0.0001417	0.844	'??'	0.01114	0.01113	'??' 0.0111->0.0111; '?\n' 0.0752->0.0752; '?' 0.00996->0.00996; '????' 0.00654->0.00654; '???' 0.00613->0.00613
layers.30.mlp.down_proj	30	mlp.down_proj	718	0.09766	0.0001579	0.0001347	0.853	' '	0.04154	0.04157	' ' 0.0415->0.0416; '????' 0.00654->0.00653; '____' 0.00488->0.00488; '?\n' 0.0752->0.0752; ' (' 0.00526->0.00527
layers.30.mlp.down_proj	30	mlp.down_proj	773	0.01367	0.0001631	0.0001392	0.853	'?\n'	0.07516	0.07519	'?\n' 0.0752->0.0752; ' ' 0.0415->0.0415; ' -' 0.006->0.00599; '?' 0.00996->0.00996; ' (' 0.00526->0.00526
layers.30.mlp.down_proj	30	mlp.down_proj	852	1	0.0001612	0.0001381	0.857	' '	0.04154	0.04151	' ' 0.0415->0.0415; '?\n' 0.0752->0.0752; '??' 0.0111->0.0111; '?' 0.00996->0.00995; ' -' 0.006->0.00599
layers.30.mlp.down_proj	30	mlp.down_proj	948	0.3555	0.0001656	0.0001407	0.85	' '	0.04154	0.04158	' ' 0.0415->0.0416; '?\n' 0.0752->0.0752; '?' 0.00996->0.00995; '____' 0.00488->0.00488; '????' 0.00654->0.00653
layers.30.mlp.down_proj	30	mlp.down_proj	953	0.02148	0.0001585	0.0001322	0.834	'?\n'	0.07516	0.0751	'?\n' 0.0752->0.0751; ' ' 0.0415->0.0415; '?' 0.00996->0.00996; ' -' 0.006->0.00599; '____' 0.00488->0.00488
layers.30.mlp.down_proj	30	mlp.down_proj	983	0.1895	0.0001566	0.0001343	0.858	'?\n'	0.07516	0.07515	'?\n' 0.0752->0.0751; ' -' 0.006->0.00599; '?' 0.00996->0.00996; '____' 0.00488->0.00488; ' (' 0.00526->0.00526
layers.30.mlp.down_proj	30	mlp.down_proj	1004	0.6445	0.0001671	0.0001416	0.848	' '	0.04154	0.04159	' ' 0.0415->0.0416; '?\n' 0.0752->0.0752; '?' 0.00996->0.00996; '???' 0.00613->0.00613; '____' 0.00488->0.00488
layers.30.mlp.down_proj	30	mlp.down_proj	1016	0.01758	0.0001571	0.0001334	0.849	' '	0.04154	0.04155	' ' 0.0415->0.0415; ' -' 0.006->0.00599; '____' 0.00488->0.00488; '?' 0.00996->0.00996; '??' 0.0111->0.0111
layers.30.mlp.gate_proj	30	mlp.gate_proj	9	0.05664	0.0001705	0.0001464	0.859	' '	0.04154	0.0415	' ' 0.0415->0.0415; '?' 0.00996->0.00995; ' -' 0.006->0.00601; '____' 0.00488->0.00488; '???' 0.00613->0.00613
layers.30.mlp.gate_proj	30	mlp.gate_proj	34	0.06836	0.0001642	0.0001407	0.857	'?\n'	0.07516	0.07513	'?\n' 0.0752->0.0751; '???' 0.00613->0.00613; '?' 0.00996->0.00996; ' (' 0.00526->0.00526; '____' 0.00488->0.00488
layers.30.mlp.gate_proj	30	mlp.gate_proj	121	0.01758	0.0001612	0.0001378	0.855	' '	0.04154	0.04151	' ' 0.0415->0.0415; '?\n' 0.0752->0.0752; '???' 0.00613->0.00614; '____' 0.00488->0.00488; '?' 0.00996->0.00996
layers.30.mlp.gate_proj	30	mlp.gate_proj	123	0.1406	0.0001649	0.0001395	0.846	' '	0.04154	0.0415	' ' 0.0415->0.0415; '?\n' 0.0752->0.0752; '?' 0.00996->0.00995; ' -' 0.006->0.00599; '____' 0.00488->0.00488
layers.30.mlp.gate_proj	30	mlp.gate_proj	169	1	0.0001645	0.0001427	0.867	'?\n'	0.07516	0.07513	'?\n' 0.0752->0.0751; '???' 0.00613->0.00614; ' ' 0.0415->0.0415; '??' 0.0111->0.0111; '?' 0.00996->0.00996
layers.30.mlp.gate_proj	30	mlp.gate_proj	188	0.08789	0.0001564	0.0001339	0.856	'?\n'	0.07516	0.0751	'?\n' 0.0752->0.0751; ' ' 0.0415->0.0415; '?' 0.00996->0.00996; '???' 0.00613->0.00613; '?\n' 0.00811->0.00812
layers.30.mlp.gate_proj	30	mlp.gate_proj	219	0.04883	0.0001604	0.0001369	0.854	' '	0.04154	0.04156	' ' 0.0415->0.0416; '?' 0.00996->0.00995; '?\n' 0.0752->0.0752; '??' 0.0111->0.0111; '???' 0.00613->0.00613
layers.30.mlp.gate_proj	30	mlp.gate_proj	231	0.03516	0.0001586	0.0001358	0.856	' '	0.04154	0.04157	' ' 0.0415->0.0416; '??' 0.0111->0.0111; '?' 0.00996->0.00996; '____' 0.00488->0.00488; ' (' 0.00526->0.00526
layers.30.mlp.gate_proj	30	mlp.gate_proj	274	0.06445	0.0001626	0.0001382	0.85	'?\n'	0.07516	0.07515	'?\n' 0.0752->0.0752; ' -' 0.006->0.00599; '?' 0.00996->0.00996; ' ' 0.0415->0.0415; '____' 0.00488->0.00488
layers.30.mlp.gate_proj	30	mlp.gate_proj	287	0.6797	0.0001661	0.0001413	0.851	'?\n'	0.07516	0.0751	'?\n' 0.0752->0.0751; ' ' 0.0415->0.0415; '?' 0.00996->0.00996; '?\n' 0.00811->0.00811; '????' 0.00654->0.00653
layers.30.mlp.gate_proj	30	mlp.gate_proj	288	1	0.0001623	0.0001393	0.858	' '	0.04154	0.04151	' ' 0.0415->0.0415; '??' 0.0111->0.0111; '____' 0.00488->0.00488; ' Rule' 5.04e-05->5.31e-05; ' -' 0.006->0.006
layers.30.mlp.gate_proj	30	mlp.gate_proj	365	0.02539	0.0001625	0.0001399	0.861	'?\n'	0.07516	0.07513	'?\n' 0.0752->0.0751; ' ' 0.0415->0.0415; '?' 0.00996->0.00996; '???' 0.00613->0.00613; ' -' 0.006->0.006
layers.30.mlp.gate_proj	30	mlp.gate_proj	513	0.07422	0.0001671	0.0001416	0.848	'?\n'	0.07516	0.07521	'?\n' 0.0752->0.0752; ' ' 0.0415->0.0415; '?' 0.00996->0.00995; ' (' 0.00526->0.00526; '????' 0.00654->0.00654
layers.30.mlp.gate_proj	30	mlp.gate_proj	531	0.03125	0.0001643	0.0001385	0.843	'?\n'	0.07516	0.07518	'?\n' 0.0752->0.0752; ' ' 0.0415->0.0415; '?' 0.00996->0.00995; ' -' 0.006->0.006; '??' 0.0111->0.0111
layers.30.mlp.gate_proj	30	mlp.gate_proj	587	0.09375	0.0001641	0.00014	0.853	' '	0.04154	0.04149	' ' 0.0415->0.0415; '?\n' 0.0752->0.0751; '?' 0.00996->0.00995; ' -' 0.006->0.00599; '????' 0.00654->0.00654
layers.30.mlp.gate_proj	30	mlp.gate_proj	697	0.09766	0.0001705	0.0001458	0.855	'??'	0.01114	0.01113	'??' 0.0111->0.0111; '?' 0.00996->0.00995; '?\n' 0.0752->0.0752; '____' 0.00488->0.00488; ' -' 0.006->0.00599
layers.30.mlp.gate_proj	30	mlp.gate_proj	791	0.03711	0.0001647	0.0001397	0.848	'?'	0.009965	0.009955	'?' 0.00996->0.00996; '?\n' 0.0752->0.0752; '??' 0.0111->0.0111; '____' 0.00488->0.00488; ' ' 0.0415->0.0415
layers.30.mlp.gate_proj	30	mlp.gate_proj	838	0.02734	0.0001629	0.000138	0.847	' '	0.04154	0.04151	' ' 0.0415->0.0415; '?\n' 0.0752->0.0752; '????' 0.00654->0.00654; '?\n' 0.00811->0.00811; '?' 0.00996->0.00996
layers.30.mlp.gate_proj	30	mlp.gate_proj	849	0.05273	0.0001592	0.0001374	0.863	'?'	0.009965	0.009957	'?' 0.00996->0.00996; '??' 0.0111->0.0111; ' (' 0.00526->0.00526; '?\n' 0.00811->0.00811; '?\n' 0.0752->0.0752
layers.30.mlp.gate_proj	30	mlp.gate_proj	858	0.02148	0.0001732	0.0001468	0.848	'?\n'	0.07516	0.07513	'?\n' 0.0752->0.0751; '?' 0.00996->0.00995; '____' 0.00488->0.00487; ' ' 0.0415->0.0415; '??' 0.0111->0.0112
layers.30.mlp.up_proj	30	mlp.up_proj	67	0.02539	0.0001622	0.0001379	0.85	'?\n'	0.07516	0.07513	'?\n' 0.0752->0.0751; ' ' 0.0415->0.0415; '?' 0.00996->0.00996; ' -' 0.006->0.00599; '____' 0.00488->0.00488
layers.30.mlp.up_proj	30	mlp.up_proj	169	0.4824	0.0001659	0.0001417	0.854	' '	0.04154	0.04156	' ' 0.0415->0.0416; '?\n' 0.0752->0.0752; '?' 0.00996->0.00995; ' -' 0.006->0.00601; '____' 0.00488->0.00488
layers.30.mlp.up_proj	30	mlp.up_proj	242	0.7227	0.000165	0.0001399	0.848	' '	0.04154	0.04157	' ' 0.0415->0.0416; '?\n' 0.0752->0.0752; '?' 0.00996->0.00995; '??' 0.0111->0.0111; '?\n' 0.00811->0.0081
layers.30.mlp.up_proj	30	mlp.up_proj	288	1	0.0001653	0.0001399	0.846	'?\n'	0.07516	0.07513	'?\n' 0.0752->0.0751; '?' 0.00996->0.00995; '____' 0.00488->0.00488; ' ' 0.0415->0.0415; ' (' 0.00526->0.00526
layers.30.mlp.up_proj	30	mlp.up_proj	596	0.1777	0.000187	0.0001573	0.841	'?\n'	0.07516	0.0751	'?\n' 0.0752->0.0751; ' ' 0.0415->0.0416; '?\n' 0.00811->0.0081; '____' 0.00488->0.00487; '?' 0.00996->0.00995
layers.30.mlp.up_proj	30	mlp.up_proj	660	0.08594	0.0001641	0.0001374	0.838	'?\n'	0.07516	0.07513	'?\n' 0.0752->0.0751; '?' 0.00996->0.00994; '??' 0.0111->0.0111; '____' 0.00488->0.00488; '?\n' 0.00811->0.00811
layers.30.mlp.up_proj	30	mlp.up_proj	663	0.8828	0.0001577	0.0001346	0.854	'?\n'	0.07516	0.07519	'?\n' 0.0752->0.0752; '?' 0.00996->0.00995; '?\n' 0.00811->0.00812; '____' 0.00488->0.00488; '???' 0.00613->0.00613
layers.30.mlp.up_proj	30	mlp.up_proj	686	1	0.0001764	0.0001489	0.844	'?\n'	0.07516	0.07509	'?\n' 0.0752->0.0751; ' ' 0.0415->0.0415; '???' 0.00613->0.00614; ' (' 0.00526->0.00526; '____' 0.00488->0.00488
layers.30.mlp.up_proj	30	mlp.up_proj	807	1	0.0001644	0.0001401	0.852	' '	0.04154	0.04157	' ' 0.0415->0.0416; '?\n' 0.0752->0.0752; '???' 0.00613->0.00613; '?' 0.00996->0.00996; ' -' 0.006->0.00599
layers.30.self_attn.o_proj	30	self_attn.o_proj	18	0.05078	0.0001772	0.0001505	0.849	'?\n'	0.07516	0.07521	'?\n' 0.0752->0.0752; ' ' 0.0415->0.0416; '?' 0.00996->0.00996; '??' 0.0111->0.0111; '____' 0.00488->0.00488
layers.30.self_attn.o_proj	30	self_attn.o_proj	69	0.1309	0.0001764	0.0001481	0.84	'____'	0.004883	0.004876	'____' 0.00488->0.00488; '?\n' 0.0752->0.0752; ' ' 0.0415->0.0415; '?' 0.00996->0.00996; '??' 0.0111->0.0111
layers.30.self_attn.o_proj	30	self_attn.o_proj	83	0.2734	0.0001896	0.0001589	0.838	'?'	0.009965	0.009947	'?' 0.00996->0.00995; '____' 0.00488->0.00488; ' -' 0.006->0.00601; '????' 0.00654->0.00653; ' (' 0.00526->0.00526
layers.30.self_attn.o_proj	30	self_attn.o_proj	84	0.02734	0.0001732	0.0001476	0.853	'?\n'	0.07516	0.07511	'?\n' 0.0752->0.0751; ' ' 0.0415->0.0415; '??' 0.0111->0.0111; '?\n' 0.00811->0.00811; '????' 0.00654->0.00654
layers.30.self_attn.o_proj	30	self_attn.o_proj	181	0.05078	0.0001749	0.0001482	0.848	'?\n'	0.07516	0.07521	'?\n' 0.0752->0.0752; ' ' 0.0415->0.0416; '?' 0.00996->0.00995; '____' 0.00488->0.00487; '??' 0.0111->0.0111
layers.30.self_attn.o_proj	30	self_attn.o_proj	200	0.02734	0.0001755	0.0001463	0.833	'?\n'	0.07516	0.07514	'?\n' 0.0752->0.0751; ' ' 0.0415->0.0416; '???' 0.00613->0.00613; '?' 0.00996->0.00996; '??' 0.0111->0.0111
layers.30.self_attn.o_proj	30	self_attn.o_proj	215	1	0.0001816	0.0001531	0.843	' '	0.04154	0.04157	' ' 0.0415->0.0416; '?\n' 0.0752->0.0752; '?' 0.00996->0.00996; '____' 0.00488->0.00488; ' -' 0.006->0.006
layers.30.self_attn.o_proj	30	self_attn.o_proj	229	0.2324	0.0001803	0.0001527	0.847	'?\n'	0.07516	0.07519	'?\n' 0.0752->0.0752; '?' 0.00996->0.00995; ' ' 0.0415->0.0415; ' -' 0.006->0.00599; ' Rule' 5.04e-05->5.33e-05
layers.30.self_attn.o_proj	30	self_attn.o_proj	283	0.05078	0.0001868	0.0001567	0.839	'?\n'	0.07516	0.07519	'?\n' 0.0752->0.0752; ' ' 0.0415->0.0415; '????' 0.00654->0.00654; '____' 0.00488->0.00488; ' -' 0.006->0.006
layers.30.self_attn.o_proj	30	self_attn.o_proj	291	0.1836	0.0001818	0.0001532	0.843	'?\n'	0.07516	0.07519	'?\n' 0.0752->0.0752; ' ' 0.0415->0.0416; '?' 0.00996->0.00996; '??' 0.0111->0.0111; '?\n' 0.00811->0.00811
layers.30.self_attn.o_proj	30	self_attn.o_proj	312	0.1953	0.0001866	0.0001553	0.832	' '	0.04154	0.04149	' ' 0.0415->0.0415; '??' 0.0111->0.0111; '?' 0.00996->0.00996; '???' 0.00613->0.00612; '____' 0.00488->0.00488
layers.30.self_attn.o_proj	30	self_attn.o_proj	313	0.4902	0.0001854	0.0001557	0.84	'?\n'	0.07516	0.07514	'?\n' 0.0752->0.0751; ' ' 0.0415->0.0416; '____' 0.00488->0.00487; '?' 0.00996->0.00996; '??' 0.0111->0.0111
layers.30.self_attn.o_proj	30	self_attn.o_proj	334	0.7031	0.0001759	0.0001492	0.848	' '	0.04154	0.04152	' ' 0.0415->0.0415; '?' 0.00996->0.00995; '?\n' 0.0752->0.0752; ' -' 0.006->0.00601; '____' 0.00488->0.00488
layers.30.self_attn.o_proj	30	self_attn.o_proj	343	0.05859	0.0001758	0.0001469	0.836	'?\n'	0.07516	0.0752	'?\n' 0.0752->0.0752; '?' 0.00996->0.00995; ' ' 0.0415->0.0415; ' -' 0.006->0.00601; '??' 0.0111->0.0111
layers.30.self_attn.o_proj	30	self_attn.o_proj	344	0.03711	0.0001739	0.0001476	0.848	'?\n'	0.07516	0.07514	'?\n' 0.0752->0.0751; '?' 0.00996->0.00995; ' -' 0.006->0.00601; ' ' 0.0415->0.0415; '____' 0.00488->0.00488
layers.30.self_attn.o_proj	30	self_attn.o_proj	361	0.05273	0.0001768	0.0001479	0.836	'?'	0.009965	0.009951	'?' 0.00996->0.00995; '?\n' 0.0752->0.0751; '____' 0.00488->0.00488; '?\n' 0.00811->0.0081; '????' 0.00654->0.00653
layers.30.self_attn.o_proj	30	self_attn.o_proj	362	0.07031	0.000177	0.0001497	0.846	'?\n'	0.07516	0.0752	'?\n' 0.0752->0.0752; '?' 0.00996->0.00995; ' (' 0.00526->0.00526; '____' 0.00488->0.00488; '???' 0.00613->0.00613
layers.30.self_attn.o_proj	30	self_attn.o_proj	372	1	0.0001825	0.0001524	0.835	'?'	0.009965	0.009945	'?' 0.00996->0.00994; '?\n' 0.0752->0.0751; ' ' 0.0415->0.0415; '____' 0.00488->0.00488; '??' 0.0111->0.0111
layers.30.self_attn.o_proj	30	self_attn.o_proj	404	0.209	0.0001844	0.0001545	0.838	'?\n'	0.07516	0.07522	'?\n' 0.0752->0.0752; '?' 0.00996->0.00995; ' ' 0.0415->0.0415; ' -' 0.006->0.00599; '?\n' 0.00811->0.00812
layers.30.self_attn.o_proj	30	self_attn.o_proj	413	0.3652	0.0001775	0.0001495	0.842	'?\n'	0.07516	0.07511	'?\n' 0.0752->0.0751; ' ' 0.0415->0.0415; '??' 0.0111->0.0111; ' (' 0.00526->0.00526; '?' 0.00996->0.00996
layers.30.self_attn.o_proj	30	self_attn.o_proj	428	0.0918	0.0001783	0.0001509	0.846	' '	0.04154	0.04149	' ' 0.0415->0.0415; '?' 0.00996->0.00995; '?\n' 0.0752->0.0752; ' (' 0.00526->0.00526; '??' 0.0111->0.0111
layers.30.self_attn.o_proj	30	self_attn.o_proj	436	0.1562	0.000181	0.0001501	0.829	'?\n'	0.07516	0.07518	'?\n' 0.0752->0.0752; '____' 0.00488->0.00487; ' ' 0.0415->0.0415; ' (' 0.00526->0.00526; '?' 0.00996->0.00996
layers.30.self_attn.o_proj	30	self_attn.o_proj	458	0.1016	0.000175	0.0001484	0.848	' '	0.04154	0.04157	' ' 0.0415->0.0416; '?\n' 0.0752->0.0752; '?' 0.00996->0.00995; '____' 0.00488->0.00487; '??' 0.0111->0.0111
layers.30.self_attn.o_proj	30	self_attn.o_proj	493	0.2949	0.0001736	0.0001455	0.838	'?\n'	0.07516	0.07522	'?\n' 0.0752->0.0752; ' ' 0.0415->0.0415; '?' 0.00996->0.00995; '____' 0.00488->0.00487; '??' 0.0111->0.0111
layers.30.self_attn.o_proj	30	self_attn.o_proj	507	0.09375	0.0001745	0.0001472	0.844	'?\n'	0.07516	0.07513	'?\n' 0.0752->0.0751; ' ' 0.0415->0.0415; '?\n' 0.00811->0.0081; '?' 0.00996->0.00996; '____' 0.00488->0.00487
layers.30.self_attn.q_proj	30	self_attn.q_proj	51	0.9648	0.0001822	0.0001505	0.826	'?'	0.009965	0.009945	'?' 0.00996->0.00994; '??' 0.0111->0.0111; ' ' 0.0415->0.0415; '____' 0.00488->0.00488; '?\n' 0.00811->0.00811
layers.30.self_attn.v_proj	30	self_attn.v_proj	135	0.5898	0.0002074	0.0001715	0.827	'?\n'	0.07516	0.07504	'?\n' 0.0752->0.075; ' ' 0.0415->0.0417; '????' 0.00654->0.00655; ' (' 0.00526->0.00528; '???' 0.00613->0.00614
layers.31.mlp.down_proj	31	mlp.down_proj	17	0.07227	0.0001257	0.0001064	0.847	' '	0.04154	0.04152	' ' 0.0415->0.0415; '?\n' 0.0752->0.0752; '____' 0.00488->0.00487; ' -' 0.006->0.00599; '?' 0.00996->0.00996
layers.31.mlp.down_proj	31	mlp.down_proj	32	0.2207	0.0001055	9.194e-05	0.871	' '	0.04154	0.04151	' ' 0.0415->0.0415; '?\n' 0.0752->0.0752; '??' 0.0111->0.0111; '?\n' 0.00811->0.00812; '____' 0.00488->0.00488
layers.31.mlp.down_proj	31	mlp.down_proj	35	0.02344	7.493e-05	6.738e-05	0.899	'?\n'	0.07516	0.07521	'?\n' 0.0752->0.0752; '____' 0.00488->0.00488; '????' 0.00654->0.00653; ' -' 0.006->0.006; '?\n' 0.00811->0.00812
layers.31.mlp.down_proj	31	mlp.down_proj	36	0.04688	0.0001112	9.861e-05	0.886	' '	0.04154	0.04159	' ' 0.0415->0.0416; '????' 0.00654->0.00653; ' (' 0.00526->0.00527; '________' 0.0018->0.0018; '??' 0.0111->0.0111
layers.31.mlp.down_proj	31	mlp.down_proj	42	0.07617	8.325e-05	7.454e-05	0.895	' '	0.04154	0.04151	' ' 0.0415->0.0415; '????' 0.00654->0.00653; '____' 0.00488->0.00488; '?' 0.00996->0.00997; ' (' 0.00526->0.00526
layers.31.mlp.down_proj	31	mlp.down_proj	80	0.07227	8.881e-05	7.808e-05	0.879	'?\n'	0.07516	0.0752	'?\n' 0.0752->0.0752; '?\n' 0.00811->0.0081; '????' 0.00654->0.00653; '??' 0.0111->0.0111; ' -' 0.006->0.006
layers.31.mlp.down_proj	31	mlp.down_proj	111	0.01953	5.701e-05	5.342e-05	0.937	' '	0.04154	0.04153	' ' 0.0415->0.0415; '??' 0.0111->0.0111; ' (' 0.00526->0.00527; '?\n' 0.00811->0.00811; ' -' 0.006->0.006
layers.31.mlp.down_proj	31	mlp.down_proj	166	0.01562	5.493e-05	5.162e-05	0.94	'?\n'	0.07516	0.07517	'?\n' 0.0752->0.0752; ' (' 0.00526->0.00526; '???' 0.00613->0.00613; '?' 0.00996->0.00996; ' Rule' 5.04e-05->5.29e-05
layers.31.mlp.down_proj	31	mlp.down_proj	269	0.01953	5.47e-05	5.075e-05	0.928	'?\n'	0.07516	0.07515	'?\n' 0.0752->0.0752; '?' 0.00996->0.00996; '?\n' 0.00811->0.00811; ' ' 0.0415->0.0415; ' -' 0.006->0.006
layers.31.mlp.down_proj	31	mlp.down_proj	280	0.03125	4.848e-05	4.393e-05	0.906	' '	0.04154	0.04151	' ' 0.0415->0.0415; ' -' 0.006->0.00599; '?\n' 0.00811->0.00812; ' (' 0.00526->0.00526; '??' 0.0111->0.0111
layers.31.mlp.down_proj	31	mlp.down_proj	311	0.1074	5.719e-05	5.307e-05	0.928	' '	0.04154	0.04153	' ' 0.0415->0.0415; '??' 0.0111->0.0112; ' (' 0.00526->0.00526; '?' 0.00996->0.00996; '?\n' 0.0752->0.0752
layers.31.mlp.down_proj	31	mlp.down_proj	317	0.05273	5.44e-05	4.985e-05	0.917	' '	0.04154	0.04151	' ' 0.0415->0.0415; '?\n' 0.0752->0.0752; '??' 0.0111->0.0111; '?' 0.00996->0.00996; ' -' 0.006->0.00599
layers.31.mlp.down_proj	31	mlp.down_proj	376	0.01758	5.362e-05	4.958e-05	0.925	'?\n'	0.07516	0.07514	'?\n' 0.0752->0.0751; '??' 0.0111->0.0111; '?' 0.00996->0.00995; '?\n' 0.00811->0.0081; ' (' 0.00526->0.00527
layers.31.mlp.down_proj	31	mlp.down_proj	377	0.01172	4.614e-05	4.346e-05	0.942	' '	0.04154	0.04155	' ' 0.0415->0.0416; ' -' 0.006->0.006; ' (' 0.00526->0.00526; '?\n' 0.0752->0.0752; '?' 0.00996->0.00996
layers.31.mlp.down_proj	31	mlp.down_proj	380	0.1055	9.447e-05	8.38e-05	0.887	'?\n'	0.07516	0.07519	'?\n' 0.0752->0.0752; ' ' 0.0415->0.0416; '?\n' 0.00811->0.0081; ' -' 0.006->0.00599; '????' 0.00654->0.00653
layers.31.mlp.down_proj	31	mlp.down_proj	396	0.03906	5.468e-05	5.052e-05	0.924	' '	0.04154	0.04154	' ' 0.0415->0.0415; '?\n' 0.00811->0.0081; '?' 0.00996->0.00996; '??' 0.0111->0.0111; ' -' 0.006->0.006
layers.31.mlp.down_proj	31	mlp.down_proj	419	0.02539	5.9e-05	5.515e-05	0.935	'?'	0.009965	0.009954	'?' 0.00996->0.00995; ' ' 0.0415->0.0415; '?\n' 0.0752->0.0752; '?\n' 0.00811->0.00811; '???' 0.00613->0.00613
layers.31.mlp.down_proj	31	mlp.down_proj	476	0.08594	5.272e-05	4.87e-05	0.924	' '	0.04154	0.04156	' ' 0.0415->0.0416; '?\n' 0.0752->0.0752; '?' 0.00996->0.00995; '?\n' 0.00811->0.0081; '????' 0.00654->0.00653
layers.31.mlp.down_proj	31	mlp.down_proj	477	0.07617	6.368e-05	5.859e-05	0.92	'?\n'	0.07516	0.0752	'?\n' 0.0752->0.0752; ' ' 0.0415->0.0416; '?' 0.00996->0.00996; '??' 0.0111->0.0111; '????' 0.00654->0.00653
layers.31.mlp.down_proj	31	mlp.down_proj	482	0.07227	0.0001001	9.113e-05	0.911	' '	0.04154	0.04144	' ' 0.0415->0.0414; '?\n' 0.00811->0.00812; '??' 0.0111->0.0111; ' -' 0.006->0.00601; '?' 0.00996->0.00997
layers.31.mlp.down_proj	31	mlp.down_proj	493	0.1055	0.0001625	0.000125	0.769	'?\n'	0.07516	0.0749	'?\n' 0.0752->0.0749; ' ' 0.0415->0.0417; ' (' 0.00526->0.0053; '?\n' 0.00811->0.00807; '?' 0.00996->0.00993
layers.31.mlp.down_proj	31	mlp.down_proj	598	0.2598	5.268e-05	4.759e-05	0.903	'?\n'	0.07516	0.0752	'?\n' 0.0752->0.0752; ' -' 0.006->0.00599; '?' 0.00996->0.00996; '??' 0.0111->0.0111; ' (' 0.00526->0.00527
layers.31.mlp.down_proj	31	mlp.down_proj	646	0.04102	7.75e-05	7.141e-05	0.921	'?\n'	0.07516	0.07518	'?\n' 0.0752->0.0752; ' ' 0.0415->0.0416; '??' 0.0111->0.0111; ' (' 0.00526->0.00525; '____' 0.00488->0.00488
layers.31.mlp.down_proj	31	mlp.down_proj	674	0.01953	5.63e-05	5.032e-05	0.894	' '	0.04154	0.04158	' ' 0.0415->0.0416; '?\n' 0.0752->0.0752; ' (' 0.00526->0.00527; '??' 0.0111->0.0111; '?\n' 0.00811->0.00811
layers.31.mlp.down_proj	31	mlp.down_proj	702	0.0332	5.156e-05	4.697e-05	0.911	' '	0.04154	0.04156	' ' 0.0415->0.0416; '?\n' 0.0752->0.0752; ' -' 0.006->0.006; '?\n' 0.00811->0.00811; '??' 0.0111->0.0111
layers.31.mlp.down_proj	31	mlp.down_proj	724	0.01562	5.058e-05	4.625e-05	0.915	' '	0.04154	0.04151	' ' 0.0415->0.0415; '???' 0.00613->0.00613; '????' 0.00654->0.00654; '____' 0.00488->0.00489; '?\n' 0.0752->0.0752
layers.31.mlp.down_proj	31	mlp.down_proj	728	0.2656	0.0001009	8.964e-05	0.889	' '	0.04154	0.04148	' ' 0.0415->0.0415; '-\n' 0.00132->0.0013; ' (' 0.00526->0.00524; '????' 0.00654->0.00652; '?\n' 0.00811->0.0081
layers.31.mlp.down_proj	31	mlp.down_proj	763	0.02344	5.839e-05	5.422e-05	0.929	'?\n'	0.07516	0.07515	'?\n' 0.0752->0.0752; ' -' 0.006->0.00599; '?\n' 0.00811->0.00811; '??' 0.0111->0.0111; ' Rule' 5.04e-05->5.29e-05
layers.31.mlp.down_proj	31	mlp.down_proj	816	0.1816	8.911e-05	7.805e-05	0.876	'????'	0.006535	0.006551	'????' 0.00654->0.00655; '??' 0.0111->0.0111; '?\n' 0.00811->0.00812; ' (' 0.00526->0.00525; '-\n' 0.00132->0.00132
layers.31.mlp.down_proj	31	mlp.down_proj	850	0.05859	5.276e-05	4.872e-05	0.923	'?\n'	0.07516	0.07514	'?\n' 0.0752->0.0751; ' ' 0.0415->0.0416; '?' 0.00996->0.00996; ' -' 0.006->0.006; '?\n' 0.00811->0.00811
layers.31.mlp.down_proj	31	mlp.down_proj	962	0.01172	4.95e-05	4.599e-05	0.929	'?\n'	0.07516	0.07518	'?\n' 0.0752->0.0752; '??' 0.0111->0.0111; '?' 0.00996->0.00996; '?\n' 0.00811->0.00811; '????' 0.00654->0.00654
layers.31.mlp.down_proj	31	mlp.down_proj	964	0.03516	5.385e-05	4.897e-05	0.909	'??'	0.01114	0.01113	'??' 0.0111->0.0111; '????' 0.00654->0.00653; ' ' 0.0415->0.0415; '???' 0.00613->0.00612; '?\n' 0.0752->0.0752
layers.31.mlp.down_proj	31	mlp.down_proj	967	0.01367	4.537e-05	4.172e-05	0.92	'?\n'	0.07516	0.07518	'?\n' 0.0752->0.0752; ' ' 0.0415->0.0415; ' (' 0.00526->0.00526; '??' 0.0111->0.0111; ' -' 0.006->0.006
layers.31.mlp.down_proj	31	mlp.down_proj	978	0.02539	5.54e-05	5.032e-05	0.908	' '	0.04154	0.0415	' ' 0.0415->0.0415; '?\n' 0.0752->0.0752; ' -' 0.006->0.006; '?\n' 0.00811->0.00811; '____' 0.00488->0.00488
layers.31.mlp.down_proj	31	mlp.down_proj	987	0.0332	4.845e-05	4.445e-05	0.917	' '	0.04154	0.04157	' ' 0.0415->0.0416; '?\n' 0.0752->0.0752; ' (' 0.00526->0.00527; ' -' 0.006->0.006; '?\n' 0.00811->0.00811
layers.31.mlp.down_proj	31	mlp.down_proj	999	0.04688	5.662e-05	5.32e-05	0.94	'?\n'	0.07516	0.0752	'?\n' 0.0752->0.0752; ' ' 0.0415->0.0415; ' -' 0.006->0.00599; '???' 0.00613->0.00613; '??' 0.0111->0.0111
layers.31.mlp.gate_proj	31	mlp.gate_proj	13	0.05469	8.681e-05	7.819e-05	0.901	'????'	0.006535	0.00653	'????' 0.00654->0.00653; ' ' 0.0415->0.0415; '?' 0.00996->0.00996; ' -' 0.006->0.006; ' (' 0.00526->0.00526
layers.31.mlp.gate_proj	31	mlp.gate_proj	52	0.01562	8.827e-05	7.941e-05	0.9	' '	0.04154	0.04152	' ' 0.0415->0.0415; '?\n' 0.0752->0.0752; '??' 0.0111->0.0111; ' -' 0.006->0.00599; ' Rule' 5.04e-05->5.29e-05
layers.31.mlp.gate_proj	31	mlp.gate_proj	59	0.2383	0.0001233	0.000109	0.884	' '	0.04154	0.04155	' ' 0.0415->0.0416; '??' 0.0111->0.0111; '?\n' 0.0752->0.0751; '?' 0.00996->0.00996; '____' 0.00488->0.00487
layers.31.mlp.gate_proj	31	mlp.gate_proj	116	0.2617	0.0001242	0.0001113	0.896	'?\n'	0.07516	0.07514	'?\n' 0.0752->0.0751; ' ' 0.0415->0.0415; '____' 0.00488->0.00488; '?' 0.00996->0.00996; '????' 0.00654->0.00653
layers.31.mlp.gate_proj	31	mlp.gate_proj	119	0.01172	0.0001497	0.0001302	0.869	' '	0.04154	0.04159	' ' 0.0415->0.0416; '?\n' 0.0752->0.0752; '???' 0.00613->0.00614; ' -' 0.006->0.00601; '????' 0.00654->0.00655
layers.31.mlp.gate_proj	31	mlp.gate_proj	207	0.01172	0.000105	9.572e-05	0.912	'?\n'	0.07516	0.07511	'?\n' 0.0752->0.0751; ' ' 0.0415->0.0415; '?\n' 0.00811->0.0081; '?' 0.00996->0.00996; '???' 0.00613->0.00612
layers.31.mlp.gate_proj	31	mlp.gate_proj	273	0.08203	0.0001142	0.0001019	0.892	' '	0.04154	0.04152	' ' 0.0415->0.0415; '?\n' 0.0752->0.0752; '????' 0.00654->0.00654; '?' 0.00996->0.00996; ' Rule' 5.04e-05->5.28e-05
layers.31.mlp.gate_proj	31	mlp.gate_proj	274	0.01172	8.748e-05	7.996e-05	0.914	' '	0.04154	0.04156	' ' 0.0415->0.0416; '?\n' 0.0752->0.0751; '?\n' 0.00811->0.00812; ' Rule' 5.04e-05->5.3e-05; '+' 0.00156->0.00156
layers.31.mlp.gate_proj	31	mlp.gate_proj	343	0.04688	0.0001493	0.0001278	0.856	'?\n'	0.07516	0.07504	'?\n' 0.0752->0.075; ' ' 0.0415->0.0415; '?' 0.00996->0.00998; '????' 0.00654->0.00655; '???' 0.00613->0.00614
layers.31.mlp.gate_proj	31	mlp.gate_proj	406	0.1191	0.0001316	0.0001139	0.866	' '	0.04154	0.04148	' ' 0.0415->0.0415; '?' 0.00996->0.00995; '____' 0.00488->0.00487; '?\n' 0.0752->0.0752; '??' 0.0111->0.0111
layers.31.mlp.gate_proj	31	mlp.gate_proj	432	0.01562	7.657e-05	7.027e-05	0.918	'?\n'	0.07516	0.07521	'?\n' 0.0752->0.0752; ' ' 0.0415->0.0415; '?\n' 0.00811->0.00811; ' (' 0.00526->0.00527; '????' 0.00654->0.00653
layers.31.mlp.gate_proj	31	mlp.gate_proj	559	0.05664	7.753e-05	7.06e-05	0.911	'?\n'	0.07516	0.07518	'?\n' 0.0752->0.0752; ' ' 0.0415->0.0415; '??' 0.0111->0.0111; ' (' 0.00526->0.00526; ' -' 0.006->0.006
layers.31.mlp.gate_proj	31	mlp.gate_proj	560	0.0293	8.464e-05	7.568e-05	0.894	'?\n'	0.07516	0.07514	'?\n' 0.0752->0.0751; ' ' 0.0415->0.0415; '???' 0.00613->0.00613; '????' 0.00654->0.00654; '?\n' 0.00811->0.00811
layers.31.mlp.gate_proj	31	mlp.gate_proj	599	0.07422	0.0001061	9.491e-05	0.895	' '	0.04154	0.04153	' ' 0.0415->0.0415; '?\n' 0.0752->0.0752; '____' 0.00488->0.00488; '?' 0.00996->0.00996; ' -' 0.006->0.006
layers.31.mlp.gate_proj	31	mlp.gate_proj	755	0.06055	0.0001002	8.932e-05	0.891	' '	0.04154	0.04151	' ' 0.0415->0.0415; '?\n' 0.0752->0.0751; '____' 0.00488->0.00488; ' (' 0.00526->0.00526; ' Rule' 5.04e-05->5.33e-05
layers.31.mlp.gate_proj	31	mlp.gate_proj	792	0.04297	7.695e-05	6.863e-05	0.892	'?\n'	0.07516	0.07515	'?\n' 0.0752->0.0751; ' ' 0.0415->0.0415; '?' 0.00996->0.00996; '??' 0.0111->0.0111; '???' 0.00613->0.00613
layers.31.mlp.up_proj	31	mlp.up_proj	18	0.01758	0.0001044	9.265e-05	0.888	' '	0.04154	0.04152	' ' 0.0415->0.0415; '?\n' 0.0752->0.0752; '?\n' 0.00811->0.0081; '?' 0.00996->0.00996; '____' 0.00488->0.00488
layers.31.mlp.up_proj	31	mlp.up_proj	24	0.06836	0.0001474	0.0001246	0.845	'?\n'	0.07516	0.0751	'?\n' 0.0752->0.0751; ' ' 0.0415->0.0415; '____' 0.00488->0.00487; '????' 0.00654->0.00652; '??' 0.0111->0.0111
layers.31.mlp.up_proj	31	mlp.up_proj	52	0.02344	9.646e-05	8.486e-05	0.88	'?\n'	0.07516	0.07514	'?\n' 0.0752->0.0751; ' ' 0.0415->0.0415; '____' 0.00488->0.00488; ' -' 0.006->0.00599; '??' 0.0111->0.0111
layers.31.mlp.up_proj	31	mlp.up_proj	160	0.01953	8.788e-05	8.15e-05	0.927	'?\n'	0.07516	0.07517	'?\n' 0.0752->0.0752; ' (' 0.00526->0.00527; '?' 0.00996->0.00996; '????' 0.00654->0.00653; '??' 0.0111->0.0111
layers.31.mlp.up_proj	31	mlp.up_proj	248	0.1113	0.0001346	0.0001188	0.883	'????'	0.006535	0.006518	'????' 0.00654->0.00652; '?\n' 0.00811->0.00809; ' ' 0.0415->0.0415; '?' 0.00996->0.00997; '?\n' 0.0752->0.0752
layers.31.mlp.up_proj	31	mlp.up_proj	407	0.04492	7.32e-05	6.667e-05	0.911	' '	0.04154	0.04154	' ' 0.0415->0.0415; ' -' 0.006->0.00599; '??' 0.0111->0.0111; '?\n' 0.0752->0.0752; '____' 0.00488->0.00488
layers.31.mlp.up_proj	31	mlp.up_proj	431	0.1445	0.0001322	0.0001166	0.882	' '	0.04154	0.0415	' ' 0.0415->0.0415; ' (' 0.00526->0.00525; '?\n' 0.0752->0.0752; ' -' 0.006->0.00601; '?\n' 0.00811->0.0081
layers.31.mlp.up_proj	31	mlp.up_proj	434	0.06641	0.0001244	0.0001115	0.896	'?\n'	0.07516	0.07523	'?\n' 0.0752->0.0752; ' ' 0.0415->0.0416; '????' 0.00654->0.00653; '\xa0' 0.00164->0.00164; '___' 0.00148->0.00149
layers.31.mlp.up_proj	31	mlp.up_proj	442	0.2012	0.0001325	0.0001173	0.885	'?\n'	0.07516	0.07511	'?\n' 0.0752->0.0751; ' ' 0.0415->0.0416; '??' 0.0111->0.0112; '?\n' 0.00811->0.0081; ' -' 0.006->0.00601
layers.31.mlp.up_proj	31	mlp.up_proj	495	0.01367	7.874e-05	7.161e-05	0.909	'?\n'	0.07516	0.07518	'?\n' 0.0752->0.0752; '?' 0.00996->0.00996; '??' 0.0111->0.0111; ' ' 0.0415->0.0415; ' -' 0.006->0.00599
layers.31.mlp.up_proj	31	mlp.up_proj	514	0.01367	7.892e-05	7.294e-05	0.924	'?\n'	0.07516	0.07518	'?\n' 0.0752->0.0752; '?' 0.00996->0.00996; ' ' 0.0415->0.0415; '??' 0.0111->0.0111; ' -' 0.006->0.006
layers.31.mlp.up_proj	31	mlp.up_proj	819	0.01367	8.405e-05	7.707e-05	0.917	'??'	0.01114	0.01115	'??' 0.0111->0.0112; '?\n' 0.0752->0.0752; '?' 0.00996->0.00997; ' -' 0.006->0.00599; ' (' 0.00526->0.00527
layers.31.mlp.up_proj	31	mlp.up_proj	851	0.01758	7.94e-05	7.141e-05	0.899	'?'	0.009965	0.009947	'?' 0.00996->0.00995; ' -' 0.006->0.00599; ' ' 0.0415->0.0415; '?\n' 0.0752->0.0752; '____' 0.00488->0.00488
layers.31.self_attn.o_proj	31	self_attn.o_proj	56	0.1328	0.0001204	0.0001054	0.875	' '	0.04154	0.04157	' ' 0.0415->0.0416; '?\n' 0.0752->0.0752; '?' 0.00996->0.00995; '?\n' 0.00811->0.00811; '____' 0.00488->0.00488
layers.31.self_attn.o_proj	31	self_attn.o_proj	74	0.01172	0.0001072	9.537e-05	0.89	' -'	0.005999	0.005989	' -' 0.006->0.00599; ' ' 0.0415->0.0415; '?' 0.00996->0.00996; ' (' 0.00526->0.00527; '?\n' 0.0752->0.0752
layers.31.self_attn.o_proj	31	self_attn.o_proj	168	0.01562	0.0001247	0.0001112	0.891	' '	0.04154	0.04151	' ' 0.0415->0.0415; '?\n' 0.0752->0.0752; '?\n' 0.00811->0.00812; ' (' 0.00526->0.00526; ' -' 0.006->0.006
layers.31.self_attn.o_proj	31	self_attn.o_proj	458	0.08398	0.0001093	9.717e-05	0.889	' '	0.04154	0.04156	' ' 0.0415->0.0416; '____' 0.00488->0.00488; '?\n' 0.0752->0.0752; ' -' 0.006->0.00599; '???' 0.00613->0.00613
layers.31.self_attn.q_proj	31	self_attn.q_proj	13	0.04688	0.0001069	9.444e-05	0.883	'?\n'	0.07516	0.07515	'?\n' 0.0752->0.0751; ' ' 0.0415->0.0415; '____' 0.00488->0.00488; ' (' 0.00526->0.00526; '??' 0.0111->0.0111
layers.31.self_attn.q_proj	31	self_attn.q_proj	51	0.01172	6.168e-05	5.48e-05	0.888	' '	0.04154	0.04156	' ' 0.0415->0.0416; '?\n' 0.0752->0.0752; '?' 0.00996->0.00996; '???' 0.00613->0.00613; '??' 0.0111->0.0111
layers.31.self_attn.v_proj	31	self_attn.v_proj	149	0.1211	0.0001335	0.0001143	0.856	' '	0.04154	0.04156	' ' 0.0415->0.0416; '____' 0.00488->0.00488; '?' 0.00996->0.00996; '+' 0.00156->0.00156; ' (' 0.00526->0.00526
layers.31.self_attn.v_proj	31	self_attn.v_proj	195	0.5547	0.0001285	0.0001135	0.883	'?\n'	0.07516	0.07519	'?\n' 0.0752->0.0752; '?' 0.00996->0.00995; ' ' 0.0415->0.0415; '____' 0.00488->0.00488; '?\n' 0.00811->0.0081
layers.4.mlp.down_proj	4	mlp.down_proj	48	0.01758	0.0005023	0.0004181	0.832	'?\n'	0.07516	0.07521	'?\n' 0.0752->0.0752; ' ' 0.0415->0.0415; '??' 0.0111->0.0112; '????' 0.00654->0.00656; ' -' 0.006->0.00598
layers.4.mlp.down_proj	4	mlp.down_proj	598	0.07617	0.0004857	0.0003918	0.807	'?\n'	0.07516	0.07519	'?\n' 0.0752->0.0752; ' -' 0.006->0.00598; '?\n' 0.00811->0.00812; ' ' 0.0415->0.0415; '????' 0.00654->0.00654
layers.4.mlp.down_proj	4	mlp.down_proj	601	0.9297	0.0004605	0.0003711	0.806	' '	0.04154	0.0415	' ' 0.0415->0.0415; '?\n' 0.0752->0.0751; ' -' 0.006->0.00598; '?' 0.00996->0.00995; '???' 0.00613->0.00613
layers.4.mlp.down_proj	4	mlp.down_proj	727	0.4785	0.0004713	0.0003778	0.802	'?\n'	0.07516	0.07513	'?\n' 0.0752->0.0751; ' ' 0.0415->0.0416; ' -' 0.006->0.00598; '____' 0.00488->0.00487; '??' 0.0111->0.0112
layers.4.mlp.gate_proj	4	mlp.gate_proj	889	0.4766	0.0004817	0.0003884	0.806	'?\n'	0.07516	0.07526	'?\n' 0.0752->0.0753; ' ' 0.0415->0.0416; '?\n' 0.00811->0.00812; ' -' 0.006->0.00599; '??' 0.0111->0.0112
layers.4.mlp.up_proj	4	mlp.up_proj	48	0.0332	0.0004784	0.0003905	0.816	' '	0.04154	0.0415	' ' 0.0415->0.0415; '?\n' 0.0752->0.0751; '?' 0.00996->0.00995; '____' 0.00488->0.00487; ' (' 0.00526->0.00526
layers.4.mlp.up_proj	4	mlp.up_proj	89	1	0.0004798	0.000391	0.815	'?\n'	0.07516	0.07513	'?\n' 0.0752->0.0751; ' ' 0.0415->0.0416; '?' 0.00996->0.00994; '??' 0.0111->0.0111; ' -' 0.006->0.00599
layers.5.mlp.down_proj	5	mlp.down_proj	126	1	0.0004516	0.0003666	0.812	'?\n'	0.07516	0.07507	'?\n' 0.0752->0.0751; ' ' 0.0415->0.0416; '____' 0.00488->0.00487; ' -' 0.006->0.00598; '?' 0.00996->0.00995
layers.5.mlp.down_proj	5	mlp.down_proj	194	0.02734	0.0004701	0.0003889	0.827	'?\n'	0.07516	0.07529	'?\n' 0.0752->0.0753; ' ' 0.0415->0.0416; '??' 0.0111->0.0112; '???' 0.00613->0.00615; '????' 0.00654->0.00655
layers.5.mlp.down_proj	5	mlp.down_proj	397	0.01758	0.0004664	0.0003809	0.817	'??'	0.01114	0.01117	'??' 0.0111->0.0112; '?\n' 0.0752->0.0752; ' -' 0.006->0.00598; '?\n' 0.00811->0.00813; ' ' 0.0415->0.0416
layers.5.mlp.down_proj	5	mlp.down_proj	691	0.05469	0.0004593	0.0003794	0.826	'?\n'	0.07516	0.07496	'?\n' 0.0752->0.075; ' ' 0.0415->0.0416; '____' 0.00488->0.00487; '?' 0.00996->0.00995; '?\n' 0.00811->0.0081
layers.5.mlp.up_proj	5	mlp.up_proj	262	0.03125	0.0004509	0.000371	0.823	' -'	0.005999	0.005981	' -' 0.006->0.00598; '?\n' 0.0752->0.0752; '?\n' 0.00811->0.00812; '??' 0.0111->0.0111; '???' 0.00613->0.00613
layers.5.self_attn.o_proj	5	self_attn.o_proj	204	0.01562	0.0004615	0.0003724	0.807	'?\n'	0.07516	0.07506	'?\n' 0.0752->0.0751; '?' 0.00996->0.00994; ' -' 0.006->0.00598; '____' 0.00488->0.00487; '??' 0.0111->0.0112
layers.5.self_attn.o_proj	5	self_attn.o_proj	363	0.01562	0.0004679	0.0003808	0.814	'?\n'	0.07516	0.0752	'?\n' 0.0752->0.0752; '??' 0.0111->0.0112; ' ' 0.0415->0.0416; '?' 0.00996->0.00995; '????' 0.00654->0.00655
layers.6.mlp.down_proj	6	mlp.down_proj	83	0.8281	0.0004373	0.0003599	0.823	'?\n'	0.07516	0.07509	'?\n' 0.0752->0.0751; ' ' 0.0415->0.0416; '____' 0.00488->0.00486; '?' 0.00996->0.00995; '?\n' 0.00811->0.0081
layers.6.mlp.down_proj	6	mlp.down_proj	264	0.01758	0.0004292	0.0003507	0.817	'?\n'	0.07516	0.07511	'?\n' 0.0752->0.0751; '?' 0.00996->0.00995; '____' 0.00488->0.00487; '??' 0.0111->0.0111; ' -' 0.006->0.00599
layers.6.self_attn.o_proj	6	self_attn.o_proj	52	0.01562	0.0004434	0.0003587	0.809	'?\n'	0.07516	0.07522	'?\n' 0.0752->0.0752; '??' 0.0111->0.0112; '____' 0.00488->0.00487; '???' 0.00613->0.00614; '?' 0.00996->0.00996
layers.6.self_attn.o_proj	6	self_attn.o_proj	161	0.4902	0.0004448	0.0003619	0.814	'?\n'	0.07516	0.07511	'?\n' 0.0752->0.0751; ' ' 0.0415->0.0416; '?' 0.00996->0.00995; ' (' 0.00526->0.00527; '________' 0.0018->0.0018
layers.6.self_attn.o_proj	6	self_attn.o_proj	436	0.07617	0.0004458	0.0003618	0.812	' '	0.04154	0.0415	' ' 0.0415->0.0415; '?\n' 0.0752->0.0751; '?' 0.00996->0.00994; ' -' 0.006->0.00599; '____' 0.00488->0.00487
layers.6.self_attn.v_proj	6	self_attn.v_proj	221	0.05273	0.0006119	0.0005037	0.823	'?\n'	0.07516	0.07556	'?\n' 0.0752->0.0756; ' ' 0.0415->0.0419; '?\n' 0.00811->0.00819; '??' 0.0111->0.0112; '?' 0.00996->0.01
layers.7.mlp.down_proj	7	mlp.down_proj	745	0.2402	0.0004835	0.0003928	0.812	'?\n'	0.07516	0.07479	'?\n' 0.0752->0.0748; ' ' 0.0415->0.0416; '?' 0.00996->0.00993; '??' 0.0111->0.0111; '?\n' 0.00811->0.00809
layers.7.self_attn.v_proj	7	self_attn.v_proj	19	0.1719	0.0004388	0.000357	0.814	' '	0.04154	0.04159	' ' 0.0415->0.0416; '?\n' 0.0752->0.0752; '____' 0.00488->0.00487; '?\n' 0.00811->0.00812; '??' 0.0111->0.0111
layers.8.mlp.down_proj	8	mlp.down_proj	27	0.02148	0.0004217	0.0003419	0.811	'?\n'	0.07516	0.07522	'?\n' 0.0752->0.0752; ' -' 0.006->0.00597; '??' 0.0111->0.0112; '???' 0.00613->0.00614; '????' 0.00654->0.00655
layers.8.mlp.down_proj	8	mlp.down_proj	1012	0.0293	0.0004003	0.0003259	0.814	'?\n'	0.07516	0.07507	'?\n' 0.0752->0.0751; ' ' 0.0415->0.0416; '?' 0.00996->0.00994; '??' 0.0111->0.0111; '____' 0.00488->0.00487
layers.9.mlp.down_proj	9	mlp.down_proj	123	1	0.0004192	0.0003349	0.799	'?\n'	0.07516	0.07499	'?\n' 0.0752->0.075; '?' 0.00996->0.00992; '____' 0.00488->0.00484; '??' 0.0111->0.0111; ' -' 0.006->0.00597
layers.9.mlp.down_proj	9	mlp.down_proj	228	0.04883	0.000383	0.0003108	0.811	'?'	0.009965	0.009942	'?' 0.00996->0.00994; ' -' 0.006->0.00598; ' (' 0.00526->0.00525; '?\n' 0.00811->0.00812; ' ' 0.0415->0.0415
layers.9.mlp.down_proj	9	mlp.down_proj	355	0.01758	0.0003935	0.000316	0.803	'?'	0.009965	0.009937	'?' 0.00996->0.00994; '?\n' 0.0752->0.0751; ' -' 0.006->0.00599; '?\n' 0.00811->0.00812; '____' 0.00488->0.00488
layers.9.mlp.gate_proj	9	mlp.gate_proj	228	0.02539	0.0003858	0.0003111	0.806	' -'	0.005999	0.005982	' -' 0.006->0.00598; '?\n' 0.0752->0.0751; '____' 0.00488->0.00487; '?' 0.00996->0.00995; '??' 0.0111->0.0111
layers.9.mlp.gate_proj	9	mlp.gate_proj	230	1	0.0004147	0.0003339	0.805	'?\n'	0.07516	0.075	'?\n' 0.0752->0.075; '____' 0.00488->0.00483; '?' 0.00996->0.00992; '??' 0.0111->0.0111; ' ' 0.0415->0.0415
