source	site	layer	kind	position	label	l0
run	layers.0.mlp.down_proj	0	mlp.down_proj	0	<BOS>	4.0000
run	layers.0.mlp.down_proj	0	mlp.down_proj	1	a	10.7565
run	layers.0.mlp.down_proj	0	mlp.down_proj	2	op	4.0472
run	layers.0.mlp.down_proj	0	mlp.down_proj	3	b	8.9928
run	layers.0.mlp.down_proj	0	mlp.down_proj	4	=	3.0000
run	layers.0.mlp.gate_proj	0	mlp.gate_proj	0	<BOS>	16.0000
run	layers.0.mlp.gate_proj	0	mlp.gate_proj	1	a	7.2797
run	layers.0.mlp.gate_proj	0	mlp.gate_proj	2	op	3.9940
run	layers.0.mlp.gate_proj	0	mlp.gate_proj	3	b	6.2715
run	layers.0.mlp.gate_proj	0	mlp.gate_proj	4	=	3.0000
run	layers.0.mlp.up_proj	0	mlp.up_proj	0	<BOS>	14.0000
run	layers.0.mlp.up_proj	0	mlp.up_proj	1	a	7.2943
run	layers.0.mlp.up_proj	0	mlp.up_proj	2	op	3.0412
run	layers.0.mlp.up_proj	0	mlp.up_proj	3	b	5.7587
run	layers.0.mlp.up_proj	0	mlp.up_proj	4	=	3.0000
run	layers.0.self_attn.k_proj	0	self_attn.k_proj	0	<BOS>	8.0000
run	layers.0.self_attn.k_proj	0	self_attn.k_proj	1	a	1.0590
run	layers.0.self_attn.k_proj	0	self_attn.k_proj	2	op	2.0000
run	layers.0.self_attn.k_proj	0	self_attn.k_proj	3	b	1.0000
run	layers.0.self_attn.k_proj	0	self_attn.k_proj	4	=	0.0000
run	layers.0.self_attn.o_proj	0	self_attn.o_proj	0	<BOS>	2.0000
run	layers.0.self_attn.o_proj	0	self_attn.o_proj	1	a	3.0000
run	layers.0.self_attn.o_proj	0	self_attn.o_proj	2	op	3.5655
run	layers.0.self_attn.o_proj	0	self_attn.o_proj	3	b	3.5000
run	layers.0.self_attn.o_proj	0	self_attn.o_proj	4	=	2.5030
run	layers.0.self_attn.q_proj	0	self_attn.q_proj	0	<BOS>	0.0000
run	layers.0.self_attn.q_proj	0	self_attn.q_proj	1	a	1.0000
run	layers.0.self_attn.q_proj	0	self_attn.q_proj	2	op	1.4970
run	layers.0.self_attn.q_proj	0	self_attn.q_proj	3	b	1.0000
run	layers.0.self_attn.q_proj	0	self_attn.q_proj	4	=	1.0000
run	layers.0.self_attn.v_proj	0	self_attn.v_proj	0	<BOS>	5.0000
run	layers.0.self_attn.v_proj	0	self_attn.v_proj	1	a	1.2930
run	layers.0.self_attn.v_proj	0	self_attn.v_proj	2	op	1.5030
run	layers.0.self_attn.v_proj	0	self_attn.v_proj	3	b	1.0855
run	layers.0.self_attn.v_proj	0	self_attn.v_proj	4	=	0.5030
run	layers.1.mlp.down_proj	1	mlp.down_proj	0	<BOS>	22.0000
run	layers.1.mlp.down_proj	1	mlp.down_proj	1	a	5.3317
run	layers.1.mlp.down_proj	1	mlp.down_proj	2	op	4.7150
run	layers.1.mlp.down_proj	1	mlp.down_proj	3	b	8.0157
run	layers.1.mlp.down_proj	1	mlp.down_proj	4	=	2.0000
run	layers.1.mlp.gate_proj	1	mlp.gate_proj	0	<BOS>	31.0000
run	layers.1.mlp.gate_proj	1	mlp.gate_proj	1	a	3.1658
run	layers.1.mlp.gate_proj	1	mlp.gate_proj	2	op	3.0995
run	layers.1.mlp.gate_proj	1	mlp.gate_proj	3	b	6.0090
run	layers.1.mlp.gate_proj	1	mlp.gate_proj	4	=	3.4978
run	layers.1.mlp.up_proj	1	mlp.up_proj	0	<BOS>	38.0000
run	layers.1.mlp.up_proj	1	mlp.up_proj	1	a	2.7425
run	layers.1.mlp.up_proj	1	mlp.up_proj	2	op	2.4427
run	layers.1.mlp.up_proj	1	mlp.up_proj	3	b	6.2292
run	layers.1.mlp.up_proj	1	mlp.up_proj	4	=	2.0000
run	layers.1.self_attn.k_proj	1	self_attn.k_proj	0	<BOS>	2.0000
run	layers.1.self_attn.k_proj	1	self_attn.k_proj	1	a	3.0327
run	layers.1.self_attn.k_proj	1	self_attn.k_proj	2	op	3.5030
run	layers.1.self_attn.k_proj	1	self_attn.k_proj	3	b	2.0005
run	layers.1.self_attn.k_proj	1	self_attn.k_proj	4	=	1.0000
run	layers.1.self_attn.o_proj	1	self_attn.o_proj	0	<BOS>	0.0000
run	layers.1.self_attn.o_proj	1	self_attn.o_proj	1	a	1.8212
run	layers.1.self_attn.o_proj	1	self_attn.o_proj	2	op	6.6995
run	layers.1.self_attn.o_proj	1	self_attn.o_proj	3	b	5.4860
run	layers.1.self_attn.o_proj	1	self_attn.o_proj	4	=	2.0073
run	layers.1.self_attn.q_proj	1	self_attn.q_proj	0	<BOS>	0.0000
run	layers.1.self_attn.q_proj	1	self_attn.q_proj	1	a	2.0000
run	layers.1.self_attn.q_proj	1	self_attn.q_proj	2	op	2.0000
run	layers.1.self_attn.q_proj	1	self_attn.q_proj	3	b	2.2122
run	layers.1.self_attn.q_proj	1	self_attn.q_proj	4	=	2.0000
run	layers.1.self_attn.v_proj	1	self_attn.v_proj	0	<BOS>	1.0000
run	layers.1.self_attn.v_proj	1	self_attn.v_proj	1	a	6.7688
run	layers.1.self_attn.v_proj	1	self_attn.v_proj	2	op	1.9940
run	layers.1.self_attn.v_proj	1	self_attn.v_proj	3	b	1.0833
run	layers.1.self_attn.v_proj	1	self_attn.v_proj	4	=	0.0000
run	layers.10.mlp.down_proj	10	mlp.down_proj	0	<BOS>	1.0000
run	layers.10.mlp.down_proj	10	mlp.down_proj	1	a	1.3118
run	layers.10.mlp.down_proj	10	mlp.down_proj	2	op	4.8040
run	layers.10.mlp.down_proj	10	mlp.down_proj	3	b	4.4113
run	layers.10.mlp.down_proj	10	mlp.down_proj	4	=	2.6915
run	layers.10.mlp.gate_proj	10	mlp.gate_proj	0	<BOS>	3.0000
run	layers.10.mlp.gate_proj	10	mlp.gate_proj	1	a	1.8867
run	layers.10.mlp.gate_proj	10	mlp.gate_proj	2	op	3.1372
run	layers.10.mlp.gate_proj	10	mlp.gate_proj	3	b	2.8653
run	layers.10.mlp.gate_proj	10	mlp.gate_proj	4	=	1.5057
run	layers.10.mlp.up_proj	10	mlp.up_proj	0	<BOS>	5.0000
run	layers.10.mlp.up_proj	10	mlp.up_proj	1	a	2.0705
run	layers.10.mlp.up_proj	10	mlp.up_proj	2	op	3.1785
run	layers.10.mlp.up_proj	10	mlp.up_proj	3	b	3.0872
run	layers.10.mlp.up_proj	10	mlp.up_proj	4	=	1.6882
run	layers.10.self_attn.k_proj	10	self_attn.k_proj	0	<BOS>	3.0000
run	layers.10.self_attn.k_proj	10	self_attn.k_proj	1	a	1.0000
run	layers.10.self_attn.k_proj	10	self_attn.k_proj	2	op	0.9890
run	layers.10.self_attn.k_proj	10	self_attn.k_proj	3	b	1.0788
run	layers.10.self_attn.k_proj	10	self_attn.k_proj	4	=	1.0002
run	layers.10.self_attn.o_proj	10	self_attn.o_proj	0	<BOS>	1.0000
run	layers.10.self_attn.o_proj	10	self_attn.o_proj	1	a	1.0000
run	layers.10.self_attn.o_proj	10	self_attn.o_proj	2	op	1.0000
run	layers.10.self_attn.o_proj	10	self_attn.o_proj	3	b	1.4553
run	layers.10.self_attn.o_proj	10	self_attn.o_proj	4	=	1.9993
run	layers.10.self_attn.q_proj	10	self_attn.q_proj	0	<BOS>	0.0000
run	layers.10.self_attn.q_proj	10	self_attn.q_proj	1	a	1.0000
run	layers.10.self_attn.q_proj	10	self_attn.q_proj	2	op	1.0000
run	layers.10.self_attn.q_proj	10	self_attn.q_proj	3	b	1.0000
run	layers.10.self_attn.q_proj	10	self_attn.q_proj	4	=	1.0000
run	layers.10.self_attn.v_proj	10	self_attn.v_proj	0	<BOS>	2.0000
run	layers.10.self_attn.v_proj	10	self_attn.v_proj	1	a	1.0000
run	layers.10.self_attn.v_proj	10	self_attn.v_proj	2	op	0.9860
run	layers.10.self_attn.v_proj	10	self_attn.v_proj	3	b	1.2418
run	layers.10.self_attn.v_proj	10	self_attn.v_proj	4	=	0.9990
run	layers.11.mlp.down_proj	11	mlp.down_proj	0	<BOS>	2.0000
run	layers.11.mlp.down_proj	11	mlp.down_proj	1	a	4.3835
run	layers.11.mlp.down_proj	11	mlp.down_proj	2	op	4.2945
run	layers.11.mlp.down_proj	11	mlp.down_proj	3	b	6.2682
run	layers.11.mlp.down_proj	11	mlp.down_proj	4	=	2.0817
run	layers.11.mlp.gate_proj	11	mlp.gate_proj	0	<BOS>	2.0000
run	layers.11.mlp.gate_proj	11	mlp.gate_proj	1	a	4.2958
run	layers.11.mlp.gate_proj	11	mlp.gate_proj	2	op	2.7645
run	layers.11.mlp.gate_proj	11	mlp.gate_proj	3	b	4.7473
run	layers.11.mlp.gate_proj	11	mlp.gate_proj	4	=	1.8290
run	layers.11.mlp.up_proj	11	mlp.up_proj	0	<BOS>	1.0000
run	layers.11.mlp.up_proj	11	mlp.up_proj	1	a	2.5295
run	layers.11.mlp.up_proj	11	mlp.up_proj	2	op	2.8760
run	layers.11.mlp.up_proj	11	mlp.up_proj	3	b	3.3472
run	layers.11.mlp.up_proj	11	mlp.up_proj	4	=	1.9770
run	layers.11.self_attn.k_proj	11	self_attn.k_proj	0	<BOS>	3.0000
run	layers.11.self_attn.k_proj	11	self_attn.k_proj	1	a	1.0000
run	layers.11.self_attn.k_proj	11	self_attn.k_proj	2	op	0.9425
run	layers.11.self_attn.k_proj	11	self_attn.k_proj	3	b	0.7048
run	layers.11.self_attn.k_proj	11	self_attn.k_proj	4	=	0.0008
run	layers.11.self_attn.o_proj	11	self_attn.o_proj	0	<BOS>	0.0003
run	layers.11.self_attn.o_proj	11	self_attn.o_proj	1	a	1.0000
run	layers.11.self_attn.o_proj	11	self_attn.o_proj	2	op	1.0000
run	layers.11.self_attn.o_proj	11	self_attn.o_proj	3	b	1.1847
run	layers.11.self_attn.o_proj	11	self_attn.o_proj	4	=	1.0000
run	layers.11.self_attn.q_proj	11	self_attn.q_proj	0	<BOS>	0.0000
run	layers.11.self_attn.q_proj	11	self_attn.q_proj	1	a	1.0000
run	layers.11.self_attn.q_proj	11	self_attn.q_proj	2	op	1.0000
run	layers.11.self_attn.q_proj	11	self_attn.q_proj	3	b	1.1600
run	layers.11.self_attn.q_proj	11	self_attn.q_proj	4	=	1.0000
run	layers.11.self_attn.v_proj	11	self_attn.v_proj	0	<BOS>	4.0005
run	layers.11.self_attn.v_proj	11	self_attn.v_proj	1	a	1.0000
run	layers.11.self_attn.v_proj	11	self_attn.v_proj	2	op	0.9920
run	layers.11.self_attn.v_proj	11	self_attn.v_proj	3	b	0.4947
run	layers.11.self_attn.v_proj	11	self_attn.v_proj	4	=	0.0000
run	layers.12.mlp.down_proj	12	mlp.down_proj	0	<BOS>	1.0000
run	layers.12.mlp.down_proj	12	mlp.down_proj	1	a	4.7492
run	layers.12.mlp.down_proj	12	mlp.down_proj	2	op	4.0547
run	layers.12.mlp.down_proj	12	mlp.down_proj	3	b	7.1968
run	layers.12.mlp.down_proj	12	mlp.down_proj	4	=	2.1632
run	layers.12.mlp.gate_proj	12	mlp.gate_proj	0	<BOS>	1.0000
run	layers.12.mlp.gate_proj	12	mlp.gate_proj	1	a	5.4033
run	layers.12.mlp.gate_proj	12	mlp.gate_proj	2	op	3.0062
run	layers.12.mlp.gate_proj	12	mlp.gate_proj	3	b	6.1935
run	layers.12.mlp.gate_proj	12	mlp.gate_proj	4	=	1.9765
run	layers.12.mlp.up_proj	12	mlp.up_proj	0	<BOS>	2.0000
run	layers.12.mlp.up_proj	12	mlp.up_proj	1	a	3.5993
run	layers.12.mlp.up_proj	12	mlp.up_proj	2	op	3.3157
run	layers.12.mlp.up_proj	12	mlp.up_proj	3	b	4.3875
run	layers.12.mlp.up_proj	12	mlp.up_proj	4	=	1.7880
run	layers.12.self_attn.k_proj	12	self_attn.k_proj	0	<BOS>	2.0000
run	layers.12.self_attn.k_proj	12	self_attn.k_proj	1	a	1.0000
run	layers.12.self_attn.k_proj	12	self_attn.k_proj	2	op	1.0000
run	layers.12.self_attn.k_proj	12	self_attn.k_proj	3	b	1.0000
run	layers.12.self_attn.k_proj	12	self_attn.k_proj	4	=	1.0000
run	layers.12.self_attn.o_proj	12	self_attn.o_proj	0	<BOS>	0.0000
run	layers.12.self_attn.o_proj	12	self_attn.o_proj	1	a	2.0000
run	layers.12.self_attn.o_proj	12	self_attn.o_proj	2	op	1.9760
run	layers.12.self_attn.o_proj	12	self_attn.o_proj	3	b	1.8110
run	layers.12.self_attn.o_proj	12	self_attn.o_proj	4	=	1.0002
run	layers.12.self_attn.q_proj	12	self_attn.q_proj	0	<BOS>	0.0000
run	layers.12.self_attn.q_proj	12	self_attn.q_proj	1	a	1.0000
run	layers.12.self_attn.q_proj	12	self_attn.q_proj	2	op	1.0000
run	layers.12.self_attn.q_proj	12	self_attn.q_proj	3	b	1.4520
run	layers.12.self_attn.q_proj	12	self_attn.q_proj	4	=	1.0000
run	layers.12.self_attn.v_proj	12	self_attn.v_proj	0	<BOS>	2.0000
run	layers.12.self_attn.v_proj	12	self_attn.v_proj	1	a	2.0000
run	layers.12.self_attn.v_proj	12	self_attn.v_proj	2	op	1.5340
run	layers.12.self_attn.v_proj	12	self_attn.v_proj	3	b	1.3943
run	layers.12.self_attn.v_proj	12	self_attn.v_proj	4	=	1.0007
run	layers.13.mlp.down_proj	13	mlp.down_proj	0	<BOS>	2.0000
run	layers.13.mlp.down_proj	13	mlp.down_proj	1	a	5.4193
run	layers.13.mlp.down_proj	13	mlp.down_proj	2	op	3.7143
run	layers.13.mlp.down_proj	13	mlp.down_proj	3	b	7.5585
run	layers.13.mlp.down_proj	13	mlp.down_proj	4	=	3.0942
run	layers.13.mlp.gate_proj	13	mlp.gate_proj	0	<BOS>	1.0000
run	layers.13.mlp.gate_proj	13	mlp.gate_proj	1	a	3.9730
run	layers.13.mlp.gate_proj	13	mlp.gate_proj	2	op	3.0882
run	layers.13.mlp.gate_proj	13	mlp.gate_proj	3	b	6.3755
run	layers.13.mlp.gate_proj	13	mlp.gate_proj	4	=	1.9998
run	layers.13.mlp.up_proj	13	mlp.up_proj	0	<BOS>	1.0000
run	layers.13.mlp.up_proj	13	mlp.up_proj	1	a	3.6562
run	layers.13.mlp.up_proj	13	mlp.up_proj	2	op	2.9405
run	layers.13.mlp.up_proj	13	mlp.up_proj	3	b	5.1213
run	layers.13.mlp.up_proj	13	mlp.up_proj	4	=	2.0315
run	layers.13.self_attn.k_proj	13	self_attn.k_proj	0	<BOS>	3.0000
run	layers.13.self_attn.k_proj	13	self_attn.k_proj	1	a	0.5297
run	layers.13.self_attn.k_proj	13	self_attn.k_proj	2	op	0.9308
run	layers.13.self_attn.k_proj	13	self_attn.k_proj	3	b	0.8273
run	layers.13.self_attn.k_proj	13	self_attn.k_proj	4	=	1.0043
run	layers.13.self_attn.o_proj	13	self_attn.o_proj	0	<BOS>	0.0000
run	layers.13.self_attn.o_proj	13	self_attn.o_proj	1	a	1.0000
run	layers.13.self_attn.o_proj	13	self_attn.o_proj	2	op	1.0000
run	layers.13.self_attn.o_proj	13	self_attn.o_proj	3	b	1.4928
run	layers.13.self_attn.o_proj	13	self_attn.o_proj	4	=	3.2005
run	layers.13.self_attn.q_proj	13	self_attn.q_proj	0	<BOS>	0.0000
run	layers.13.self_attn.q_proj	13	self_attn.q_proj	1	a	1.0000
run	layers.13.self_attn.q_proj	13	self_attn.q_proj	2	op	1.0000
run	layers.13.self_attn.q_proj	13	self_attn.q_proj	3	b	1.0000
run	layers.13.self_attn.q_proj	13	self_attn.q_proj	4	=	1.0000
run	layers.13.self_attn.v_proj	13	self_attn.v_proj	0	<BOS>	2.0000
run	layers.13.self_attn.v_proj	13	self_attn.v_proj	1	a	1.0007
run	layers.13.self_attn.v_proj	13	self_attn.v_proj	2	op	0.9377
run	layers.13.self_attn.v_proj	13	self_attn.v_proj	3	b	1.4780
run	layers.13.self_attn.v_proj	13	self_attn.v_proj	4	=	1.5022
run	layers.14.mlp.down_proj	14	mlp.down_proj	0	<BOS>	3.0000
run	layers.14.mlp.down_proj	14	mlp.down_proj	1	a	4.9338
run	layers.14.mlp.down_proj	14	mlp.down_proj	2	op	3.8712
run	layers.14.mlp.down_proj	14	mlp.down_proj	3	b	8.0127
run	layers.14.mlp.down_proj	14	mlp.down_proj	4	=	2.1672
run	layers.14.mlp.gate_proj	14	mlp.gate_proj	0	<BOS>	2.0000
run	layers.14.mlp.gate_proj	14	mlp.gate_proj	1	a	4.0443
run	layers.14.mlp.gate_proj	14	mlp.gate_proj	2	op	2.3108
run	layers.14.mlp.gate_proj	14	mlp.gate_proj	3	b	5.9732
run	layers.14.mlp.gate_proj	14	mlp.gate_proj	4	=	2.0417
run	layers.14.mlp.up_proj	14	mlp.up_proj	0	<BOS>	2.0000
run	layers.14.mlp.up_proj	14	mlp.up_proj	1	a	4.3725
run	layers.14.mlp.up_proj	14	mlp.up_proj	2	op	2.8298
run	layers.14.mlp.up_proj	14	mlp.up_proj	3	b	5.1427
run	layers.14.mlp.up_proj	14	mlp.up_proj	4	=	1.8645
run	layers.14.self_attn.k_proj	14	self_attn.k_proj	0	<BOS>	2.0000
run	layers.14.self_attn.k_proj	14	self_attn.k_proj	1	a	1.0000
run	layers.14.self_attn.k_proj	14	self_attn.k_proj	2	op	1.3008
run	layers.14.self_attn.k_proj	14	self_attn.k_proj	3	b	0.9983
run	layers.14.self_attn.k_proj	14	self_attn.k_proj	4	=	1.0000
run	layers.14.self_attn.o_proj	14	self_attn.o_proj	0	<BOS>	1.0000
run	layers.14.self_attn.o_proj	14	self_attn.o_proj	1	a	1.0000
run	layers.14.self_attn.o_proj	14	self_attn.o_proj	2	op	1.7685
run	layers.14.self_attn.o_proj	14	self_attn.o_proj	3	b	2.0157
run	layers.14.self_attn.o_proj	14	self_attn.o_proj	4	=	2.0587
run	layers.14.self_attn.q_proj	14	self_attn.q_proj	0	<BOS>	0.0000
run	layers.14.self_attn.q_proj	14	self_attn.q_proj	1	a	1.0005
run	layers.14.self_attn.q_proj	14	self_attn.q_proj	2	op	1.4918
run	layers.14.self_attn.q_proj	14	self_attn.q_proj	3	b	1.6882
run	layers.14.self_attn.q_proj	14	self_attn.q_proj	4	=	1.4952
run	layers.14.self_attn.v_proj	14	self_attn.v_proj	0	<BOS>	2.0000
run	layers.14.self_attn.v_proj	14	self_attn.v_proj	1	a	2.0227
run	layers.14.self_attn.v_proj	14	self_attn.v_proj	2	op	1.0015
run	layers.14.self_attn.v_proj	14	self_attn.v_proj	3	b	1.7700
run	layers.14.self_attn.v_proj	14	self_attn.v_proj	4	=	1.0002
run	layers.15.mlp.down_proj	15	mlp.down_proj	0	<BOS>	3.0000
run	layers.15.mlp.down_proj	15	mlp.down_proj	1	a	4.0460
run	layers.15.mlp.down_proj	15	mlp.down_proj	2	op	3.3038
run	layers.15.mlp.down_proj	15	mlp.down_proj	3	b	5.7740
run	layers.15.mlp.down_proj	15	mlp.down_proj	4	=	8.0107
run	layers.15.mlp.gate_proj	15	mlp.gate_proj	0	<BOS>	4.0000
run	layers.15.mlp.gate_proj	15	mlp.gate_proj	1	a	4.1277
run	layers.15.mlp.gate_proj	15	mlp.gate_proj	2	op	2.5417
run	layers.15.mlp.gate_proj	15	mlp.gate_proj	3	b	4.7182
run	layers.15.mlp.gate_proj	15	mlp.gate_proj	4	=	4.6370
run	layers.15.mlp.up_proj	15	mlp.up_proj	0	<BOS>	4.0000
run	layers.15.mlp.up_proj	15	mlp.up_proj	1	a	2.9148
run	layers.15.mlp.up_proj	15	mlp.up_proj	2	op	3.0823
run	layers.15.mlp.up_proj	15	mlp.up_proj	3	b	4.6277
run	layers.15.mlp.up_proj	15	mlp.up_proj	4	=	5.6300
run	layers.15.self_attn.k_proj	15	self_attn.k_proj	0	<BOS>	1.0000
run	layers.15.self_attn.k_proj	15	self_attn.k_proj	1	a	1.0780
run	layers.15.self_attn.k_proj	15	self_attn.k_proj	2	op	1.0000
run	layers.15.self_attn.k_proj	15	self_attn.k_proj	3	b	2.0003
run	layers.15.self_attn.k_proj	15	self_attn.k_proj	4	=	1.0000
run	layers.15.self_attn.o_proj	15	self_attn.o_proj	0	<BOS>	0.0000
run	layers.15.self_attn.o_proj	15	self_attn.o_proj	1	a	1.0040
run	layers.15.self_attn.o_proj	15	self_attn.o_proj	2	op	1.0535
run	layers.15.self_attn.o_proj	15	self_attn.o_proj	3	b	2.7965
run	layers.15.self_attn.o_proj	15	self_attn.o_proj	4	=	10.6873
run	layers.15.self_attn.q_proj	15	self_attn.q_proj	0	<BOS>	0.0000
run	layers.15.self_attn.q_proj	15	self_attn.q_proj	1	a	1.0000
run	layers.15.self_attn.q_proj	15	self_attn.q_proj	2	op	1.0000
run	layers.15.self_attn.q_proj	15	self_attn.q_proj	3	b	1.4857
run	layers.15.self_attn.q_proj	15	self_attn.q_proj	4	=	2.0003
run	layers.15.self_attn.v_proj	15	self_attn.v_proj	0	<BOS>	3.0000
run	layers.15.self_attn.v_proj	15	self_attn.v_proj	1	a	1.0905
run	layers.15.self_attn.v_proj	15	self_attn.v_proj	2	op	1.1712
run	layers.15.self_attn.v_proj	15	self_attn.v_proj	3	b	9.8872
run	layers.15.self_attn.v_proj	15	self_attn.v_proj	4	=	0.9582
run	layers.16.mlp.down_proj	16	mlp.down_proj	0	<BOS>	2.0000
run	layers.16.mlp.down_proj	16	mlp.down_proj	1	a	6.6210
run	layers.16.mlp.down_proj	16	mlp.down_proj	2	op	4.8565
run	layers.16.mlp.down_proj	16	mlp.down_proj	3	b	6.6020
run	layers.16.mlp.down_proj	16	mlp.down_proj	4	=	9.5635
run	layers.16.mlp.gate_proj	16	mlp.gate_proj	0	<BOS>	2.0000
run	layers.16.mlp.gate_proj	16	mlp.gate_proj	1	a	3.8028
run	layers.16.mlp.gate_proj	16	mlp.gate_proj	2	op	2.9523
run	layers.16.mlp.gate_proj	16	mlp.gate_proj	3	b	4.5943
run	layers.16.mlp.gate_proj	16	mlp.gate_proj	4	=	7.5315
run	layers.16.mlp.up_proj	16	mlp.up_proj	0	<BOS>	1.0000
run	layers.16.mlp.up_proj	16	mlp.up_proj	1	a	3.0915
run	layers.16.mlp.up_proj	16	mlp.up_proj	2	op	3.2630
run	layers.16.mlp.up_proj	16	mlp.up_proj	3	b	4.3665
run	layers.16.mlp.up_proj	16	mlp.up_proj	4	=	6.6485
run	layers.16.self_attn.k_proj	16	self_attn.k_proj	0	<BOS>	1.0000
run	layers.16.self_attn.k_proj	16	self_attn.k_proj	1	a	1.0007
run	layers.16.self_attn.k_proj	16	self_attn.k_proj	2	op	1.0125
run	layers.16.self_attn.k_proj	16	self_attn.k_proj	3	b	1.6205
run	layers.16.self_attn.k_proj	16	self_attn.k_proj	4	=	1.0005
run	layers.16.self_attn.o_proj	16	self_attn.o_proj	0	<BOS>	1.0000
run	layers.16.self_attn.o_proj	16	self_attn.o_proj	1	a	1.2665
run	layers.16.self_attn.o_proj	16	self_attn.o_proj	2	op	4.0712
run	layers.16.self_attn.o_proj	16	self_attn.o_proj	3	b	3.2695
run	layers.16.self_attn.o_proj	16	self_attn.o_proj	4	=	11.6337
run	layers.16.self_attn.q_proj	16	self_attn.q_proj	0	<BOS>	0.0000
run	layers.16.self_attn.q_proj	16	self_attn.q_proj	1	a	1.0000
run	layers.16.self_attn.q_proj	16	self_attn.q_proj	2	op	1.7602
run	layers.16.self_attn.q_proj	16	self_attn.q_proj	3	b	1.3043
run	layers.16.self_attn.q_proj	16	self_attn.q_proj	4	=	2.0000
run	layers.16.self_attn.v_proj	16	self_attn.v_proj	0	<BOS>	1.0000
run	layers.16.self_attn.v_proj	16	self_attn.v_proj	1	a	7.9868
run	layers.16.self_attn.v_proj	16	self_attn.v_proj	2	op	2.1147
run	layers.16.self_attn.v_proj	16	self_attn.v_proj	3	b	2.3680
run	layers.16.self_attn.v_proj	16	self_attn.v_proj	4	=	1.0002
run	layers.17.mlp.down_proj	17	mlp.down_proj	0	<BOS>	2.0000
run	layers.17.mlp.down_proj	17	mlp.down_proj	1	a	4.2632
run	layers.17.mlp.down_proj	17	mlp.down_proj	2	op	3.3570
run	layers.17.mlp.down_proj	17	mlp.down_proj	3	b	6.1320
run	layers.17.mlp.down_proj	17	mlp.down_proj	4	=	8.7708
run	layers.17.mlp.gate_proj	17	mlp.gate_proj	0	<BOS>	2.0000
run	layers.17.mlp.gate_proj	17	mlp.gate_proj	1	a	3.8577
run	layers.17.mlp.gate_proj	17	mlp.gate_proj	2	op	3.4413
run	layers.17.mlp.gate_proj	17	mlp.gate_proj	3	b	4.7350
run	layers.17.mlp.gate_proj	17	mlp.gate_proj	4	=	5.4598
run	layers.17.mlp.up_proj	17	mlp.up_proj	0	<BOS>	1.0000
run	layers.17.mlp.up_proj	17	mlp.up_proj	1	a	2.6388
run	layers.17.mlp.up_proj	17	mlp.up_proj	2	op	3.0080
run	layers.17.mlp.up_proj	17	mlp.up_proj	3	b	3.4870
run	layers.17.mlp.up_proj	17	mlp.up_proj	4	=	7.2638
run	layers.17.self_attn.k_proj	17	self_attn.k_proj	0	<BOS>	1.0000
run	layers.17.self_attn.k_proj	17	self_attn.k_proj	1	a	1.0000
run	layers.17.self_attn.k_proj	17	self_attn.k_proj	2	op	0.9995
run	layers.17.self_attn.k_proj	17	self_attn.k_proj	3	b	0.9262
run	layers.17.self_attn.k_proj	17	self_attn.k_proj	4	=	0.0015
run	layers.17.self_attn.o_proj	17	self_attn.o_proj	0	<BOS>	1.0000
run	layers.17.self_attn.o_proj	17	self_attn.o_proj	1	a	1.0000
run	layers.17.self_attn.o_proj	17	self_attn.o_proj	2	op	1.0370
run	layers.17.self_attn.o_proj	17	self_attn.o_proj	3	b	2.8382
run	layers.17.self_attn.o_proj	17	self_attn.o_proj	4	=	1.0015
run	layers.17.self_attn.q_proj	17	self_attn.q_proj	0	<BOS>	0.0000
run	layers.17.self_attn.q_proj	17	self_attn.q_proj	1	a	1.0000
run	layers.17.self_attn.q_proj	17	self_attn.q_proj	2	op	1.0005
run	layers.17.self_attn.q_proj	17	self_attn.q_proj	3	b	1.9960
run	layers.17.self_attn.q_proj	17	self_attn.q_proj	4	=	1.0007
run	layers.17.self_attn.v_proj	17	self_attn.v_proj	0	<BOS>	2.0000
run	layers.17.self_attn.v_proj	17	self_attn.v_proj	1	a	1.0000
run	layers.17.self_attn.v_proj	17	self_attn.v_proj	2	op	2.2615
run	layers.17.self_attn.v_proj	17	self_attn.v_proj	3	b	1.6398
run	layers.17.self_attn.v_proj	17	self_attn.v_proj	4	=	0.2663
run	layers.18.mlp.down_proj	18	mlp.down_proj	0	<BOS>	1.0000
run	layers.18.mlp.down_proj	18	mlp.down_proj	1	a	4.3350
run	layers.18.mlp.down_proj	18	mlp.down_proj	2	op	5.1462
run	layers.18.mlp.down_proj	18	mlp.down_proj	3	b	4.4650
run	layers.18.mlp.down_proj	18	mlp.down_proj	4	=	14.7767
run	layers.18.mlp.gate_proj	18	mlp.gate_proj	0	<BOS>	2.0000
run	layers.18.mlp.gate_proj	18	mlp.gate_proj	1	a	3.3788
run	layers.18.mlp.gate_proj	18	mlp.gate_proj	2	op	4.2558
run	layers.18.mlp.gate_proj	18	mlp.gate_proj	3	b	4.3733
run	layers.18.mlp.gate_proj	18	mlp.gate_proj	4	=	12.2710
run	layers.18.mlp.up_proj	18	mlp.up_proj	0	<BOS>	1.0000
run	layers.18.mlp.up_proj	18	mlp.up_proj	1	a	3.2057
run	layers.18.mlp.up_proj	18	mlp.up_proj	2	op	3.2043
run	layers.18.mlp.up_proj	18	mlp.up_proj	3	b	3.3550
run	layers.18.mlp.up_proj	18	mlp.up_proj	4	=	12.9815
run	layers.18.self_attn.k_proj	18	self_attn.k_proj	0	<BOS>	1.0000
run	layers.18.self_attn.k_proj	18	self_attn.k_proj	1	a	1.0060
run	layers.18.self_attn.k_proj	18	self_attn.k_proj	2	op	1.4052
run	layers.18.self_attn.k_proj	18	self_attn.k_proj	3	b	1.0028
run	layers.18.self_attn.k_proj	18	self_attn.k_proj	4	=	0.6360
run	layers.18.self_attn.o_proj	18	self_attn.o_proj	0	<BOS>	1.0000
run	layers.18.self_attn.o_proj	18	self_attn.o_proj	1	a	1.0000
run	layers.18.self_attn.o_proj	18	self_attn.o_proj	2	op	4.5610
run	layers.18.self_attn.o_proj	18	self_attn.o_proj	3	b	1.0610
run	layers.18.self_attn.o_proj	18	self_attn.o_proj	4	=	5.0212
run	layers.18.self_attn.q_proj	18	self_attn.q_proj	0	<BOS>	0.0000
run	layers.18.self_attn.q_proj	18	self_attn.q_proj	1	a	1.0000
run	layers.18.self_attn.q_proj	18	self_attn.q_proj	2	op	1.6437
run	layers.18.self_attn.q_proj	18	self_attn.q_proj	3	b	1.0315
run	layers.18.self_attn.q_proj	18	self_attn.q_proj	4	=	2.0322
run	layers.18.self_attn.v_proj	18	self_attn.v_proj	0	<BOS>	1.0000
run	layers.18.self_attn.v_proj	18	self_attn.v_proj	1	a	3.9740
run	layers.18.self_attn.v_proj	18	self_attn.v_proj	2	op	1.1228
run	layers.18.self_attn.v_proj	18	self_attn.v_proj	3	b	3.1588
run	layers.18.self_attn.v_proj	18	self_attn.v_proj	4	=	0.0005
run	layers.19.mlp.down_proj	19	mlp.down_proj	0	<BOS>	2.0000
run	layers.19.mlp.down_proj	19	mlp.down_proj	1	a	4.6233
run	layers.19.mlp.down_proj	19	mlp.down_proj	2	op	4.7050
run	layers.19.mlp.down_proj	19	mlp.down_proj	3	b	4.8375
run	layers.19.mlp.down_proj	19	mlp.down_proj	4	=	8.3335
run	layers.19.mlp.gate_proj	19	mlp.gate_proj	0	<BOS>	1.0000
run	layers.19.mlp.gate_proj	19	mlp.gate_proj	1	a	3.0433
run	layers.19.mlp.gate_proj	19	mlp.gate_proj	2	op	3.1312
run	layers.19.mlp.gate_proj	19	mlp.gate_proj	3	b	3.3963
run	layers.19.mlp.gate_proj	19	mlp.gate_proj	4	=	6.2980
run	layers.19.mlp.up_proj	19	mlp.up_proj	0	<BOS>	1.0000
run	layers.19.mlp.up_proj	19	mlp.up_proj	1	a	2.5533
run	layers.19.mlp.up_proj	19	mlp.up_proj	2	op	3.2908
run	layers.19.mlp.up_proj	19	mlp.up_proj	3	b	2.9900
run	layers.19.mlp.up_proj	19	mlp.up_proj	4	=	6.2463
run	layers.19.self_attn.k_proj	19	self_attn.k_proj	0	<BOS>	2.0000
run	layers.19.self_attn.k_proj	19	self_attn.k_proj	1	a	1.0000
run	layers.19.self_attn.k_proj	19	self_attn.k_proj	2	op	1.0000
run	layers.19.self_attn.k_proj	19	self_attn.k_proj	3	b	0.9682
run	layers.19.self_attn.k_proj	19	self_attn.k_proj	4	=	0.0025
run	layers.19.self_attn.o_proj	19	self_attn.o_proj	0	<BOS>	1.0000
run	layers.19.self_attn.o_proj	19	self_attn.o_proj	1	a	1.0000
run	layers.19.self_attn.o_proj	19	self_attn.o_proj	2	op	1.0000
run	layers.19.self_attn.o_proj	19	self_attn.o_proj	3	b	1.0000
run	layers.19.self_attn.o_proj	19	self_attn.o_proj	4	=	1.0000
run	layers.19.self_attn.q_proj	19	self_attn.q_proj	0	<BOS>	0.0000
run	layers.19.self_attn.q_proj	19	self_attn.q_proj	1	a	1.0000
run	layers.19.self_attn.q_proj	19	self_attn.q_proj	2	op	1.0000
run	layers.19.self_attn.q_proj	19	self_attn.q_proj	3	b	1.0000
run	layers.19.self_attn.q_proj	19	self_attn.q_proj	4	=	1.0000
run	layers.19.self_attn.v_proj	19	self_attn.v_proj	0	<BOS>	1.0000
run	layers.19.self_attn.v_proj	19	self_attn.v_proj	1	a	1.0002
run	layers.19.self_attn.v_proj	19	self_attn.v_proj	2	op	0.9613
run	layers.19.self_attn.v_proj	19	self_attn.v_proj	3	b	0.1560
run	layers.19.self_attn.v_proj	19	self_attn.v_proj	4	=	0.0000
run	layers.2.mlp.down_proj	2	mlp.down_proj	0	<BOS>	2.0000
run	layers.2.mlp.down_proj	2	mlp.down_proj	1	a	4.5345
run	layers.2.mlp.down_proj	2	mlp.down_proj	2	op	4.0315
run	layers.2.mlp.down_proj	2	mlp.down_proj	3	b	7.4983
run	layers.2.mlp.down_proj	2	mlp.down_proj	4	=	2.0000
run	layers.2.mlp.gate_proj	2	mlp.gate_proj	0	<BOS>	1.0000
run	layers.2.mlp.gate_proj	2	mlp.gate_proj	1	a	3.2430
run	layers.2.mlp.gate_proj	2	mlp.gate_proj	2	op	3.4550
run	layers.2.mlp.gate_proj	2	mlp.gate_proj	3	b	4.7010
run	layers.2.mlp.gate_proj	2	mlp.gate_proj	4	=	1.9940
run	layers.2.mlp.up_proj	2	mlp.up_proj	0	<BOS>	3.0000
run	layers.2.mlp.up_proj	2	mlp.up_proj	1	a	3.6235
run	layers.2.mlp.up_proj	2	mlp.up_proj	2	op	3.1133
run	layers.2.mlp.up_proj	2	mlp.up_proj	3	b	5.4635
run	layers.2.mlp.up_proj	2	mlp.up_proj	4	=	1.0000
run	layers.2.self_attn.k_proj	2	self_attn.k_proj	0	<BOS>	3.0000
run	layers.2.self_attn.k_proj	2	self_attn.k_proj	1	a	2.0990
run	layers.2.self_attn.k_proj	2	self_attn.k_proj	2	op	3.0703
run	layers.2.self_attn.k_proj	2	self_attn.k_proj	3	b	1.0438
run	layers.2.self_attn.k_proj	2	self_attn.k_proj	4	=	1.0000
run	layers.2.self_attn.o_proj	2	self_attn.o_proj	0	<BOS>	0.0000
run	layers.2.self_attn.o_proj	2	self_attn.o_proj	1	a	1.0000
run	layers.2.self_attn.o_proj	2	self_attn.o_proj	2	op	2.1003
run	layers.2.self_attn.o_proj	2	self_attn.o_proj	3	b	4.3225
run	layers.2.self_attn.o_proj	2	self_attn.o_proj	4	=	3.5738
run	layers.2.self_attn.q_proj	2	self_attn.q_proj	0	<BOS>	0.0000
run	layers.2.self_attn.q_proj	2	self_attn.q_proj	1	a	1.0000
run	layers.2.self_attn.q_proj	2	self_attn.q_proj	2	op	2.1525
run	layers.2.self_attn.q_proj	2	self_attn.q_proj	3	b	4.6182
run	layers.2.self_attn.q_proj	2	self_attn.q_proj	4	=	3.0000
run	layers.2.self_attn.v_proj	2	self_attn.v_proj	0	<BOS>	2.0000
run	layers.2.self_attn.v_proj	2	self_attn.v_proj	1	a	2.1075
run	layers.2.self_attn.v_proj	2	self_attn.v_proj	2	op	4.2283
run	layers.2.self_attn.v_proj	2	self_attn.v_proj	3	b	0.8472
run	layers.2.self_attn.v_proj	2	self_attn.v_proj	4	=	1.0000
run	layers.20.mlp.down_proj	20	mlp.down_proj	0	<BOS>	1.0000
run	layers.20.mlp.down_proj	20	mlp.down_proj	1	a	4.4955
run	layers.20.mlp.down_proj	20	mlp.down_proj	2	op	4.2772
run	layers.20.mlp.down_proj	20	mlp.down_proj	3	b	4.7937
run	layers.20.mlp.down_proj	20	mlp.down_proj	4	=	9.0100
run	layers.20.mlp.gate_proj	20	mlp.gate_proj	0	<BOS>	3.0000
run	layers.20.mlp.gate_proj	20	mlp.gate_proj	1	a	3.5645
run	layers.20.mlp.gate_proj	20	mlp.gate_proj	2	op	3.8403
run	layers.20.mlp.gate_proj	20	mlp.gate_proj	3	b	3.7905
run	layers.20.mlp.gate_proj	20	mlp.gate_proj	4	=	5.0357
run	layers.20.mlp.up_proj	20	mlp.up_proj	0	<BOS>	2.0000
run	layers.20.mlp.up_proj	20	mlp.up_proj	1	a	3.1058
run	layers.20.mlp.up_proj	20	mlp.up_proj	2	op	3.5760
run	layers.20.mlp.up_proj	20	mlp.up_proj	3	b	3.3365
run	layers.20.mlp.up_proj	20	mlp.up_proj	4	=	7.4825
run	layers.20.self_attn.k_proj	20	self_attn.k_proj	0	<BOS>	1.0000
run	layers.20.self_attn.k_proj	20	self_attn.k_proj	1	a	1.0197
run	layers.20.self_attn.k_proj	20	self_attn.k_proj	2	op	1.1443
run	layers.20.self_attn.k_proj	20	self_attn.k_proj	3	b	1.0040
run	layers.20.self_attn.k_proj	20	self_attn.k_proj	4	=	0.0375
run	layers.20.self_attn.o_proj	20	self_attn.o_proj	0	<BOS>	0.0000
run	layers.20.self_attn.o_proj	20	self_attn.o_proj	1	a	0.9635
run	layers.20.self_attn.o_proj	20	self_attn.o_proj	2	op	1.0922
run	layers.20.self_attn.o_proj	20	self_attn.o_proj	3	b	0.9185
run	layers.20.self_attn.o_proj	20	self_attn.o_proj	4	=	1.1317
run	layers.20.self_attn.q_proj	20	self_attn.q_proj	0	<BOS>	0.0000
run	layers.20.self_attn.q_proj	20	self_attn.q_proj	1	a	1.0187
run	layers.20.self_attn.q_proj	20	self_attn.q_proj	2	op	1.1632
run	layers.20.self_attn.q_proj	20	self_attn.q_proj	3	b	1.5768
run	layers.20.self_attn.q_proj	20	self_attn.q_proj	4	=	1.4350
run	layers.20.self_attn.v_proj	20	self_attn.v_proj	0	<BOS>	1.0000
run	layers.20.self_attn.v_proj	20	self_attn.v_proj	1	a	1.6278
run	layers.20.self_attn.v_proj	20	self_attn.v_proj	2	op	0.9475
run	layers.20.self_attn.v_proj	20	self_attn.v_proj	3	b	1.1125
run	layers.20.self_attn.v_proj	20	self_attn.v_proj	4	=	0.0000
run	layers.21.mlp.down_proj	21	mlp.down_proj	0	<BOS>	1.0000
run	layers.21.mlp.down_proj	21	mlp.down_proj	1	a	4.5373
run	layers.21.mlp.down_proj	21	mlp.down_proj	2	op	4.5093
run	layers.21.mlp.down_proj	21	mlp.down_proj	3	b	5.8710
run	layers.21.mlp.down_proj	21	mlp.down_proj	4	=	7.7543
run	layers.21.mlp.gate_proj	21	mlp.gate_proj	0	<BOS>	2.0000
run	layers.21.mlp.gate_proj	21	mlp.gate_proj	1	a	3.2492
run	layers.21.mlp.gate_proj	21	mlp.gate_proj	2	op	2.9765
run	layers.21.mlp.gate_proj	21	mlp.gate_proj	3	b	4.4240
run	layers.21.mlp.gate_proj	21	mlp.gate_proj	4	=	5.9233
run	layers.21.mlp.up_proj	21	mlp.up_proj	0	<BOS>	2.0000
run	layers.21.mlp.up_proj	21	mlp.up_proj	1	a	2.6312
run	layers.21.mlp.up_proj	21	mlp.up_proj	2	op	3.2943
run	layers.21.mlp.up_proj	21	mlp.up_proj	3	b	3.0392
run	layers.21.mlp.up_proj	21	mlp.up_proj	4	=	6.4488
run	layers.21.self_attn.k_proj	21	self_attn.k_proj	0	<BOS>	1.0000
run	layers.21.self_attn.k_proj	21	self_attn.k_proj	1	a	1.0000
run	layers.21.self_attn.k_proj	21	self_attn.k_proj	2	op	1.0002
run	layers.21.self_attn.k_proj	21	self_attn.k_proj	3	b	0.7742
run	layers.21.self_attn.k_proj	21	self_attn.k_proj	4	=	0.0022
run	layers.21.self_attn.o_proj	21	self_attn.o_proj	0	<BOS>	1.0000
run	layers.21.self_attn.o_proj	21	self_attn.o_proj	1	a	1.0000
run	layers.21.self_attn.o_proj	21	self_attn.o_proj	2	op	1.5195
run	layers.21.self_attn.o_proj	21	self_attn.o_proj	3	b	1.4523
run	layers.21.self_attn.o_proj	21	self_attn.o_proj	4	=	1.0010
run	layers.21.self_attn.q_proj	21	self_attn.q_proj	0	<BOS>	0.0000
run	layers.21.self_attn.q_proj	21	self_attn.q_proj	1	a	1.0000
run	layers.21.self_attn.q_proj	21	self_attn.q_proj	2	op	1.0060
run	layers.21.self_attn.q_proj	21	self_attn.q_proj	3	b	1.3730
run	layers.21.self_attn.q_proj	21	self_attn.q_proj	4	=	1.0000
run	layers.21.self_attn.v_proj	21	self_attn.v_proj	0	<BOS>	1.0000
run	layers.21.self_attn.v_proj	21	self_attn.v_proj	1	a	1.0000
run	layers.21.self_attn.v_proj	21	self_attn.v_proj	2	op	1.0623
run	layers.21.self_attn.v_proj	21	self_attn.v_proj	3	b	0.4965
run	layers.21.self_attn.v_proj	21	self_attn.v_proj	4	=	0.2808
run	layers.22.mlp.down_proj	22	mlp.down_proj	0	<BOS>	1.0000
run	layers.22.mlp.down_proj	22	mlp.down_proj	1	a	4.1980
run	layers.22.mlp.down_proj	22	mlp.down_proj	2	op	4.1817
run	layers.22.mlp.down_proj	22	mlp.down_proj	3	b	5.2490
run	layers.22.mlp.down_proj	22	mlp.down_proj	4	=	5.8447
run	layers.22.mlp.gate_proj	22	mlp.gate_proj	0	<BOS>	2.0000
run	layers.22.mlp.gate_proj	22	mlp.gate_proj	1	a	2.2625
run	layers.22.mlp.gate_proj	22	mlp.gate_proj	2	op	3.0000
run	layers.22.mlp.gate_proj	22	mlp.gate_proj	3	b	3.1070
run	layers.22.mlp.gate_proj	22	mlp.gate_proj	4	=	3.8365
run	layers.22.mlp.up_proj	22	mlp.up_proj	0	<BOS>	1.0000
run	layers.22.mlp.up_proj	22	mlp.up_proj	1	a	2.4235
run	layers.22.mlp.up_proj	22	mlp.up_proj	2	op	3.3930
run	layers.22.mlp.up_proj	22	mlp.up_proj	3	b	3.3352
run	layers.22.mlp.up_proj	22	mlp.up_proj	4	=	5.0532
run	layers.22.self_attn.k_proj	22	self_attn.k_proj	0	<BOS>	1.0000
run	layers.22.self_attn.k_proj	22	self_attn.k_proj	1	a	1.1040
run	layers.22.self_attn.k_proj	22	self_attn.k_proj	2	op	1.0360
run	layers.22.self_attn.k_proj	22	self_attn.k_proj	3	b	0.7977
run	layers.22.self_attn.k_proj	22	self_attn.k_proj	4	=	0.0035
run	layers.22.self_attn.o_proj	22	self_attn.o_proj	0	<BOS>	0.0000
run	layers.22.self_attn.o_proj	22	self_attn.o_proj	1	a	0.1103
run	layers.22.self_attn.o_proj	22	self_attn.o_proj	2	op	2.2188
run	layers.22.self_attn.o_proj	22	self_attn.o_proj	3	b	1.5187
run	layers.22.self_attn.o_proj	22	self_attn.o_proj	4	=	0.8092
run	layers.22.self_attn.q_proj	22	self_attn.q_proj	0	<BOS>	0.0000
run	layers.22.self_attn.q_proj	22	self_attn.q_proj	1	a	1.0000
run	layers.22.self_attn.q_proj	22	self_attn.q_proj	2	op	1.4365
run	layers.22.self_attn.q_proj	22	self_attn.q_proj	3	b	1.5558
run	layers.22.self_attn.q_proj	22	self_attn.q_proj	4	=	1.4152
run	layers.22.self_attn.v_proj	22	self_attn.v_proj	0	<BOS>	1.0000
run	layers.22.self_attn.v_proj	22	self_attn.v_proj	1	a	2.8740
run	layers.22.self_attn.v_proj	22	self_attn.v_proj	2	op	1.2015
run	layers.22.self_attn.v_proj	22	self_attn.v_proj	3	b	0.8102
run	layers.22.self_attn.v_proj	22	self_attn.v_proj	4	=	0.0000
run	layers.23.mlp.down_proj	23	mlp.down_proj	0	<BOS>	1.0000
run	layers.23.mlp.down_proj	23	mlp.down_proj	1	a	4.5035
run	layers.23.mlp.down_proj	23	mlp.down_proj	2	op	4.8208
run	layers.23.mlp.down_proj	23	mlp.down_proj	3	b	4.7038
run	layers.23.mlp.down_proj	23	mlp.down_proj	4	=	5.8885
run	layers.23.mlp.gate_proj	23	mlp.gate_proj	0	<BOS>	2.0000
run	layers.23.mlp.gate_proj	23	mlp.gate_proj	1	a	2.8560
run	layers.23.mlp.gate_proj	23	mlp.gate_proj	2	op	3.5593
run	layers.23.mlp.gate_proj	23	mlp.gate_proj	3	b	3.3342
run	layers.23.mlp.gate_proj	23	mlp.gate_proj	4	=	5.4445
run	layers.23.mlp.up_proj	23	mlp.up_proj	0	<BOS>	2.0000
run	layers.23.mlp.up_proj	23	mlp.up_proj	1	a	2.5882
run	layers.23.mlp.up_proj	23	mlp.up_proj	2	op	3.4875
run	layers.23.mlp.up_proj	23	mlp.up_proj	3	b	3.3108
run	layers.23.mlp.up_proj	23	mlp.up_proj	4	=	5.7320
run	layers.23.self_attn.k_proj	23	self_attn.k_proj	0	<BOS>	1.0000
run	layers.23.self_attn.k_proj	23	self_attn.k_proj	1	a	1.0660
run	layers.23.self_attn.k_proj	23	self_attn.k_proj	2	op	0.4495
run	layers.23.self_attn.k_proj	23	self_attn.k_proj	3	b	0.4112
run	layers.23.self_attn.k_proj	23	self_attn.k_proj	4	=	0.0005
run	layers.23.self_attn.o_proj	23	self_attn.o_proj	0	<BOS>	0.0000
run	layers.23.self_attn.o_proj	23	self_attn.o_proj	1	a	0.0510
run	layers.23.self_attn.o_proj	23	self_attn.o_proj	2	op	0.6080
run	layers.23.self_attn.o_proj	23	self_attn.o_proj	3	b	0.4910
run	layers.23.self_attn.o_proj	23	self_attn.o_proj	4	=	1.2977
run	layers.23.self_attn.q_proj	23	self_attn.q_proj	0	<BOS>	0.0000
run	layers.23.self_attn.q_proj	23	self_attn.q_proj	1	a	1.0000
run	layers.23.self_attn.q_proj	23	self_attn.q_proj	2	op	1.0760
run	layers.23.self_attn.q_proj	23	self_attn.q_proj	3	b	1.0067
run	layers.23.self_attn.q_proj	23	self_attn.q_proj	4	=	1.0000
run	layers.23.self_attn.v_proj	23	self_attn.v_proj	0	<BOS>	1.0000
run	layers.23.self_attn.v_proj	23	self_attn.v_proj	1	a	1.4722
run	layers.23.self_attn.v_proj	23	self_attn.v_proj	2	op	0.8755
run	layers.23.self_attn.v_proj	23	self_attn.v_proj	3	b	0.5042
run	layers.23.self_attn.v_proj	23	self_attn.v_proj	4	=	0.0000
run	layers.24.mlp.down_proj	24	mlp.down_proj	0	<BOS>	1.0000
run	layers.24.mlp.down_proj	24	mlp.down_proj	1	a	3.8640
run	layers.24.mlp.down_proj	24	mlp.down_proj	2	op	4.2987
run	layers.24.mlp.down_proj	24	mlp.down_proj	3	b	5.2127
run	layers.24.mlp.down_proj	24	mlp.down_proj	4	=	6.2987
run	layers.24.mlp.gate_proj	24	mlp.gate_proj	0	<BOS>	2.0000
run	layers.24.mlp.gate_proj	24	mlp.gate_proj	1	a	3.0645
run	layers.24.mlp.gate_proj	24	mlp.gate_proj	2	op	3.2998
run	layers.24.mlp.gate_proj	24	mlp.gate_proj	3	b	3.0652
run	layers.24.mlp.gate_proj	24	mlp.gate_proj	4	=	6.5357
run	layers.24.mlp.up_proj	24	mlp.up_proj	0	<BOS>	2.0000
run	layers.24.mlp.up_proj	24	mlp.up_proj	1	a	2.2900
run	layers.24.mlp.up_proj	24	mlp.up_proj	2	op	2.9883
run	layers.24.mlp.up_proj	24	mlp.up_proj	3	b	3.5663
run	layers.24.mlp.up_proj	24	mlp.up_proj	4	=	5.5512
run	layers.24.self_attn.k_proj	24	self_attn.k_proj	0	<BOS>	1.0000
run	layers.24.self_attn.k_proj	24	self_attn.k_proj	1	a	1.0000
run	layers.24.self_attn.k_proj	24	self_attn.k_proj	2	op	0.9950
run	layers.24.self_attn.k_proj	24	self_attn.k_proj	3	b	0.1305
run	layers.24.self_attn.k_proj	24	self_attn.k_proj	4	=	0.0008
run	layers.24.self_attn.o_proj	24	self_attn.o_proj	0	<BOS>	0.0000
run	layers.24.self_attn.o_proj	24	self_attn.o_proj	1	a	1.0000
run	layers.24.self_attn.o_proj	24	self_attn.o_proj	2	op	0.6917
run	layers.24.self_attn.o_proj	24	self_attn.o_proj	3	b	1.3257
run	layers.24.self_attn.o_proj	24	self_attn.o_proj	4	=	0.8317
run	layers.24.self_attn.q_proj	24	self_attn.q_proj	0	<BOS>	0.0000
run	layers.24.self_attn.q_proj	24	self_attn.q_proj	1	a	1.0000
run	layers.24.self_attn.q_proj	24	self_attn.q_proj	2	op	1.5093
run	layers.24.self_attn.q_proj	24	self_attn.q_proj	3	b	1.3470
run	layers.24.self_attn.q_proj	24	self_attn.q_proj	4	=	1.0000
run	layers.24.self_attn.v_proj	24	self_attn.v_proj	0	<BOS>	1.0000
run	layers.24.self_attn.v_proj	24	self_attn.v_proj	1	a	1.0705
run	layers.24.self_attn.v_proj	24	self_attn.v_proj	2	op	1.1115
run	layers.24.self_attn.v_proj	24	self_attn.v_proj	3	b	0.0068
run	layers.24.self_attn.v_proj	24	self_attn.v_proj	4	=	0.0000
run	layers.25.mlp.down_proj	25	mlp.down_proj	0	<BOS>	1.0000
run	layers.25.mlp.down_proj	25	mlp.down_proj	1	a	3.3847
run	layers.25.mlp.down_proj	25	mlp.down_proj	2	op	3.1870
run	layers.25.mlp.down_proj	25	mlp.down_proj	3	b	4.9645
run	layers.25.mlp.down_proj	25	mlp.down_proj	4	=	4.8317
run	layers.25.mlp.gate_proj	25	mlp.gate_proj	0	<BOS>	2.0000
run	layers.25.mlp.gate_proj	25	mlp.gate_proj	1	a	2.4532
run	layers.25.mlp.gate_proj	25	mlp.gate_proj	2	op	2.4738
run	layers.25.mlp.gate_proj	25	mlp.gate_proj	3	b	4.7292
run	layers.25.mlp.gate_proj	25	mlp.gate_proj	4	=	5.1730
run	layers.25.mlp.up_proj	25	mlp.up_proj	0	<BOS>	2.0000
run	layers.25.mlp.up_proj	25	mlp.up_proj	1	a	2.2975
run	layers.25.mlp.up_proj	25	mlp.up_proj	2	op	3.1137
run	layers.25.mlp.up_proj	25	mlp.up_proj	3	b	2.8393
run	layers.25.mlp.up_proj	25	mlp.up_proj	4	=	4.6205
run	layers.25.self_attn.k_proj	25	self_attn.k_proj	0	<BOS>	1.0000
run	layers.25.self_attn.k_proj	25	self_attn.k_proj	1	a	1.0000
run	layers.25.self_attn.k_proj	25	self_attn.k_proj	2	op	1.2505
run	layers.25.self_attn.k_proj	25	self_attn.k_proj	3	b	0.9315
run	layers.25.self_attn.k_proj	25	self_attn.k_proj	4	=	0.0018
run	layers.25.self_attn.o_proj	25	self_attn.o_proj	0	<BOS>	0.0000
run	layers.25.self_attn.o_proj	25	self_attn.o_proj	1	a	1.0000
run	layers.25.self_attn.o_proj	25	self_attn.o_proj	2	op	1.4208
run	layers.25.self_attn.o_proj	25	self_attn.o_proj	3	b	1.8922
run	layers.25.self_attn.o_proj	25	self_attn.o_proj	4	=	1.0000
run	layers.25.self_attn.q_proj	25	self_attn.q_proj	0	<BOS>	0.0000
run	layers.25.self_attn.q_proj	25	self_attn.q_proj	1	a	1.0000
run	layers.25.self_attn.q_proj	25	self_attn.q_proj	2	op	1.4388
run	layers.25.self_attn.q_proj	25	self_attn.q_proj	3	b	1.4630
run	layers.25.self_attn.q_proj	25	self_attn.q_proj	4	=	1.0000
run	layers.25.self_attn.v_proj	25	self_attn.v_proj	0	<BOS>	1.0000
run	layers.25.self_attn.v_proj	25	self_attn.v_proj	1	a	1.0000
run	layers.25.self_attn.v_proj	25	self_attn.v_proj	2	op	1.2355
run	layers.25.self_attn.v_proj	25	self_attn.v_proj	3	b	1.1215
run	layers.25.self_attn.v_proj	25	self_attn.v_proj	4	=	0.0000
run	layers.26.mlp.down_proj	26	mlp.down_proj	0	<BOS>	1.0000
run	layers.26.mlp.down_proj	26	mlp.down_proj	1	a	4.1220
run	layers.26.mlp.down_proj	26	mlp.down_proj	2	op	3.7452
run	layers.26.mlp.down_proj	26	mlp.down_proj	3	b	5.0652
run	layers.26.mlp.down_proj	26	mlp.down_proj	4	=	5.6525
run	layers.26.mlp.gate_proj	26	mlp.gate_proj	0	<BOS>	2.0000
run	layers.26.mlp.gate_proj	26	mlp.gate_proj	1	a	3.1147
run	layers.26.mlp.gate_proj	26	mlp.gate_proj	2	op	2.8920
run	layers.26.mlp.gate_proj	26	mlp.gate_proj	3	b	3.7185
run	layers.26.mlp.gate_proj	26	mlp.gate_proj	4	=	4.8755
run	layers.26.mlp.up_proj	26	mlp.up_proj	0	<BOS>	2.0000
run	layers.26.mlp.up_proj	26	mlp.up_proj	1	a	2.3715
run	layers.26.mlp.up_proj	26	mlp.up_proj	2	op	3.3157
run	layers.26.mlp.up_proj	26	mlp.up_proj	3	b	2.8540
run	layers.26.mlp.up_proj	26	mlp.up_proj	4	=	4.9675
run	layers.26.self_attn.k_proj	26	self_attn.k_proj	0	<BOS>	2.0000
run	layers.26.self_attn.k_proj	26	self_attn.k_proj	1	a	1.0000
run	layers.26.self_attn.k_proj	26	self_attn.k_proj	2	op	0.0292
run	layers.26.self_attn.k_proj	26	self_attn.k_proj	3	b	0.0223
run	layers.26.self_attn.k_proj	26	self_attn.k_proj	4	=	0.0000
run	layers.26.self_attn.o_proj	26	self_attn.o_proj	0	<BOS>	0.0000
run	layers.26.self_attn.o_proj	26	self_attn.o_proj	1	a	1.0000
run	layers.26.self_attn.o_proj	26	self_attn.o_proj	2	op	1.0000
run	layers.26.self_attn.o_proj	26	self_attn.o_proj	3	b	1.0000
run	layers.26.self_attn.o_proj	26	self_attn.o_proj	4	=	1.0330
run	layers.26.self_attn.q_proj	26	self_attn.q_proj	0	<BOS>	0.0000
run	layers.26.self_attn.q_proj	26	self_attn.q_proj	1	a	1.0000
run	layers.26.self_attn.q_proj	26	self_attn.q_proj	2	op	1.0000
run	layers.26.self_attn.q_proj	26	self_attn.q_proj	3	b	1.0000
run	layers.26.self_attn.q_proj	26	self_attn.q_proj	4	=	1.0000
run	layers.26.self_attn.v_proj	26	self_attn.v_proj	0	<BOS>	1.0000
run	layers.26.self_attn.v_proj	26	self_attn.v_proj	1	a	1.0000
run	layers.26.self_attn.v_proj	26	self_attn.v_proj	2	op	0.4880
run	layers.26.self_attn.v_proj	26	self_attn.v_proj	3	b	0.0005
run	layers.26.self_attn.v_proj	26	self_attn.v_proj	4	=	0.0000
run	layers.27.mlp.down_proj	27	mlp.down_proj	0	<BOS>	1.0000
run	layers.27.mlp.down_proj	27	mlp.down_proj	1	a	4.1413
run	layers.27.mlp.down_proj	27	mlp.down_proj	2	op	4.3403
run	layers.27.mlp.down_proj	27	mlp.down_proj	3	b	4.8438
run	layers.27.mlp.down_proj	27	mlp.down_proj	4	=	5.6590
run	layers.27.mlp.gate_proj	27	mlp.gate_proj	0	<BOS>	2.0000
run	layers.27.mlp.gate_proj	27	mlp.gate_proj	1	a	2.5482
run	layers.27.mlp.gate_proj	27	mlp.gate_proj	2	op	3.2162
run	layers.27.mlp.gate_proj	27	mlp.gate_proj	3	b	3.5977
run	layers.27.mlp.gate_proj	27	mlp.gate_proj	4	=	4.1185
run	layers.27.mlp.up_proj	27	mlp.up_proj	0	<BOS>	2.0000
run	layers.27.mlp.up_proj	27	mlp.up_proj	1	a	2.2300
run	layers.27.mlp.up_proj	27	mlp.up_proj	2	op	3.1430
run	layers.27.mlp.up_proj	27	mlp.up_proj	3	b	3.0715
run	layers.27.mlp.up_proj	27	mlp.up_proj	4	=	5.0125
run	layers.27.self_attn.k_proj	27	self_attn.k_proj	0	<BOS>	1.0000
run	layers.27.self_attn.k_proj	27	self_attn.k_proj	1	a	1.0000
run	layers.27.self_attn.k_proj	27	self_attn.k_proj	2	op	0.9958
run	layers.27.self_attn.k_proj	27	self_attn.k_proj	3	b	0.8680
run	layers.27.self_attn.k_proj	27	self_attn.k_proj	4	=	0.0003
run	layers.27.self_attn.o_proj	27	self_attn.o_proj	0	<BOS>	0.0000
run	layers.27.self_attn.o_proj	27	self_attn.o_proj	1	a	1.0000
run	layers.27.self_attn.o_proj	27	self_attn.o_proj	2	op	1.5317
run	layers.27.self_attn.o_proj	27	self_attn.o_proj	3	b	0.9980
run	layers.27.self_attn.o_proj	27	self_attn.o_proj	4	=	1.0010
run	layers.27.self_attn.q_proj	27	self_attn.q_proj	0	<BOS>	0.0000
run	layers.27.self_attn.q_proj	27	self_attn.q_proj	1	a	1.0000
run	layers.27.self_attn.q_proj	27	self_attn.q_proj	2	op	1.5030
run	layers.27.self_attn.q_proj	27	self_attn.q_proj	3	b	1.0000
run	layers.27.self_attn.q_proj	27	self_attn.q_proj	4	=	1.0000
run	layers.27.self_attn.v_proj	27	self_attn.v_proj	0	<BOS>	1.0000
run	layers.27.self_attn.v_proj	27	self_attn.v_proj	1	a	1.0625
run	layers.27.self_attn.v_proj	27	self_attn.v_proj	2	op	0.9818
run	layers.27.self_attn.v_proj	27	self_attn.v_proj	3	b	1.3245
run	layers.27.self_attn.v_proj	27	self_attn.v_proj	4	=	0.3133
run	layers.28.mlp.down_proj	28	mlp.down_proj	0	<BOS>	1.0000
run	layers.28.mlp.down_proj	28	mlp.down_proj	1	a	3.0390
run	layers.28.mlp.down_proj	28	mlp.down_proj	2	op	5.8385
run	layers.28.mlp.down_proj	28	mlp.down_proj	3	b	5.5823
run	layers.28.mlp.down_proj	28	mlp.down_proj	4	=	7.7560
run	layers.28.mlp.gate_proj	28	mlp.gate_proj	0	<BOS>	2.0000
run	layers.28.mlp.gate_proj	28	mlp.gate_proj	1	a	3.3310
run	layers.28.mlp.gate_proj	28	mlp.gate_proj	2	op	3.9520
run	layers.28.mlp.gate_proj	28	mlp.gate_proj	3	b	4.2750
run	layers.28.mlp.gate_proj	28	mlp.gate_proj	4	=	6.6415
run	layers.28.mlp.up_proj	28	mlp.up_proj	0	<BOS>	2.0000
run	layers.28.mlp.up_proj	28	mlp.up_proj	1	a	1.8085
run	layers.28.mlp.up_proj	28	mlp.up_proj	2	op	3.4310
run	layers.28.mlp.up_proj	28	mlp.up_proj	3	b	3.5652
run	layers.28.mlp.up_proj	28	mlp.up_proj	4	=	5.4903
run	layers.28.self_attn.k_proj	28	self_attn.k_proj	0	<BOS>	2.0000
run	layers.28.self_attn.k_proj	28	self_attn.k_proj	1	a	1.0000
run	layers.28.self_attn.k_proj	28	self_attn.k_proj	2	op	1.0000
run	layers.28.self_attn.k_proj	28	self_attn.k_proj	3	b	1.0000
run	layers.28.self_attn.k_proj	28	self_attn.k_proj	4	=	1.0000
run	layers.28.self_attn.o_proj	28	self_attn.o_proj	0	<BOS>	1.0000
run	layers.28.self_attn.o_proj	28	self_attn.o_proj	1	a	1.0000
run	layers.28.self_attn.o_proj	28	self_attn.o_proj	2	op	1.5030
run	layers.28.self_attn.o_proj	28	self_attn.o_proj	3	b	1.3600
run	layers.28.self_attn.o_proj	28	self_attn.o_proj	4	=	1.0000
run	layers.28.self_attn.q_proj	28	self_attn.q_proj	0	<BOS>	0.0000
run	layers.28.self_attn.q_proj	28	self_attn.q_proj	1	a	1.3435
run	layers.28.self_attn.q_proj	28	self_attn.q_proj	2	op	1.6295
run	layers.28.self_attn.q_proj	28	self_attn.q_proj	3	b	1.0045
run	layers.28.self_attn.q_proj	28	self_attn.q_proj	4	=	1.0002
run	layers.28.self_attn.v_proj	28	self_attn.v_proj	0	<BOS>	1.0000
run	layers.28.self_attn.v_proj	28	self_attn.v_proj	1	a	1.0000
run	layers.28.self_attn.v_proj	28	self_attn.v_proj	2	op	0.9955
run	layers.28.self_attn.v_proj	28	self_attn.v_proj	3	b	0.8957
run	layers.28.self_attn.v_proj	28	self_attn.v_proj	4	=	0.0015
run	layers.29.mlp.down_proj	29	mlp.down_proj	0	<BOS>	3.0000
run	layers.29.mlp.down_proj	29	mlp.down_proj	1	a	4.4410
run	layers.29.mlp.down_proj	29	mlp.down_proj	2	op	6.6147
run	layers.29.mlp.down_proj	29	mlp.down_proj	3	b	7.3767
run	layers.29.mlp.down_proj	29	mlp.down_proj	4	=	8.9792
run	layers.29.mlp.gate_proj	29	mlp.gate_proj	0	<BOS>	4.0000
run	layers.29.mlp.gate_proj	29	mlp.gate_proj	1	a	3.9120
run	layers.29.mlp.gate_proj	29	mlp.gate_proj	2	op	5.2725
run	layers.29.mlp.gate_proj	29	mlp.gate_proj	3	b	5.0565
run	layers.29.mlp.gate_proj	29	mlp.gate_proj	4	=	9.6475
run	layers.29.mlp.up_proj	29	mlp.up_proj	0	<BOS>	9.0000
run	layers.29.mlp.up_proj	29	mlp.up_proj	1	a	3.1667
run	layers.29.mlp.up_proj	29	mlp.up_proj	2	op	3.2920
run	layers.29.mlp.up_proj	29	mlp.up_proj	3	b	2.6560
run	layers.29.mlp.up_proj	29	mlp.up_proj	4	=	7.0645
run	layers.29.self_attn.k_proj	29	self_attn.k_proj	0	<BOS>	1.0000
run	layers.29.self_attn.k_proj	29	self_attn.k_proj	1	a	1.0000
run	layers.29.self_attn.k_proj	29	self_attn.k_proj	2	op	1.0000
run	layers.29.self_attn.k_proj	29	self_attn.k_proj	3	b	1.0000
run	layers.29.self_attn.k_proj	29	self_attn.k_proj	4	=	1.0000
run	layers.29.self_attn.o_proj	29	self_attn.o_proj	0	<BOS>	1.0000
run	layers.29.self_attn.o_proj	29	self_attn.o_proj	1	a	1.0000
run	layers.29.self_attn.o_proj	29	self_attn.o_proj	2	op	1.0000
run	layers.29.self_attn.o_proj	29	self_attn.o_proj	3	b	1.0278
run	layers.29.self_attn.o_proj	29	self_attn.o_proj	4	=	1.0050
run	layers.29.self_attn.q_proj	29	self_attn.q_proj	0	<BOS>	0.0000
run	layers.29.self_attn.q_proj	29	self_attn.q_proj	1	a	1.0007
run	layers.29.self_attn.q_proj	29	self_attn.q_proj	2	op	1.0002
run	layers.29.self_attn.q_proj	29	self_attn.q_proj	3	b	1.0007
run	layers.29.self_attn.q_proj	29	self_attn.q_proj	4	=	1.0002
run	layers.29.self_attn.v_proj	29	self_attn.v_proj	0	<BOS>	3.0000
run	layers.29.self_attn.v_proj	29	self_attn.v_proj	1	a	1.0000
run	layers.29.self_attn.v_proj	29	self_attn.v_proj	2	op	1.0052
run	layers.29.self_attn.v_proj	29	self_attn.v_proj	3	b	1.4408
run	layers.29.self_attn.v_proj	29	self_attn.v_proj	4	=	1.0013
run	layers.3.mlp.down_proj	3	mlp.down_proj	0	<BOS>	1.0000
run	layers.3.mlp.down_proj	3	mlp.down_proj	1	a	5.4647
run	layers.3.mlp.down_proj	3	mlp.down_proj	2	op	4.2980
run	layers.3.mlp.down_proj	3	mlp.down_proj	3	b	9.1430
run	layers.3.mlp.down_proj	3	mlp.down_proj	4	=	1.5033
run	layers.3.mlp.gate_proj	3	mlp.gate_proj	0	<BOS>	1.0000
run	layers.3.mlp.gate_proj	3	mlp.gate_proj	1	a	6.1153
run	layers.3.mlp.gate_proj	3	mlp.gate_proj	2	op	2.5947
run	layers.3.mlp.gate_proj	3	mlp.gate_proj	3	b	6.9173
run	layers.3.mlp.gate_proj	3	mlp.gate_proj	4	=	2.4970
run	layers.3.mlp.up_proj	3	mlp.up_proj	0	<BOS>	1.0000
run	layers.3.mlp.up_proj	3	mlp.up_proj	1	a	3.7425
run	layers.3.mlp.up_proj	3	mlp.up_proj	2	op	3.4332
run	layers.3.mlp.up_proj	3	mlp.up_proj	3	b	5.6155
run	layers.3.mlp.up_proj	3	mlp.up_proj	4	=	1.0033
run	layers.3.self_attn.k_proj	3	self_attn.k_proj	0	<BOS>	5.0000
run	layers.3.self_attn.k_proj	3	self_attn.k_proj	1	a	2.1245
run	layers.3.self_attn.k_proj	3	self_attn.k_proj	2	op	1.0000
run	layers.3.self_attn.k_proj	3	self_attn.k_proj	3	b	1.0002
run	layers.3.self_attn.k_proj	3	self_attn.k_proj	4	=	1.0000
run	layers.3.self_attn.o_proj	3	self_attn.o_proj	0	<BOS>	0.0000
run	layers.3.self_attn.o_proj	3	self_attn.o_proj	1	a	2.0872
run	layers.3.self_attn.o_proj	3	self_attn.o_proj	2	op	4.9697
run	layers.3.self_attn.o_proj	3	self_attn.o_proj	3	b	3.7633
run	layers.3.self_attn.o_proj	3	self_attn.o_proj	4	=	1.6630
run	layers.3.self_attn.q_proj	3	self_attn.q_proj	0	<BOS>	0.0000
run	layers.3.self_attn.q_proj	3	self_attn.q_proj	1	a	1.1363
run	layers.3.self_attn.q_proj	3	self_attn.q_proj	2	op	2.5040
run	layers.3.self_attn.q_proj	3	self_attn.q_proj	3	b	2.0032
run	layers.3.self_attn.q_proj	3	self_attn.q_proj	4	=	2.3122
run	layers.3.self_attn.v_proj	3	self_attn.v_proj	0	<BOS>	2.0000
run	layers.3.self_attn.v_proj	3	self_attn.v_proj	1	a	4.3158
run	layers.3.self_attn.v_proj	3	self_attn.v_proj	2	op	2.0105
run	layers.3.self_attn.v_proj	3	self_attn.v_proj	3	b	2.4165
run	layers.3.self_attn.v_proj	3	self_attn.v_proj	4	=	1.0000
run	layers.30.mlp.down_proj	30	mlp.down_proj	0	<BOS>	1.0000
run	layers.30.mlp.down_proj	30	mlp.down_proj	1	a	5.4637
run	layers.30.mlp.down_proj	30	mlp.down_proj	2	op	6.1955
run	layers.30.mlp.down_proj	30	mlp.down_proj	3	b	9.2067
run	layers.30.mlp.down_proj	30	mlp.down_proj	4	=	6.8568
run	layers.30.mlp.gate_proj	30	mlp.gate_proj	0	<BOS>	2.0000
run	layers.30.mlp.gate_proj	30	mlp.gate_proj	1	a	4.1365
run	layers.30.mlp.gate_proj	30	mlp.gate_proj	2	op	5.9383
run	layers.30.mlp.gate_proj	30	mlp.gate_proj	3	b	5.8717
run	layers.30.mlp.gate_proj	30	mlp.gate_proj	4	=	9.1637
run	layers.30.mlp.up_proj	30	mlp.up_proj	0	<BOS>	3.0000
run	layers.30.mlp.up_proj	30	mlp.up_proj	1	a	3.0160
run	layers.30.mlp.up_proj	30	mlp.up_proj	2	op	4.7740
run	layers.30.mlp.up_proj	30	mlp.up_proj	3	b	5.0448
run	layers.30.mlp.up_proj	30	mlp.up_proj	4	=	6.3282
run	layers.30.self_attn.k_proj	30	self_attn.k_proj	0	<BOS>	1.0000
run	layers.30.self_attn.k_proj	30	self_attn.k_proj	1	a	1.0000
run	layers.30.self_attn.k_proj	30	self_attn.k_proj	2	op	0.6367
run	layers.30.self_attn.k_proj	30	self_attn.k_proj	3	b	0.5020
run	layers.30.self_attn.k_proj	30	self_attn.k_proj	4	=	0.0000
run	layers.30.self_attn.o_proj	30	self_attn.o_proj	0	<BOS>	1.0000
run	layers.30.self_attn.o_proj	30	self_attn.o_proj	1	a	1.0000
run	layers.30.self_attn.o_proj	30	self_attn.o_proj	2	op	1.1635
run	layers.30.self_attn.o_proj	30	self_attn.o_proj	3	b	1.1747
run	layers.30.self_attn.o_proj	30	self_attn.o_proj	4	=	1.1310
run	layers.30.self_attn.q_proj	30	self_attn.q_proj	0	<BOS>	0.0000
run	layers.30.self_attn.q_proj	30	self_attn.q_proj	1	a	1.0000
run	layers.30.self_attn.q_proj	30	self_attn.q_proj	2	op	1.0560
run	layers.30.self_attn.q_proj	30	self_attn.q_proj	3	b	1.0000
run	layers.30.self_attn.q_proj	30	self_attn.q_proj	4	=	1.0007
run	layers.30.self_attn.v_proj	30	self_attn.v_proj	0	<BOS>	1.0000
run	layers.30.self_attn.v_proj	30	self_attn.v_proj	1	a	1.2045
run	layers.30.self_attn.v_proj	30	self_attn.v_proj	2	op	1.5490
run	layers.30.self_attn.v_proj	30	self_attn.v_proj	3	b	1.0000
run	layers.30.self_attn.v_proj	30	self_attn.v_proj	4	=	0.0008
run	layers.31.mlp.down_proj	31	mlp.down_proj	0	<BOS>	16.0000
run	layers.31.mlp.down_proj	31	mlp.down_proj	1	a	13.1975
run	layers.31.mlp.down_proj	31	mlp.down_proj	2	op	17.3455
run	layers.31.mlp.down_proj	31	mlp.down_proj	3	b	22.0287
run	layers.31.mlp.down_proj	31	mlp.down_proj	4	=	20.2362
run	layers.31.mlp.gate_proj	31	mlp.gate_proj	0	<BOS>	36.0000
run	layers.31.mlp.gate_proj	31	mlp.gate_proj	1	a	10.2445
run	layers.31.mlp.gate_proj	31	mlp.gate_proj	2	op	12.3665
run	layers.31.mlp.gate_proj	31	mlp.gate_proj	3	b	15.2288
run	layers.31.mlp.gate_proj	31	mlp.gate_proj	4	=	13.4152
run	layers.31.mlp.up_proj	31	mlp.up_proj	0	<BOS>	46.0000
run	layers.31.mlp.up_proj	31	mlp.up_proj	1	a	9.2930
run	layers.31.mlp.up_proj	31	mlp.up_proj	2	op	10.7965
run	layers.31.mlp.up_proj	31	mlp.up_proj	3	b	12.3883
run	layers.31.mlp.up_proj	31	mlp.up_proj	4	=	12.9672
run	layers.31.self_attn.k_proj	31	self_attn.k_proj	0	<BOS>	1.0000
run	layers.31.self_attn.k_proj	31	self_attn.k_proj	1	a	1.0000
run	layers.31.self_attn.k_proj	31	self_attn.k_proj	2	op	1.0000
run	layers.31.self_attn.k_proj	31	self_attn.k_proj	3	b	1.0013
run	layers.31.self_attn.k_proj	31	self_attn.k_proj	4	=	1.4715
run	layers.31.self_attn.o_proj	31	self_attn.o_proj	0	<BOS>	1.0000
run	layers.31.self_attn.o_proj	31	self_attn.o_proj	1	a	1.3303
run	layers.31.self_attn.o_proj	31	self_attn.o_proj	2	op	2.8130
run	layers.31.self_attn.o_proj	31	self_attn.o_proj	3	b	2.2365
run	layers.31.self_attn.o_proj	31	self_attn.o_proj	4	=	2.6570
run	layers.31.self_attn.q_proj	31	self_attn.q_proj	0	<BOS>	0.0000
run	layers.31.self_attn.q_proj	31	self_attn.q_proj	1	a	1.0000
run	layers.31.self_attn.q_proj	31	self_attn.q_proj	2	op	1.5105
run	layers.31.self_attn.q_proj	31	self_attn.q_proj	3	b	1.0167
run	layers.31.self_attn.q_proj	31	self_attn.q_proj	4	=	2.0000
run	layers.31.self_attn.v_proj	31	self_attn.v_proj	0	<BOS>	1.0000
run	layers.31.self_attn.v_proj	31	self_attn.v_proj	1	a	2.1735
run	layers.31.self_attn.v_proj	31	self_attn.v_proj	2	op	2.0410
run	layers.31.self_attn.v_proj	31	self_attn.v_proj	3	b	2.0587
run	layers.31.self_attn.v_proj	31	self_attn.v_proj	4	=	1.8058
run	layers.4.mlp.down_proj	4	mlp.down_proj	0	<BOS>	1.0000
run	layers.4.mlp.down_proj	4	mlp.down_proj	1	a	5.2372
run	layers.4.mlp.down_proj	4	mlp.down_proj	2	op	4.9320
run	layers.4.mlp.down_proj	4	mlp.down_proj	3	b	8.1205
run	layers.4.mlp.down_proj	4	mlp.down_proj	4	=	1.5987
run	layers.4.mlp.gate_proj	4	mlp.gate_proj	0	<BOS>	1.0000
run	layers.4.mlp.gate_proj	4	mlp.gate_proj	1	a	3.0365
run	layers.4.mlp.gate_proj	4	mlp.gate_proj	2	op	4.1815
run	layers.4.mlp.gate_proj	4	mlp.gate_proj	3	b	6.3445
run	layers.4.mlp.gate_proj	4	mlp.gate_proj	4	=	1.5030
run	layers.4.mlp.up_proj	4	mlp.up_proj	0	<BOS>	1.0000
run	layers.4.mlp.up_proj	4	mlp.up_proj	1	a	2.9343
run	layers.4.mlp.up_proj	4	mlp.up_proj	2	op	3.9722
run	layers.4.mlp.up_proj	4	mlp.up_proj	3	b	6.6083
run	layers.4.mlp.up_proj	4	mlp.up_proj	4	=	2.0003
run	layers.4.self_attn.k_proj	4	self_attn.k_proj	0	<BOS>	3.0000
run	layers.4.self_attn.k_proj	4	self_attn.k_proj	1	a	2.0000
run	layers.4.self_attn.k_proj	4	self_attn.k_proj	2	op	1.9885
run	layers.4.self_attn.k_proj	4	self_attn.k_proj	3	b	1.0002
run	layers.4.self_attn.k_proj	4	self_attn.k_proj	4	=	1.0000
run	layers.4.self_attn.o_proj	4	self_attn.o_proj	0	<BOS>	1.0000
run	layers.4.self_attn.o_proj	4	self_attn.o_proj	1	a	1.3140
run	layers.4.self_attn.o_proj	4	self_attn.o_proj	2	op	1.9868
run	layers.4.self_attn.o_proj	4	self_attn.o_proj	3	b	2.1390
run	layers.4.self_attn.o_proj	4	self_attn.o_proj	4	=	2.4978
run	layers.4.self_attn.q_proj	4	self_attn.q_proj	0	<BOS>	0.0000
run	layers.4.self_attn.q_proj	4	self_attn.q_proj	1	a	2.0000
run	layers.4.self_attn.q_proj	4	self_attn.q_proj	2	op	2.0000
run	layers.4.self_attn.q_proj	4	self_attn.q_proj	3	b	2.0000
run	layers.4.self_attn.q_proj	4	self_attn.q_proj	4	=	3.0000
run	layers.4.self_attn.v_proj	4	self_attn.v_proj	0	<BOS>	4.0000
run	layers.4.self_attn.v_proj	4	self_attn.v_proj	1	a	1.0000
run	layers.4.self_attn.v_proj	4	self_attn.v_proj	2	op	2.0885
run	layers.4.self_attn.v_proj	4	self_attn.v_proj	3	b	1.4285
run	layers.4.self_attn.v_proj	4	self_attn.v_proj	4	=	1.0000
run	layers.5.mlp.down_proj	5	mlp.down_proj	0	<BOS>	1.0000
run	layers.5.mlp.down_proj	5	mlp.down_proj	1	a	3.3230
run	layers.5.mlp.down_proj	5	mlp.down_proj	2	op	4.5120
run	layers.5.mlp.down_proj	5	mlp.down_proj	3	b	8.6560
run	layers.5.mlp.down_proj	5	mlp.down_proj	4	=	3.0182
run	layers.5.mlp.gate_proj	5	mlp.gate_proj	0	<BOS>	1.0000
run	layers.5.mlp.gate_proj	5	mlp.gate_proj	1	a	2.3935
run	layers.5.mlp.gate_proj	5	mlp.gate_proj	2	op	3.3358
run	layers.5.mlp.gate_proj	5	mlp.gate_proj	3	b	6.6325
run	layers.5.mlp.gate_proj	5	mlp.gate_proj	4	=	2.4970
run	layers.5.mlp.up_proj	5	mlp.up_proj	0	<BOS>	1.0000
run	layers.5.mlp.up_proj	5	mlp.up_proj	1	a	2.7910
run	layers.5.mlp.up_proj	5	mlp.up_proj	2	op	3.6602
run	layers.5.mlp.up_proj	5	mlp.up_proj	3	b	6.6778
run	layers.5.mlp.up_proj	5	mlp.up_proj	4	=	2.0977
run	layers.5.self_attn.k_proj	5	self_attn.k_proj	0	<BOS>	3.0000
run	layers.5.self_attn.k_proj	5	self_attn.k_proj	1	a	2.0008
run	layers.5.self_attn.k_proj	5	self_attn.k_proj	2	op	1.4963
run	layers.5.self_attn.k_proj	5	self_attn.k_proj	3	b	1.8127
run	layers.5.self_attn.k_proj	5	self_attn.k_proj	4	=	1.0000
run	layers.5.self_attn.o_proj	5	self_attn.o_proj	0	<BOS>	1.0000
run	layers.5.self_attn.o_proj	5	self_attn.o_proj	1	a	2.0003
run	layers.5.self_attn.o_proj	5	self_attn.o_proj	2	op	2.0003
run	layers.5.self_attn.o_proj	5	self_attn.o_proj	3	b	5.8748
run	layers.5.self_attn.o_proj	5	self_attn.o_proj	4	=	2.9415
run	layers.5.self_attn.q_proj	5	self_attn.q_proj	0	<BOS>	0.0000
run	layers.5.self_attn.q_proj	5	self_attn.q_proj	1	a	1.0000
run	layers.5.self_attn.q_proj	5	self_attn.q_proj	2	op	1.0000
run	layers.5.self_attn.q_proj	5	self_attn.q_proj	3	b	2.0595
run	layers.5.self_attn.q_proj	5	self_attn.q_proj	4	=	1.0000
run	layers.5.self_attn.v_proj	5	self_attn.v_proj	0	<BOS>	4.0000
run	layers.5.self_attn.v_proj	5	self_attn.v_proj	1	a	3.1412
run	layers.5.self_attn.v_proj	5	self_attn.v_proj	2	op	1.9090
run	layers.5.self_attn.v_proj	5	self_attn.v_proj	3	b	2.0552
run	layers.5.self_attn.v_proj	5	self_attn.v_proj	4	=	1.0000
run	layers.6.mlp.down_proj	6	mlp.down_proj	0	<BOS>	1.0000
run	layers.6.mlp.down_proj	6	mlp.down_proj	1	a	2.8533
run	layers.6.mlp.down_proj	6	mlp.down_proj	2	op	4.4435
run	layers.6.mlp.down_proj	6	mlp.down_proj	3	b	6.4230
run	layers.6.mlp.down_proj	6	mlp.down_proj	4	=	2.8458
run	layers.6.mlp.gate_proj	6	mlp.gate_proj	0	<BOS>	1.0000
run	layers.6.mlp.gate_proj	6	mlp.gate_proj	1	a	1.7118
run	layers.6.mlp.gate_proj	6	mlp.gate_proj	2	op	3.2525
run	layers.6.mlp.gate_proj	6	mlp.gate_proj	3	b	4.4538
run	layers.6.mlp.gate_proj	6	mlp.gate_proj	4	=	2.0000
run	layers.6.mlp.up_proj	6	mlp.up_proj	0	<BOS>	2.0000
run	layers.6.mlp.up_proj	6	mlp.up_proj	1	a	2.4125
run	layers.6.mlp.up_proj	6	mlp.up_proj	2	op	3.6637
run	layers.6.mlp.up_proj	6	mlp.up_proj	3	b	4.6140
run	layers.6.mlp.up_proj	6	mlp.up_proj	4	=	2.0003
run	layers.6.self_attn.k_proj	6	self_attn.k_proj	0	<BOS>	3.0000
run	layers.6.self_attn.k_proj	6	self_attn.k_proj	1	a	1.9998
run	layers.6.self_attn.k_proj	6	self_attn.k_proj	2	op	1.0005
run	layers.6.self_attn.k_proj	6	self_attn.k_proj	3	b	1.3787
run	layers.6.self_attn.k_proj	6	self_attn.k_proj	4	=	1.5030
run	layers.6.self_attn.o_proj	6	self_attn.o_proj	0	<BOS>	1.0000
run	layers.6.self_attn.o_proj	6	self_attn.o_proj	1	a	1.0000
run	layers.6.self_attn.o_proj	6	self_attn.o_proj	2	op	1.0002
run	layers.6.self_attn.o_proj	6	self_attn.o_proj	3	b	3.0938
run	layers.6.self_attn.o_proj	6	self_attn.o_proj	4	=	1.9288
run	layers.6.self_attn.q_proj	6	self_attn.q_proj	0	<BOS>	0.0000
run	layers.6.self_attn.q_proj	6	self_attn.q_proj	1	a	1.0000
run	layers.6.self_attn.q_proj	6	self_attn.q_proj	2	op	1.0000
run	layers.6.self_attn.q_proj	6	self_attn.q_proj	3	b	1.9783
run	layers.6.self_attn.q_proj	6	self_attn.q_proj	4	=	1.0000
run	layers.6.self_attn.v_proj	6	self_attn.v_proj	0	<BOS>	4.0000
run	layers.6.self_attn.v_proj	6	self_attn.v_proj	1	a	1.0000
run	layers.6.self_attn.v_proj	6	self_attn.v_proj	2	op	2.2385
run	layers.6.self_attn.v_proj	6	self_attn.v_proj	3	b	1.3987
run	layers.6.self_attn.v_proj	6	self_attn.v_proj	4	=	2.0000
run	layers.7.mlp.down_proj	7	mlp.down_proj	0	<BOS>	1.0000
run	layers.7.mlp.down_proj	7	mlp.down_proj	1	a	2.7875
run	layers.7.mlp.down_proj	7	mlp.down_proj	2	op	4.2580
run	layers.7.mlp.down_proj	7	mlp.down_proj	3	b	5.5753
run	layers.7.mlp.down_proj	7	mlp.down_proj	4	=	3.0105
run	layers.7.mlp.gate_proj	7	mlp.gate_proj	0	<BOS>	1.0000
run	layers.7.mlp.gate_proj	7	mlp.gate_proj	1	a	3.3707
run	layers.7.mlp.gate_proj	7	mlp.gate_proj	2	op	2.5528
run	layers.7.mlp.gate_proj	7	mlp.gate_proj	3	b	3.9540
run	layers.7.mlp.gate_proj	7	mlp.gate_proj	4	=	1.2195
run	layers.7.mlp.up_proj	7	mlp.up_proj	0	<BOS>	1.0000
run	layers.7.mlp.up_proj	7	mlp.up_proj	1	a	2.4685
run	layers.7.mlp.up_proj	7	mlp.up_proj	2	op	2.8923
run	layers.7.mlp.up_proj	7	mlp.up_proj	3	b	4.2225
run	layers.7.mlp.up_proj	7	mlp.up_proj	4	=	2.1595
run	layers.7.self_attn.k_proj	7	self_attn.k_proj	0	<BOS>	2.0000
run	layers.7.self_attn.k_proj	7	self_attn.k_proj	1	a	1.0000
run	layers.7.self_attn.k_proj	7	self_attn.k_proj	2	op	1.8860
run	layers.7.self_attn.k_proj	7	self_attn.k_proj	3	b	1.4260
run	layers.7.self_attn.k_proj	7	self_attn.k_proj	4	=	1.0000
run	layers.7.self_attn.o_proj	7	self_attn.o_proj	0	<BOS>	0.0000
run	layers.7.self_attn.o_proj	7	self_attn.o_proj	1	a	2.0000
run	layers.7.self_attn.o_proj	7	self_attn.o_proj	2	op	2.6120
run	layers.7.self_attn.o_proj	7	self_attn.o_proj	3	b	3.0565
run	layers.7.self_attn.o_proj	7	self_attn.o_proj	4	=	1.9475
run	layers.7.self_attn.q_proj	7	self_attn.q_proj	0	<BOS>	0.0000
run	layers.7.self_attn.q_proj	7	self_attn.q_proj	1	a	1.0000
run	layers.7.self_attn.q_proj	7	self_attn.q_proj	2	op	1.0208
run	layers.7.self_attn.q_proj	7	self_attn.q_proj	3	b	2.0252
run	layers.7.self_attn.q_proj	7	self_attn.q_proj	4	=	1.0000
run	layers.7.self_attn.v_proj	7	self_attn.v_proj	0	<BOS>	5.0000
run	layers.7.self_attn.v_proj	7	self_attn.v_proj	1	a	1.8967
run	layers.7.self_attn.v_proj	7	self_attn.v_proj	2	op	1.6463
run	layers.7.self_attn.v_proj	7	self_attn.v_proj	3	b	1.6580
run	layers.7.self_attn.v_proj	7	self_attn.v_proj	4	=	1.0000
run	layers.8.mlp.down_proj	8	mlp.down_proj	0	<BOS>	1.0000
run	layers.8.mlp.down_proj	8	mlp.down_proj	1	a	2.3047
run	layers.8.mlp.down_proj	8	mlp.down_proj	2	op	3.1978
run	layers.8.mlp.down_proj	8	mlp.down_proj	3	b	5.4942
run	layers.8.mlp.down_proj	8	mlp.down_proj	4	=	2.1070
run	layers.8.mlp.gate_proj	8	mlp.gate_proj	0	<BOS>	2.0000
run	layers.8.mlp.gate_proj	8	mlp.gate_proj	1	a	1.0925
run	layers.8.mlp.gate_proj	8	mlp.gate_proj	2	op	2.8585
run	layers.8.mlp.gate_proj	8	mlp.gate_proj	3	b	3.1512
run	layers.8.mlp.gate_proj	8	mlp.gate_proj	4	=	2.5027
run	layers.8.mlp.up_proj	8	mlp.up_proj	0	<BOS>	1.0000
run	layers.8.mlp.up_proj	8	mlp.up_proj	1	a	1.2455
run	layers.8.mlp.up_proj	8	mlp.up_proj	2	op	3.3255
run	layers.8.mlp.up_proj	8	mlp.up_proj	3	b	4.2690
run	layers.8.mlp.up_proj	8	mlp.up_proj	4	=	1.7982
run	layers.8.self_attn.k_proj	8	self_attn.k_proj	0	<BOS>	2.0000
run	layers.8.self_attn.k_proj	8	self_attn.k_proj	1	a	1.1193
run	layers.8.self_attn.k_proj	8	self_attn.k_proj	2	op	1.0310
run	layers.8.self_attn.k_proj	8	self_attn.k_proj	3	b	0.9590
run	layers.8.self_attn.k_proj	8	self_attn.k_proj	4	=	0.9410
run	layers.8.self_attn.o_proj	8	self_attn.o_proj	0	<BOS>	1.0000
run	layers.8.self_attn.o_proj	8	self_attn.o_proj	1	a	1.9325
run	layers.8.self_attn.o_proj	8	self_attn.o_proj	2	op	1.0822
run	layers.8.self_attn.o_proj	8	self_attn.o_proj	3	b	1.9713
run	layers.8.self_attn.o_proj	8	self_attn.o_proj	4	=	1.9420
run	layers.8.self_attn.q_proj	8	self_attn.q_proj	0	<BOS>	0.0000
run	layers.8.self_attn.q_proj	8	self_attn.q_proj	1	a	1.0000
run	layers.8.self_attn.q_proj	8	self_attn.q_proj	2	op	1.0402
run	layers.8.self_attn.q_proj	8	self_attn.q_proj	3	b	1.2953
run	layers.8.self_attn.q_proj	8	self_attn.q_proj	4	=	1.0000
run	layers.8.self_attn.v_proj	8	self_attn.v_proj	0	<BOS>	4.0000
run	layers.8.self_attn.v_proj	8	self_attn.v_proj	1	a	1.8858
run	layers.8.self_attn.v_proj	8	self_attn.v_proj	2	op	1.9603
run	layers.8.self_attn.v_proj	8	self_attn.v_proj	3	b	1.6475
run	layers.8.self_attn.v_proj	8	self_attn.v_proj	4	=	1.4462
run	layers.9.mlp.down_proj	9	mlp.down_proj	0	<BOS>	1.0000
run	layers.9.mlp.down_proj	9	mlp.down_proj	1	a	1.6240
run	layers.9.mlp.down_proj	9	mlp.down_proj	2	op	2.9895
run	layers.9.mlp.down_proj	9	mlp.down_proj	3	b	5.1848
run	layers.9.mlp.down_proj	9	mlp.down_proj	4	=	2.2348
run	layers.9.mlp.gate_proj	9	mlp.gate_proj	0	<BOS>	1.0000
run	layers.9.mlp.gate_proj	9	mlp.gate_proj	1	a	1.5815
run	layers.9.mlp.gate_proj	9	mlp.gate_proj	2	op	2.6872
run	layers.9.mlp.gate_proj	9	mlp.gate_proj	3	b	3.7325
run	layers.9.mlp.gate_proj	9	mlp.gate_proj	4	=	2.2615
run	layers.9.mlp.up_proj	9	mlp.up_proj	0	<BOS>	1.0000
run	layers.9.mlp.up_proj	9	mlp.up_proj	1	a	2.1360
run	layers.9.mlp.up_proj	9	mlp.up_proj	2	op	3.1188
run	layers.9.mlp.up_proj	9	mlp.up_proj	3	b	4.0417
run	layers.9.mlp.up_proj	9	mlp.up_proj	4	=	1.5827
run	layers.9.self_attn.k_proj	9	self_attn.k_proj	0	<BOS>	3.0000
run	layers.9.self_attn.k_proj	9	self_attn.k_proj	1	a	1.0000
run	layers.9.self_attn.k_proj	9	self_attn.k_proj	2	op	1.5473
run	layers.9.self_attn.k_proj	9	self_attn.k_proj	3	b	1.0002
run	layers.9.self_attn.k_proj	9	self_attn.k_proj	4	=	1.0000
run	layers.9.self_attn.o_proj	9	self_attn.o_proj	0	<BOS>	0.0003
run	layers.9.self_attn.o_proj	9	self_attn.o_proj	1	a	2.0000
run	layers.9.self_attn.o_proj	9	self_attn.o_proj	2	op	2.0000
run	layers.9.self_attn.o_proj	9	self_attn.o_proj	3	b	1.5475
run	layers.9.self_attn.o_proj	9	self_attn.o_proj	4	=	1.4837
run	layers.9.self_attn.q_proj	9	self_attn.q_proj	0	<BOS>	0.0000
run	layers.9.self_attn.q_proj	9	self_attn.q_proj	1	a	1.0000
run	layers.9.self_attn.q_proj	9	self_attn.q_proj	2	op	1.0000
run	layers.9.self_attn.q_proj	9	self_attn.q_proj	3	b	1.1443
run	layers.9.self_attn.q_proj	9	self_attn.q_proj	4	=	1.0000
run	layers.9.self_attn.v_proj	9	self_attn.v_proj	0	<BOS>	2.0000
run	layers.9.self_attn.v_proj	9	self_attn.v_proj	1	a	2.0000
run	layers.9.self_attn.v_proj	9	self_attn.v_proj	2	op	1.5282
run	layers.9.self_attn.v_proj	9	self_attn.v_proj	3	b	1.4047
run	layers.9.self_attn.v_proj	9	self_attn.v_proj	4	=	1.0007
addsub-05-filter-answer-ce	layers.0.mlp.down_proj	0	mlp.down_proj	0	<BOS>	4.0000
addsub-05-filter-answer-ce	layers.0.mlp.down_proj	0	mlp.down_proj	1	a	10.5122
addsub-05-filter-answer-ce	layers.0.mlp.down_proj	0	mlp.down_proj	2	op	4.0472
addsub-05-filter-answer-ce	layers.0.mlp.down_proj	0	mlp.down_proj	3	b	8.7253
addsub-05-filter-answer-ce	layers.0.mlp.down_proj	0	mlp.down_proj	4	=	3.0000
addsub-05-filter-answer-ce	layers.0.mlp.gate_proj	0	mlp.gate_proj	0	<BOS>	16.0000
addsub-05-filter-answer-ce	layers.0.mlp.gate_proj	0	mlp.gate_proj	1	a	7.2340
addsub-05-filter-answer-ce	layers.0.mlp.gate_proj	0	mlp.gate_proj	2	op	3.9940
addsub-05-filter-answer-ce	layers.0.mlp.gate_proj	0	mlp.gate_proj	3	b	6.2292
addsub-05-filter-answer-ce	layers.0.mlp.gate_proj	0	mlp.gate_proj	4	=	3.0000
addsub-05-filter-answer-ce	layers.0.mlp.up_proj	0	mlp.up_proj	0	<BOS>	14.0000
addsub-05-filter-answer-ce	layers.0.mlp.up_proj	0	mlp.up_proj	1	a	7.2430
addsub-05-filter-answer-ce	layers.0.mlp.up_proj	0	mlp.up_proj	2	op	3.0412
addsub-05-filter-answer-ce	layers.0.mlp.up_proj	0	mlp.up_proj	3	b	5.6708
addsub-05-filter-answer-ce	layers.0.mlp.up_proj	0	mlp.up_proj	4	=	3.0000
addsub-05-filter-answer-ce	layers.0.self_attn.k_proj	0	self_attn.k_proj	0	<BOS>	8.0000
addsub-05-filter-answer-ce	layers.0.self_attn.k_proj	0	self_attn.k_proj	1	a	1.0000
addsub-05-filter-answer-ce	layers.0.self_attn.k_proj	0	self_attn.k_proj	2	op	2.0000
addsub-05-filter-answer-ce	layers.0.self_attn.k_proj	0	self_attn.k_proj	3	b	1.0000
addsub-05-filter-answer-ce	layers.0.self_attn.k_proj	0	self_attn.k_proj	4	=	0.0000
addsub-05-filter-answer-ce	layers.0.self_attn.o_proj	0	self_attn.o_proj	0	<BOS>	2.0000
addsub-05-filter-answer-ce	layers.0.self_attn.o_proj	0	self_attn.o_proj	1	a	3.0000
addsub-05-filter-answer-ce	layers.0.self_attn.o_proj	0	self_attn.o_proj	2	op	3.5030
addsub-05-filter-answer-ce	layers.0.self_attn.o_proj	0	self_attn.o_proj	3	b	3.4715
addsub-05-filter-answer-ce	layers.0.self_attn.o_proj	0	self_attn.o_proj	4	=	2.5030
addsub-05-filter-answer-ce	layers.0.self_attn.q_proj	0	self_attn.q_proj	0	<BOS>	0.0000
addsub-05-filter-answer-ce	layers.0.self_attn.q_proj	0	self_attn.q_proj	1	a	1.0000
addsub-05-filter-answer-ce	layers.0.self_attn.q_proj	0	self_attn.q_proj	2	op	1.4970
addsub-05-filter-answer-ce	layers.0.self_attn.q_proj	0	self_attn.q_proj	3	b	0.9975
addsub-05-filter-answer-ce	layers.0.self_attn.q_proj	0	self_attn.q_proj	4	=	1.0000
addsub-05-filter-answer-ce	layers.0.self_attn.v_proj	0	self_attn.v_proj	0	<BOS>	5.0000
addsub-05-filter-answer-ce	layers.0.self_attn.v_proj	0	self_attn.v_proj	1	a	1.2318
addsub-05-filter-answer-ce	layers.0.self_attn.v_proj	0	self_attn.v_proj	2	op	1.5030
addsub-05-filter-answer-ce	layers.0.self_attn.v_proj	0	self_attn.v_proj	3	b	1.0855
addsub-05-filter-answer-ce	layers.0.self_attn.v_proj	0	self_attn.v_proj	4	=	0.5030
addsub-05-filter-answer-ce	layers.1.mlp.down_proj	1	mlp.down_proj	0	<BOS>	21.7383
addsub-05-filter-answer-ce	layers.1.mlp.down_proj	1	mlp.down_proj	1	a	5.1980
addsub-05-filter-answer-ce	layers.1.mlp.down_proj	1	mlp.down_proj	2	op	4.5788
addsub-05-filter-answer-ce	layers.1.mlp.down_proj	1	mlp.down_proj	3	b	7.2052
addsub-05-filter-answer-ce	layers.1.mlp.down_proj	1	mlp.down_proj	4	=	2.0000
addsub-05-filter-answer-ce	layers.1.mlp.gate_proj	1	mlp.gate_proj	0	<BOS>	31.0000
addsub-05-filter-answer-ce	layers.1.mlp.gate_proj	1	mlp.gate_proj	1	a	3.1502
addsub-05-filter-answer-ce	layers.1.mlp.gate_proj	1	mlp.gate_proj	2	op	3.0110
addsub-05-filter-answer-ce	layers.1.mlp.gate_proj	1	mlp.gate_proj	3	b	5.5665
addsub-05-filter-answer-ce	layers.1.mlp.gate_proj	1	mlp.gate_proj	4	=	3.4970
addsub-05-filter-answer-ce	layers.1.mlp.up_proj	1	mlp.up_proj	0	<BOS>	38.0000
addsub-05-filter-answer-ce	layers.1.mlp.up_proj	1	mlp.up_proj	1	a	2.6910
addsub-05-filter-answer-ce	layers.1.mlp.up_proj	1	mlp.up_proj	2	op	2.3970
addsub-05-filter-answer-ce	layers.1.mlp.up_proj	1	mlp.up_proj	3	b	5.6640
addsub-05-filter-answer-ce	layers.1.mlp.up_proj	1	mlp.up_proj	4	=	2.0000
addsub-05-filter-answer-ce	layers.1.self_attn.k_proj	1	self_attn.k_proj	0	<BOS>	2.0000
addsub-05-filter-answer-ce	layers.1.self_attn.k_proj	1	self_attn.k_proj	1	a	3.0100
addsub-05-filter-answer-ce	layers.1.self_attn.k_proj	1	self_attn.k_proj	2	op	3.5030
addsub-05-filter-answer-ce	layers.1.self_attn.k_proj	1	self_attn.k_proj	3	b	2.0000
addsub-05-filter-answer-ce	layers.1.self_attn.k_proj	1	self_attn.k_proj	4	=	1.0000
addsub-05-filter-answer-ce	layers.1.self_attn.o_proj	1	self_attn.o_proj	0	<BOS>	0.0000
addsub-05-filter-answer-ce	layers.1.self_attn.o_proj	1	self_attn.o_proj	1	a	1.8065
addsub-05-filter-answer-ce	layers.1.self_attn.o_proj	1	self_attn.o_proj	2	op	6.3888
addsub-05-filter-answer-ce	layers.1.self_attn.o_proj	1	self_attn.o_proj	3	b	4.9152
addsub-05-filter-answer-ce	layers.1.self_attn.o_proj	1	self_attn.o_proj	4	=	2.0065
addsub-05-filter-answer-ce	layers.1.self_attn.q_proj	1	self_attn.q_proj	0	<BOS>	0.0000
addsub-05-filter-answer-ce	layers.1.self_attn.q_proj	1	self_attn.q_proj	1	a	2.0000
addsub-05-filter-answer-ce	layers.1.self_attn.q_proj	1	self_attn.q_proj	2	op	2.0000
addsub-05-filter-answer-ce	layers.1.self_attn.q_proj	1	self_attn.q_proj	3	b	2.1605
addsub-05-filter-answer-ce	layers.1.self_attn.q_proj	1	self_attn.q_proj	4	=	2.0000
addsub-05-filter-answer-ce	layers.1.self_attn.v_proj	1	self_attn.v_proj	0	<BOS>	1.0000
addsub-05-filter-answer-ce	layers.1.self_attn.v_proj	1	self_attn.v_proj	1	a	5.7882
addsub-05-filter-answer-ce	layers.1.self_attn.v_proj	1	self_attn.v_proj	2	op	1.9940
addsub-05-filter-answer-ce	layers.1.self_attn.v_proj	1	self_attn.v_proj	3	b	1.0682
addsub-05-filter-answer-ce	layers.1.self_attn.v_proj	1	self_attn.v_proj	4	=	0.0000
addsub-05-filter-answer-ce	layers.10.mlp.down_proj	10	mlp.down_proj	0	<BOS>	1.0000
addsub-05-filter-answer-ce	layers.10.mlp.down_proj	10	mlp.down_proj	1	a	1.2802
addsub-05-filter-answer-ce	layers.10.mlp.down_proj	10	mlp.down_proj	2	op	4.5773
addsub-05-filter-answer-ce	layers.10.mlp.down_proj	10	mlp.down_proj	3	b	3.9037
addsub-05-filter-answer-ce	layers.10.mlp.down_proj	10	mlp.down_proj	4	=	2.6342
addsub-05-filter-answer-ce	layers.10.mlp.gate_proj	10	mlp.gate_proj	0	<BOS>	3.0000
addsub-05-filter-answer-ce	layers.10.mlp.gate_proj	10	mlp.gate_proj	1	a	1.8707
addsub-05-filter-answer-ce	layers.10.mlp.gate_proj	10	mlp.gate_proj	2	op	3.0615
addsub-05-filter-answer-ce	layers.10.mlp.gate_proj	10	mlp.gate_proj	3	b	2.7062
addsub-05-filter-answer-ce	layers.10.mlp.gate_proj	10	mlp.gate_proj	4	=	1.5022
addsub-05-filter-answer-ce	layers.10.mlp.up_proj	10	mlp.up_proj	0	<BOS>	5.0000
addsub-05-filter-answer-ce	layers.10.mlp.up_proj	10	mlp.up_proj	1	a	2.0400
addsub-05-filter-answer-ce	layers.10.mlp.up_proj	10	mlp.up_proj	2	op	3.0798
addsub-05-filter-answer-ce	layers.10.mlp.up_proj	10	mlp.up_proj	3	b	2.7335
addsub-05-filter-answer-ce	layers.10.mlp.up_proj	10	mlp.up_proj	4	=	1.6788
addsub-05-filter-answer-ce	layers.10.self_attn.k_proj	10	self_attn.k_proj	0	<BOS>	3.0000
addsub-05-filter-answer-ce	layers.10.self_attn.k_proj	10	self_attn.k_proj	1	a	1.0000
addsub-05-filter-answer-ce	layers.10.self_attn.k_proj	10	self_attn.k_proj	2	op	0.9390
addsub-05-filter-answer-ce	layers.10.self_attn.k_proj	10	self_attn.k_proj	3	b	1.0735
addsub-05-filter-answer-ce	layers.10.self_attn.k_proj	10	self_attn.k_proj	4	=	0.9915
addsub-05-filter-answer-ce	layers.10.self_attn.o_proj	10	self_attn.o_proj	0	<BOS>	1.0000
addsub-05-filter-answer-ce	layers.10.self_attn.o_proj	10	self_attn.o_proj	1	a	1.0000
addsub-05-filter-answer-ce	layers.10.self_attn.o_proj	10	self_attn.o_proj	2	op	1.0000
addsub-05-filter-answer-ce	layers.10.self_attn.o_proj	10	self_attn.o_proj	3	b	1.4483
addsub-05-filter-answer-ce	layers.10.self_attn.o_proj	10	self_attn.o_proj	4	=	1.9920
addsub-05-filter-answer-ce	layers.10.self_attn.q_proj	10	self_attn.q_proj	0	<BOS>	0.0000
addsub-05-filter-answer-ce	layers.10.self_attn.q_proj	10	self_attn.q_proj	1	a	1.0000
addsub-05-filter-answer-ce	layers.10.self_attn.q_proj	10	self_attn.q_proj	2	op	1.0000
addsub-05-filter-answer-ce	layers.10.self_attn.q_proj	10	self_attn.q_proj	3	b	1.0000
addsub-05-filter-answer-ce	layers.10.self_attn.q_proj	10	self_attn.q_proj	4	=	1.0000
addsub-05-filter-answer-ce	layers.10.self_attn.v_proj	10	self_attn.v_proj	0	<BOS>	2.0000
addsub-05-filter-answer-ce	layers.10.self_attn.v_proj	10	self_attn.v_proj	1	a	0.9810
addsub-05-filter-answer-ce	layers.10.self_attn.v_proj	10	self_attn.v_proj	2	op	0.9860
addsub-05-filter-answer-ce	layers.10.self_attn.v_proj	10	self_attn.v_proj	3	b	1.2283
addsub-05-filter-answer-ce	layers.10.self_attn.v_proj	10	self_attn.v_proj	4	=	0.9890
addsub-05-filter-answer-ce	layers.11.mlp.down_proj	11	mlp.down_proj	0	<BOS>	2.0000
addsub-05-filter-answer-ce	layers.11.mlp.down_proj	11	mlp.down_proj	1	a	4.2995
addsub-05-filter-answer-ce	layers.11.mlp.down_proj	11	mlp.down_proj	2	op	4.1660
addsub-05-filter-answer-ce	layers.11.mlp.down_proj	11	mlp.down_proj	3	b	5.8455
addsub-05-filter-answer-ce	layers.11.mlp.down_proj	11	mlp.down_proj	4	=	2.0563
addsub-05-filter-answer-ce	layers.11.mlp.gate_proj	11	mlp.gate_proj	0	<BOS>	2.0000
addsub-05-filter-answer-ce	layers.11.mlp.gate_proj	11	mlp.gate_proj	1	a	4.2635
addsub-05-filter-answer-ce	layers.11.mlp.gate_proj	11	mlp.gate_proj	2	op	2.7132
addsub-05-filter-answer-ce	layers.11.mlp.gate_proj	11	mlp.gate_proj	3	b	4.4777
addsub-05-filter-answer-ce	layers.11.mlp.gate_proj	11	mlp.gate_proj	4	=	1.8247
addsub-05-filter-answer-ce	layers.11.mlp.up_proj	11	mlp.up_proj	0	<BOS>	1.0000
addsub-05-filter-answer-ce	layers.11.mlp.up_proj	11	mlp.up_proj	1	a	2.5178
addsub-05-filter-answer-ce	layers.11.mlp.up_proj	11	mlp.up_proj	2	op	2.8068
addsub-05-filter-answer-ce	layers.11.mlp.up_proj	11	mlp.up_proj	3	b	3.2092
addsub-05-filter-answer-ce	layers.11.mlp.up_proj	11	mlp.up_proj	4	=	1.9600
addsub-05-filter-answer-ce	layers.11.self_attn.k_proj	11	self_attn.k_proj	0	<BOS>	3.0000
addsub-05-filter-answer-ce	layers.11.self_attn.k_proj	11	self_attn.k_proj	1	a	1.0000
addsub-05-filter-answer-ce	layers.11.self_attn.k_proj	11	self_attn.k_proj	2	op	0.9392
addsub-05-filter-answer-ce	layers.11.self_attn.k_proj	11	self_attn.k_proj	3	b	0.7020
addsub-05-filter-answer-ce	layers.11.self_attn.k_proj	11	self_attn.k_proj	4	=	0.0005
addsub-05-filter-answer-ce	layers.11.self_attn.o_proj	11	self_attn.o_proj	0	<BOS>	0.0000
addsub-05-filter-answer-ce	layers.11.self_attn.o_proj	11	self_attn.o_proj	1	a	1.0000
addsub-05-filter-answer-ce	layers.11.self_attn.o_proj	11	self_attn.o_proj	2	op	1.0000
addsub-05-filter-answer-ce	layers.11.self_attn.o_proj	11	self_attn.o_proj	3	b	1.1425
addsub-05-filter-answer-ce	layers.11.self_attn.o_proj	11	self_attn.o_proj	4	=	1.0000
addsub-05-filter-answer-ce	layers.11.self_attn.q_proj	11	self_attn.q_proj	0	<BOS>	0.0000
addsub-05-filter-answer-ce	layers.11.self_attn.q_proj	11	self_attn.q_proj	1	a	1.0000
addsub-05-filter-answer-ce	layers.11.self_attn.q_proj	11	self_attn.q_proj	2	op	1.0000
addsub-05-filter-answer-ce	layers.11.self_attn.q_proj	11	self_attn.q_proj	3	b	1.1473
addsub-05-filter-answer-ce	layers.11.self_attn.q_proj	11	self_attn.q_proj	4	=	1.0000
addsub-05-filter-answer-ce	layers.11.self_attn.v_proj	11	self_attn.v_proj	0	<BOS>	4.0000
addsub-05-filter-answer-ce	layers.11.self_attn.v_proj	11	self_attn.v_proj	1	a	0.9735
addsub-05-filter-answer-ce	layers.11.self_attn.v_proj	11	self_attn.v_proj	2	op	0.9818
addsub-05-filter-answer-ce	layers.11.self_attn.v_proj	11	self_attn.v_proj	3	b	0.4877
addsub-05-filter-answer-ce	layers.11.self_attn.v_proj	11	self_attn.v_proj	4	=	0.0000
addsub-05-filter-answer-ce	layers.12.mlp.down_proj	12	mlp.down_proj	0	<BOS>	1.0000
addsub-05-filter-answer-ce	layers.12.mlp.down_proj	12	mlp.down_proj	1	a	4.5700
addsub-05-filter-answer-ce	layers.12.mlp.down_proj	12	mlp.down_proj	2	op	3.9097
addsub-05-filter-answer-ce	layers.12.mlp.down_proj	12	mlp.down_proj	3	b	6.2048
addsub-05-filter-answer-ce	layers.12.mlp.down_proj	12	mlp.down_proj	4	=	2.1385
addsub-05-filter-answer-ce	layers.12.mlp.gate_proj	12	mlp.gate_proj	0	<BOS>	1.0000
addsub-05-filter-answer-ce	layers.12.mlp.gate_proj	12	mlp.gate_proj	1	a	5.3010
addsub-05-filter-answer-ce	layers.12.mlp.gate_proj	12	mlp.gate_proj	2	op	2.9105
addsub-05-filter-answer-ce	layers.12.mlp.gate_proj	12	mlp.gate_proj	3	b	5.7917
addsub-05-filter-answer-ce	layers.12.mlp.gate_proj	12	mlp.gate_proj	4	=	1.9763
addsub-05-filter-answer-ce	layers.12.mlp.up_proj	12	mlp.up_proj	0	<BOS>	1.5783
addsub-05-filter-answer-ce	layers.12.mlp.up_proj	12	mlp.up_proj	1	a	3.5417
addsub-05-filter-answer-ce	layers.12.mlp.up_proj	12	mlp.up_proj	2	op	3.1875
addsub-05-filter-answer-ce	layers.12.mlp.up_proj	12	mlp.up_proj	3	b	4.0043
addsub-05-filter-answer-ce	layers.12.mlp.up_proj	12	mlp.up_proj	4	=	1.7845
addsub-05-filter-answer-ce	layers.12.self_attn.k_proj	12	self_attn.k_proj	0	<BOS>	2.0000
addsub-05-filter-answer-ce	layers.12.self_attn.k_proj	12	self_attn.k_proj	1	a	1.0000
addsub-05-filter-answer-ce	layers.12.self_attn.k_proj	12	self_attn.k_proj	2	op	1.0000
addsub-05-filter-answer-ce	layers.12.self_attn.k_proj	12	self_attn.k_proj	3	b	1.0000
addsub-05-filter-answer-ce	layers.12.self_attn.k_proj	12	self_attn.k_proj	4	=	1.0000
addsub-05-filter-answer-ce	layers.12.self_attn.o_proj	12	self_attn.o_proj	0	<BOS>	0.0000
addsub-05-filter-answer-ce	layers.12.self_attn.o_proj	12	self_attn.o_proj	1	a	1.9995
addsub-05-filter-answer-ce	layers.12.self_attn.o_proj	12	self_attn.o_proj	2	op	1.9760
addsub-05-filter-answer-ce	layers.12.self_attn.o_proj	12	self_attn.o_proj	3	b	1.7363
addsub-05-filter-answer-ce	layers.12.self_attn.o_proj	12	self_attn.o_proj	4	=	1.0000
addsub-05-filter-answer-ce	layers.12.self_attn.q_proj	12	self_attn.q_proj	0	<BOS>	0.0000
addsub-05-filter-answer-ce	layers.12.self_attn.q_proj	12	self_attn.q_proj	1	a	1.0000
addsub-05-filter-answer-ce	layers.12.self_attn.q_proj	12	self_attn.q_proj	2	op	1.0000
addsub-05-filter-answer-ce	layers.12.self_attn.q_proj	12	self_attn.q_proj	3	b	1.3940
addsub-05-filter-answer-ce	layers.12.self_attn.q_proj	12	self_attn.q_proj	4	=	1.0000
addsub-05-filter-answer-ce	layers.12.self_attn.v_proj	12	self_attn.v_proj	0	<BOS>	2.0000
addsub-05-filter-answer-ce	layers.12.self_attn.v_proj	12	self_attn.v_proj	1	a	2.0000
addsub-05-filter-answer-ce	layers.12.self_attn.v_proj	12	self_attn.v_proj	2	op	1.4800
addsub-05-filter-answer-ce	layers.12.self_attn.v_proj	12	self_attn.v_proj	3	b	1.3908
addsub-05-filter-answer-ce	layers.12.self_attn.v_proj	12	self_attn.v_proj	4	=	1.0002
addsub-05-filter-answer-ce	layers.13.mlp.down_proj	13	mlp.down_proj	0	<BOS>	2.0000
addsub-05-filter-answer-ce	layers.13.mlp.down_proj	13	mlp.down_proj	1	a	5.2155
addsub-05-filter-answer-ce	layers.13.mlp.down_proj	13	mlp.down_proj	2	op	3.5310
addsub-05-filter-answer-ce	layers.13.mlp.down_proj	13	mlp.down_proj	3	b	6.7920
addsub-05-filter-answer-ce	layers.13.mlp.down_proj	13	mlp.down_proj	4	=	2.8958
addsub-05-filter-answer-ce	layers.13.mlp.gate_proj	13	mlp.gate_proj	0	<BOS>	1.0000
addsub-05-filter-answer-ce	layers.13.mlp.gate_proj	13	mlp.gate_proj	1	a	3.7898
addsub-05-filter-answer-ce	layers.13.mlp.gate_proj	13	mlp.gate_proj	2	op	3.0343
addsub-05-filter-answer-ce	layers.13.mlp.gate_proj	13	mlp.gate_proj	3	b	5.8670
addsub-05-filter-answer-ce	layers.13.mlp.gate_proj	13	mlp.gate_proj	4	=	1.9933
addsub-05-filter-answer-ce	layers.13.mlp.up_proj	13	mlp.up_proj	0	<BOS>	1.0000
addsub-05-filter-answer-ce	layers.13.mlp.up_proj	13	mlp.up_proj	1	a	3.5547
addsub-05-filter-answer-ce	layers.13.mlp.up_proj	13	mlp.up_proj	2	op	2.8935
addsub-05-filter-answer-ce	layers.13.mlp.up_proj	13	mlp.up_proj	3	b	4.6915
addsub-05-filter-answer-ce	layers.13.mlp.up_proj	13	mlp.up_proj	4	=	1.8635
addsub-05-filter-answer-ce	layers.13.self_attn.k_proj	13	self_attn.k_proj	0	<BOS>	3.0000
addsub-05-filter-answer-ce	layers.13.self_attn.k_proj	13	self_attn.k_proj	1	a	0.4995
addsub-05-filter-answer-ce	layers.13.self_attn.k_proj	13	self_attn.k_proj	2	op	0.9230
addsub-05-filter-answer-ce	layers.13.self_attn.k_proj	13	self_attn.k_proj	3	b	0.8232
addsub-05-filter-answer-ce	layers.13.self_attn.k_proj	13	self_attn.k_proj	4	=	0.9920
addsub-05-filter-answer-ce	layers.13.self_attn.o_proj	13	self_attn.o_proj	0	<BOS>	0.0000
addsub-05-filter-answer-ce	layers.13.self_attn.o_proj	13	self_attn.o_proj	1	a	1.0000
addsub-05-filter-answer-ce	layers.13.self_attn.o_proj	13	self_attn.o_proj	2	op	1.0000
addsub-05-filter-answer-ce	layers.13.self_attn.o_proj	13	self_attn.o_proj	3	b	1.4920
addsub-05-filter-answer-ce	layers.13.self_attn.o_proj	13	self_attn.o_proj	4	=	2.9337
addsub-05-filter-answer-ce	layers.13.self_attn.q_proj	13	self_attn.q_proj	0	<BOS>	0.0000
addsub-05-filter-answer-ce	layers.13.self_attn.q_proj	13	self_attn.q_proj	1	a	1.0000
addsub-05-filter-answer-ce	layers.13.self_attn.q_proj	13	self_attn.q_proj	2	op	1.0000
addsub-05-filter-answer-ce	layers.13.self_attn.q_proj	13	self_attn.q_proj	3	b	0.9948
addsub-05-filter-answer-ce	layers.13.self_attn.q_proj	13	self_attn.q_proj	4	=	1.0000
addsub-05-filter-answer-ce	layers.13.self_attn.v_proj	13	self_attn.v_proj	0	<BOS>	2.0000
addsub-05-filter-answer-ce	layers.13.self_attn.v_proj	13	self_attn.v_proj	1	a	0.9260
addsub-05-filter-answer-ce	layers.13.self_attn.v_proj	13	self_attn.v_proj	2	op	0.9245
addsub-05-filter-answer-ce	layers.13.self_attn.v_proj	13	self_attn.v_proj	3	b	1.3268
addsub-05-filter-answer-ce	layers.13.self_attn.v_proj	13	self_attn.v_proj	4	=	1.4948
addsub-05-filter-answer-ce	layers.14.mlp.down_proj	14	mlp.down_proj	0	<BOS>	0.7732
addsub-05-filter-answer-ce	layers.14.mlp.down_proj	14	mlp.down_proj	1	a	4.6203
addsub-05-filter-answer-ce	layers.14.mlp.down_proj	14	mlp.down_proj	2	op	3.6045
addsub-05-filter-answer-ce	layers.14.mlp.down_proj	14	mlp.down_proj	3	b	6.5510
addsub-05-filter-answer-ce	layers.14.mlp.down_proj	14	mlp.down_proj	4	=	2.1405
addsub-05-filter-answer-ce	layers.14.mlp.gate_proj	14	mlp.gate_proj	0	<BOS>	0.5060
addsub-05-filter-answer-ce	layers.14.mlp.gate_proj	14	mlp.gate_proj	1	a	3.9042
addsub-05-filter-answer-ce	layers.14.mlp.gate_proj	14	mlp.gate_proj	2	op	2.2057
addsub-05-filter-answer-ce	layers.14.mlp.gate_proj	14	mlp.gate_proj	3	b	5.2145
addsub-05-filter-answer-ce	layers.14.mlp.gate_proj	14	mlp.gate_proj	4	=	2.0378
addsub-05-filter-answer-ce	layers.14.mlp.up_proj	14	mlp.up_proj	0	<BOS>	0.5063
addsub-05-filter-answer-ce	layers.14.mlp.up_proj	14	mlp.up_proj	1	a	4.1545
addsub-05-filter-answer-ce	layers.14.mlp.up_proj	14	mlp.up_proj	2	op	2.6880
addsub-05-filter-answer-ce	layers.14.mlp.up_proj	14	mlp.up_proj	3	b	4.5212
addsub-05-filter-answer-ce	layers.14.mlp.up_proj	14	mlp.up_proj	4	=	1.8465
addsub-05-filter-answer-ce	layers.14.self_attn.k_proj	14	self_attn.k_proj	0	<BOS>	2.0000
addsub-05-filter-answer-ce	layers.14.self_attn.k_proj	14	self_attn.k_proj	1	a	1.0000
addsub-05-filter-answer-ce	layers.14.self_attn.k_proj	14	self_attn.k_proj	2	op	1.2982
addsub-05-filter-answer-ce	layers.14.self_attn.k_proj	14	self_attn.k_proj	3	b	0.9977
addsub-05-filter-answer-ce	layers.14.self_attn.k_proj	14	self_attn.k_proj	4	=	0.9983
addsub-05-filter-answer-ce	layers.14.self_attn.o_proj	14	self_attn.o_proj	0	<BOS>	0.7885
addsub-05-filter-answer-ce	layers.14.self_attn.o_proj	14	self_attn.o_proj	1	a	0.9998
addsub-05-filter-answer-ce	layers.14.self_attn.o_proj	14	self_attn.o_proj	2	op	1.7678
addsub-05-filter-answer-ce	layers.14.self_attn.o_proj	14	self_attn.o_proj	3	b	1.9980
addsub-05-filter-answer-ce	layers.14.self_attn.o_proj	14	self_attn.o_proj	4	=	2.0338
addsub-05-filter-answer-ce	layers.14.self_attn.q_proj	14	self_attn.q_proj	0	<BOS>	0.0000
addsub-05-filter-answer-ce	layers.14.self_attn.q_proj	14	self_attn.q_proj	1	a	1.0005
addsub-05-filter-answer-ce	layers.14.self_attn.q_proj	14	self_attn.q_proj	2	op	1.4918
addsub-05-filter-answer-ce	layers.14.self_attn.q_proj	14	self_attn.q_proj	3	b	1.6678
addsub-05-filter-answer-ce	layers.14.self_attn.q_proj	14	self_attn.q_proj	4	=	1.4948
addsub-05-filter-answer-ce	layers.14.self_attn.v_proj	14	self_attn.v_proj	0	<BOS>	2.0000
addsub-05-filter-answer-ce	layers.14.self_attn.v_proj	14	self_attn.v_proj	1	a	1.8295
addsub-05-filter-answer-ce	layers.14.self_attn.v_proj	14	self_attn.v_proj	2	op	1.0013
addsub-05-filter-answer-ce	layers.14.self_attn.v_proj	14	self_attn.v_proj	3	b	1.3257
addsub-05-filter-answer-ce	layers.14.self_attn.v_proj	14	self_attn.v_proj	4	=	0.9995
addsub-05-filter-answer-ce	layers.15.mlp.down_proj	15	mlp.down_proj	0	<BOS>	3.0000
addsub-05-filter-answer-ce	layers.15.mlp.down_proj	15	mlp.down_proj	1	a	3.8468
addsub-05-filter-answer-ce	layers.15.mlp.down_proj	15	mlp.down_proj	2	op	3.0930
addsub-05-filter-answer-ce	layers.15.mlp.down_proj	15	mlp.down_proj	3	b	4.9482
addsub-05-filter-answer-ce	layers.15.mlp.down_proj	15	mlp.down_proj	4	=	7.4408
addsub-05-filter-answer-ce	layers.15.mlp.gate_proj	15	mlp.gate_proj	0	<BOS>	4.0000
addsub-05-filter-answer-ce	layers.15.mlp.gate_proj	15	mlp.gate_proj	1	a	4.0483
addsub-05-filter-answer-ce	layers.15.mlp.gate_proj	15	mlp.gate_proj	2	op	2.4887
addsub-05-filter-answer-ce	layers.15.mlp.gate_proj	15	mlp.gate_proj	3	b	4.1867
addsub-05-filter-answer-ce	layers.15.mlp.gate_proj	15	mlp.gate_proj	4	=	4.5417
addsub-05-filter-answer-ce	layers.15.mlp.up_proj	15	mlp.up_proj	0	<BOS>	4.0000
addsub-05-filter-answer-ce	layers.15.mlp.up_proj	15	mlp.up_proj	1	a	2.8345
addsub-05-filter-answer-ce	layers.15.mlp.up_proj	15	mlp.up_proj	2	op	2.9640
addsub-05-filter-answer-ce	layers.15.mlp.up_proj	15	mlp.up_proj	3	b	4.2913
addsub-05-filter-answer-ce	layers.15.mlp.up_proj	15	mlp.up_proj	4	=	5.3307
addsub-05-filter-answer-ce	layers.15.self_attn.k_proj	15	self_attn.k_proj	0	<BOS>	1.0000
addsub-05-filter-answer-ce	layers.15.self_attn.k_proj	15	self_attn.k_proj	1	a	1.0438
addsub-05-filter-answer-ce	layers.15.self_attn.k_proj	15	self_attn.k_proj	2	op	1.0000
addsub-05-filter-answer-ce	layers.15.self_attn.k_proj	15	self_attn.k_proj	3	b	1.9960
addsub-05-filter-answer-ce	layers.15.self_attn.k_proj	15	self_attn.k_proj	4	=	0.9985
addsub-05-filter-answer-ce	layers.15.self_attn.o_proj	15	self_attn.o_proj	0	<BOS>	0.0000
addsub-05-filter-answer-ce	layers.15.self_attn.o_proj	15	self_attn.o_proj	1	a	1.0022
addsub-05-filter-answer-ce	layers.15.self_attn.o_proj	15	self_attn.o_proj	2	op	1.0532
addsub-05-filter-answer-ce	layers.15.self_attn.o_proj	15	self_attn.o_proj	3	b	2.7397
addsub-05-filter-answer-ce	layers.15.self_attn.o_proj	15	self_attn.o_proj	4	=	10.0220
addsub-05-filter-answer-ce	layers.15.self_attn.q_proj	15	self_attn.q_proj	0	<BOS>	0.0000
addsub-05-filter-answer-ce	layers.15.self_attn.q_proj	15	self_attn.q_proj	1	a	1.0000
addsub-05-filter-answer-ce	layers.15.self_attn.q_proj	15	self_attn.q_proj	2	op	1.0000
addsub-05-filter-answer-ce	layers.15.self_attn.q_proj	15	self_attn.q_proj	3	b	1.4837
addsub-05-filter-answer-ce	layers.15.self_attn.q_proj	15	self_attn.q_proj	4	=	1.9910
addsub-05-filter-answer-ce	layers.15.self_attn.v_proj	15	self_attn.v_proj	0	<BOS>	3.0000
addsub-05-filter-answer-ce	layers.15.self_attn.v_proj	15	self_attn.v_proj	1	a	1.0428
addsub-05-filter-answer-ce	layers.15.self_attn.v_proj	15	self_attn.v_proj	2	op	1.1493
addsub-05-filter-answer-ce	layers.15.self_attn.v_proj	15	self_attn.v_proj	3	b	9.5948
addsub-05-filter-answer-ce	layers.15.self_attn.v_proj	15	self_attn.v_proj	4	=	0.9388
addsub-05-filter-answer-ce	layers.16.mlp.down_proj	16	mlp.down_proj	0	<BOS>	2.0000
addsub-05-filter-answer-ce	layers.16.mlp.down_proj	16	mlp.down_proj	1	a	6.0862
addsub-05-filter-answer-ce	layers.16.mlp.down_proj	16	mlp.down_proj	2	op	4.6207
addsub-05-filter-answer-ce	layers.16.mlp.down_proj	16	mlp.down_proj	3	b	5.9187
addsub-05-filter-answer-ce	layers.16.mlp.down_proj	16	mlp.down_proj	4	=	8.7107
addsub-05-filter-answer-ce	layers.16.mlp.gate_proj	16	mlp.gate_proj	0	<BOS>	2.0000
addsub-05-filter-answer-ce	layers.16.mlp.gate_proj	16	mlp.gate_proj	1	a	3.5685
addsub-05-filter-answer-ce	layers.16.mlp.gate_proj	16	mlp.gate_proj	2	op	2.8985
addsub-05-filter-answer-ce	layers.16.mlp.gate_proj	16	mlp.gate_proj	3	b	4.3078
addsub-05-filter-answer-ce	layers.16.mlp.gate_proj	16	mlp.gate_proj	4	=	7.0778
addsub-05-filter-answer-ce	layers.16.mlp.up_proj	16	mlp.up_proj	0	<BOS>	1.0000
addsub-05-filter-answer-ce	layers.16.mlp.up_proj	16	mlp.up_proj	1	a	2.9037
addsub-05-filter-answer-ce	layers.16.mlp.up_proj	16	mlp.up_proj	2	op	3.1783
addsub-05-filter-answer-ce	layers.16.mlp.up_proj	16	mlp.up_proj	3	b	4.0330
addsub-05-filter-answer-ce	layers.16.mlp.up_proj	16	mlp.up_proj	4	=	6.1182
addsub-05-filter-answer-ce	layers.16.self_attn.k_proj	16	self_attn.k_proj	0	<BOS>	1.0000
addsub-05-filter-answer-ce	layers.16.self_attn.k_proj	16	self_attn.k_proj	1	a	1.0007
addsub-05-filter-answer-ce	layers.16.self_attn.k_proj	16	self_attn.k_proj	2	op	0.9983
addsub-05-filter-answer-ce	layers.16.self_attn.k_proj	16	self_attn.k_proj	3	b	1.5640
addsub-05-filter-answer-ce	layers.16.self_attn.k_proj	16	self_attn.k_proj	4	=	0.9980
addsub-05-filter-answer-ce	layers.16.self_attn.o_proj	16	self_attn.o_proj	0	<BOS>	0.7645
addsub-05-filter-answer-ce	layers.16.self_attn.o_proj	16	self_attn.o_proj	1	a	1.2637
addsub-05-filter-answer-ce	layers.16.self_attn.o_proj	16	self_attn.o_proj	2	op	3.8772
addsub-05-filter-answer-ce	layers.16.self_attn.o_proj	16	self_attn.o_proj	3	b	3.0505
addsub-05-filter-answer-ce	layers.16.self_attn.o_proj	16	self_attn.o_proj	4	=	10.9100
addsub-05-filter-answer-ce	layers.16.self_attn.q_proj	16	self_attn.q_proj	0	<BOS>	0.0000
addsub-05-filter-answer-ce	layers.16.self_attn.q_proj	16	self_attn.q_proj	1	a	1.0000
addsub-05-filter-answer-ce	layers.16.self_attn.q_proj	16	self_attn.q_proj	2	op	1.7472
addsub-05-filter-answer-ce	layers.16.self_attn.q_proj	16	self_attn.q_proj	3	b	1.2873
addsub-05-filter-answer-ce	layers.16.self_attn.q_proj	16	self_attn.q_proj	4	=	1.9998
addsub-05-filter-answer-ce	layers.16.self_attn.v_proj	16	self_attn.v_proj	0	<BOS>	1.0000
addsub-05-filter-answer-ce	layers.16.self_attn.v_proj	16	self_attn.v_proj	1	a	7.8573
addsub-05-filter-answer-ce	layers.16.self_attn.v_proj	16	self_attn.v_proj	2	op	1.9215
addsub-05-filter-answer-ce	layers.16.self_attn.v_proj	16	self_attn.v_proj	3	b	2.0200
addsub-05-filter-answer-ce	layers.16.self_attn.v_proj	16	self_attn.v_proj	4	=	0.9685
addsub-05-filter-answer-ce	layers.17.mlp.down_proj	17	mlp.down_proj	0	<BOS>	2.0000
addsub-05-filter-answer-ce	layers.17.mlp.down_proj	17	mlp.down_proj	1	a	3.6042
addsub-05-filter-answer-ce	layers.17.mlp.down_proj	17	mlp.down_proj	2	op	3.1827
addsub-05-filter-answer-ce	layers.17.mlp.down_proj	17	mlp.down_proj	3	b	5.1005
addsub-05-filter-answer-ce	layers.17.mlp.down_proj	17	mlp.down_proj	4	=	7.9645
addsub-05-filter-answer-ce	layers.17.mlp.gate_proj	17	mlp.gate_proj	0	<BOS>	2.0000
addsub-05-filter-answer-ce	layers.17.mlp.gate_proj	17	mlp.gate_proj	1	a	3.3720
addsub-05-filter-answer-ce	layers.17.mlp.gate_proj	17	mlp.gate_proj	2	op	3.2920
addsub-05-filter-answer-ce	layers.17.mlp.gate_proj	17	mlp.gate_proj	3	b	4.1438
addsub-05-filter-answer-ce	layers.17.mlp.gate_proj	17	mlp.gate_proj	4	=	5.1385
addsub-05-filter-answer-ce	layers.17.mlp.up_proj	17	mlp.up_proj	0	<BOS>	1.0000
addsub-05-filter-answer-ce	layers.17.mlp.up_proj	17	mlp.up_proj	1	a	2.4878
addsub-05-filter-answer-ce	layers.17.mlp.up_proj	17	mlp.up_proj	2	op	2.9545
addsub-05-filter-answer-ce	layers.17.mlp.up_proj	17	mlp.up_proj	3	b	3.2592
addsub-05-filter-answer-ce	layers.17.mlp.up_proj	17	mlp.up_proj	4	=	6.6710
addsub-05-filter-answer-ce	layers.17.self_attn.k_proj	17	self_attn.k_proj	0	<BOS>	1.0000
addsub-05-filter-answer-ce	layers.17.self_attn.k_proj	17	self_attn.k_proj	1	a	1.0000
addsub-05-filter-answer-ce	layers.17.self_attn.k_proj	17	self_attn.k_proj	2	op	0.9987
addsub-05-filter-answer-ce	layers.17.self_attn.k_proj	17	self_attn.k_proj	3	b	0.9227
addsub-05-filter-answer-ce	layers.17.self_attn.k_proj	17	self_attn.k_proj	4	=	0.0008
addsub-05-filter-answer-ce	layers.17.self_attn.o_proj	17	self_attn.o_proj	0	<BOS>	1.0000
addsub-05-filter-answer-ce	layers.17.self_attn.o_proj	17	self_attn.o_proj	1	a	0.9925
addsub-05-filter-answer-ce	layers.17.self_attn.o_proj	17	self_attn.o_proj	2	op	1.0010
addsub-05-filter-answer-ce	layers.17.self_attn.o_proj	17	self_attn.o_proj	3	b	2.7508
addsub-05-filter-answer-ce	layers.17.self_attn.o_proj	17	self_attn.o_proj	4	=	0.9962
addsub-05-filter-answer-ce	layers.17.self_attn.q_proj	17	self_attn.q_proj	0	<BOS>	0.0000
addsub-05-filter-answer-ce	layers.17.self_attn.q_proj	17	self_attn.q_proj	1	a	1.0000
addsub-05-filter-answer-ce	layers.17.self_attn.q_proj	17	self_attn.q_proj	2	op	1.0000
addsub-05-filter-answer-ce	layers.17.self_attn.q_proj	17	self_attn.q_proj	3	b	1.9855
addsub-05-filter-answer-ce	layers.17.self_attn.q_proj	17	self_attn.q_proj	4	=	0.9952
addsub-05-filter-answer-ce	layers.17.self_attn.v_proj	17	self_attn.v_proj	0	<BOS>	2.0000
addsub-05-filter-answer-ce	layers.17.self_attn.v_proj	17	self_attn.v_proj	1	a	1.0000
addsub-05-filter-answer-ce	layers.17.self_attn.v_proj	17	self_attn.v_proj	2	op	2.2390
addsub-05-filter-answer-ce	layers.17.self_attn.v_proj	17	self_attn.v_proj	3	b	1.5920
addsub-05-filter-answer-ce	layers.17.self_attn.v_proj	17	self_attn.v_proj	4	=	0.2358
addsub-05-filter-answer-ce	layers.18.mlp.down_proj	18	mlp.down_proj	0	<BOS>	1.0000
addsub-05-filter-answer-ce	layers.18.mlp.down_proj	18	mlp.down_proj	1	a	3.8677
addsub-05-filter-answer-ce	layers.18.mlp.down_proj	18	mlp.down_proj	2	op	4.8940
addsub-05-filter-answer-ce	layers.18.mlp.down_proj	18	mlp.down_proj	3	b	3.9497
addsub-05-filter-answer-ce	layers.18.mlp.down_proj	18	mlp.down_proj	4	=	12.6167
addsub-05-filter-answer-ce	layers.18.mlp.gate_proj	18	mlp.gate_proj	0	<BOS>	2.0000
addsub-05-filter-answer-ce	layers.18.mlp.gate_proj	18	mlp.gate_proj	1	a	3.2383
addsub-05-filter-answer-ce	layers.18.mlp.gate_proj	18	mlp.gate_proj	2	op	4.1795
addsub-05-filter-answer-ce	layers.18.mlp.gate_proj	18	mlp.gate_proj	3	b	4.1638
addsub-05-filter-answer-ce	layers.18.mlp.gate_proj	18	mlp.gate_proj	4	=	11.2270
addsub-05-filter-answer-ce	layers.18.mlp.up_proj	18	mlp.up_proj	0	<BOS>	1.0000
addsub-05-filter-answer-ce	layers.18.mlp.up_proj	18	mlp.up_proj	1	a	3.0543
addsub-05-filter-answer-ce	layers.18.mlp.up_proj	18	mlp.up_proj	2	op	3.1355
addsub-05-filter-answer-ce	layers.18.mlp.up_proj	18	mlp.up_proj	3	b	3.1695
addsub-05-filter-answer-ce	layers.18.mlp.up_proj	18	mlp.up_proj	4	=	11.8763
addsub-05-filter-answer-ce	layers.18.self_attn.k_proj	18	self_attn.k_proj	0	<BOS>	1.0000
addsub-05-filter-answer-ce	layers.18.self_attn.k_proj	18	self_attn.k_proj	1	a	1.0043
addsub-05-filter-answer-ce	layers.18.self_attn.k_proj	18	self_attn.k_proj	2	op	1.3993
addsub-05-filter-answer-ce	layers.18.self_attn.k_proj	18	self_attn.k_proj	3	b	0.9737
addsub-05-filter-answer-ce	layers.18.self_attn.k_proj	18	self_attn.k_proj	4	=	0.6235
addsub-05-filter-answer-ce	layers.18.self_attn.o_proj	18	self_attn.o_proj	0	<BOS>	1.0000
addsub-05-filter-answer-ce	layers.18.self_attn.o_proj	18	self_attn.o_proj	1	a	1.0000
addsub-05-filter-answer-ce	layers.18.self_attn.o_proj	18	self_attn.o_proj	2	op	4.4150
addsub-05-filter-answer-ce	layers.18.self_attn.o_proj	18	self_attn.o_proj	3	b	1.0473
addsub-05-filter-answer-ce	layers.18.self_attn.o_proj	18	self_attn.o_proj	4	=	4.3377
addsub-05-filter-answer-ce	layers.18.self_attn.q_proj	18	self_attn.q_proj	0	<BOS>	0.0000
addsub-05-filter-answer-ce	layers.18.self_attn.q_proj	18	self_attn.q_proj	1	a	1.0000
addsub-05-filter-answer-ce	layers.18.self_attn.q_proj	18	self_attn.q_proj	2	op	1.6118
addsub-05-filter-answer-ce	layers.18.self_attn.q_proj	18	self_attn.q_proj	3	b	1.0255
addsub-05-filter-answer-ce	layers.18.self_attn.q_proj	18	self_attn.q_proj	4	=	2.0275
addsub-05-filter-answer-ce	layers.18.self_attn.v_proj	18	self_attn.v_proj	0	<BOS>	1.0000
addsub-05-filter-answer-ce	layers.18.self_attn.v_proj	18	self_attn.v_proj	1	a	3.8837
addsub-05-filter-answer-ce	layers.18.self_attn.v_proj	18	self_attn.v_proj	2	op	1.1175
addsub-05-filter-answer-ce	layers.18.self_attn.v_proj	18	self_attn.v_proj	3	b	2.8245
addsub-05-filter-answer-ce	layers.18.self_attn.v_proj	18	self_attn.v_proj	4	=	0.0005
addsub-05-filter-answer-ce	layers.19.mlp.down_proj	19	mlp.down_proj	0	<BOS>	2.0000
addsub-05-filter-answer-ce	layers.19.mlp.down_proj	19	mlp.down_proj	1	a	4.0532
addsub-05-filter-answer-ce	layers.19.mlp.down_proj	19	mlp.down_proj	2	op	4.4342
addsub-05-filter-answer-ce	layers.19.mlp.down_proj	19	mlp.down_proj	3	b	4.3200
addsub-05-filter-answer-ce	layers.19.mlp.down_proj	19	mlp.down_proj	4	=	7.2570
addsub-05-filter-answer-ce	layers.19.mlp.gate_proj	19	mlp.gate_proj	0	<BOS>	1.0000
addsub-05-filter-answer-ce	layers.19.mlp.gate_proj	19	mlp.gate_proj	1	a	2.8465
addsub-05-filter-answer-ce	layers.19.mlp.gate_proj	19	mlp.gate_proj	2	op	2.9990
addsub-05-filter-answer-ce	layers.19.mlp.gate_proj	19	mlp.gate_proj	3	b	3.1082
addsub-05-filter-answer-ce	layers.19.mlp.gate_proj	19	mlp.gate_proj	4	=	5.8275
addsub-05-filter-answer-ce	layers.19.mlp.up_proj	19	mlp.up_proj	0	<BOS>	1.0000
addsub-05-filter-answer-ce	layers.19.mlp.up_proj	19	mlp.up_proj	1	a	2.3595
addsub-05-filter-answer-ce	layers.19.mlp.up_proj	19	mlp.up_proj	2	op	3.1033
addsub-05-filter-answer-ce	layers.19.mlp.up_proj	19	mlp.up_proj	3	b	2.6720
addsub-05-filter-answer-ce	layers.19.mlp.up_proj	19	mlp.up_proj	4	=	5.7595
addsub-05-filter-answer-ce	layers.19.self_attn.k_proj	19	self_attn.k_proj	0	<BOS>	2.0000
addsub-05-filter-answer-ce	layers.19.self_attn.k_proj	19	self_attn.k_proj	1	a	1.0000
addsub-05-filter-answer-ce	layers.19.self_attn.k_proj	19	self_attn.k_proj	2	op	1.0000
addsub-05-filter-answer-ce	layers.19.self_attn.k_proj	19	self_attn.k_proj	3	b	0.9615
addsub-05-filter-answer-ce	layers.19.self_attn.k_proj	19	self_attn.k_proj	4	=	0.0020
addsub-05-filter-answer-ce	layers.19.self_attn.o_proj	19	self_attn.o_proj	0	<BOS>	0.5253
addsub-05-filter-answer-ce	layers.19.self_attn.o_proj	19	self_attn.o_proj	1	a	1.0000
addsub-05-filter-answer-ce	layers.19.self_attn.o_proj	19	self_attn.o_proj	2	op	1.0000
addsub-05-filter-answer-ce	layers.19.self_attn.o_proj	19	self_attn.o_proj	3	b	1.0000
addsub-05-filter-answer-ce	layers.19.self_attn.o_proj	19	self_attn.o_proj	4	=	0.9945
addsub-05-filter-answer-ce	layers.19.self_attn.q_proj	19	self_attn.q_proj	0	<BOS>	0.0000
addsub-05-filter-answer-ce	layers.19.self_attn.q_proj	19	self_attn.q_proj	1	a	1.0000
addsub-05-filter-answer-ce	layers.19.self_attn.q_proj	19	self_attn.q_proj	2	op	1.0000
addsub-05-filter-answer-ce	layers.19.self_attn.q_proj	19	self_attn.q_proj	3	b	1.0000
addsub-05-filter-answer-ce	layers.19.self_attn.q_proj	19	self_attn.q_proj	4	=	0.9948
addsub-05-filter-answer-ce	layers.19.self_attn.v_proj	19	self_attn.v_proj	0	<BOS>	1.0000
addsub-05-filter-answer-ce	layers.19.self_attn.v_proj	19	self_attn.v_proj	1	a	1.0002
addsub-05-filter-answer-ce	layers.19.self_attn.v_proj	19	self_attn.v_proj	2	op	0.9260
addsub-05-filter-answer-ce	layers.19.self_attn.v_proj	19	self_attn.v_proj	3	b	0.1545
addsub-05-filter-answer-ce	layers.19.self_attn.v_proj	19	self_attn.v_proj	4	=	0.0000
addsub-05-filter-answer-ce	layers.2.mlp.down_proj	2	mlp.down_proj	0	<BOS>	1.5050
addsub-05-filter-answer-ce	layers.2.mlp.down_proj	2	mlp.down_proj	1	a	4.3263
addsub-05-filter-answer-ce	layers.2.mlp.down_proj	2	mlp.down_proj	2	op	3.9323
addsub-05-filter-answer-ce	layers.2.mlp.down_proj	2	mlp.down_proj	3	b	6.6603
addsub-05-filter-answer-ce	layers.2.mlp.down_proj	2	mlp.down_proj	4	=	2.0000
addsub-05-filter-answer-ce	layers.2.mlp.gate_proj	2	mlp.gate_proj	0	<BOS>	0.7510
addsub-05-filter-answer-ce	layers.2.mlp.gate_proj	2	mlp.gate_proj	1	a	3.1862
addsub-05-filter-answer-ce	layers.2.mlp.gate_proj	2	mlp.gate_proj	2	op	3.4193
addsub-05-filter-answer-ce	layers.2.mlp.gate_proj	2	mlp.gate_proj	3	b	4.3643
addsub-05-filter-answer-ce	layers.2.mlp.gate_proj	2	mlp.gate_proj	4	=	1.9940
addsub-05-filter-answer-ce	layers.2.mlp.up_proj	2	mlp.up_proj	0	<BOS>	2.2532
addsub-05-filter-answer-ce	layers.2.mlp.up_proj	2	mlp.up_proj	1	a	3.5777
addsub-05-filter-answer-ce	layers.2.mlp.up_proj	2	mlp.up_proj	2	op	3.0868
addsub-05-filter-answer-ce	layers.2.mlp.up_proj	2	mlp.up_proj	3	b	5.0600
addsub-05-filter-answer-ce	layers.2.mlp.up_proj	2	mlp.up_proj	4	=	1.0000
addsub-05-filter-answer-ce	layers.2.self_attn.k_proj	2	self_attn.k_proj	0	<BOS>	3.0000
addsub-05-filter-answer-ce	layers.2.self_attn.k_proj	2	self_attn.k_proj	1	a	2.0680
addsub-05-filter-answer-ce	layers.2.self_attn.k_proj	2	self_attn.k_proj	2	op	2.8970
addsub-05-filter-answer-ce	layers.2.self_attn.k_proj	2	self_attn.k_proj	3	b	1.0415
addsub-05-filter-answer-ce	layers.2.self_attn.k_proj	2	self_attn.k_proj	4	=	1.0000
addsub-05-filter-answer-ce	layers.2.self_attn.o_proj	2	self_attn.o_proj	0	<BOS>	0.0000
addsub-05-filter-answer-ce	layers.2.self_attn.o_proj	2	self_attn.o_proj	1	a	1.0000
addsub-05-filter-answer-ce	layers.2.self_attn.o_proj	2	self_attn.o_proj	2	op	2.0700
addsub-05-filter-answer-ce	layers.2.self_attn.o_proj	2	self_attn.o_proj	3	b	3.9755
addsub-05-filter-answer-ce	layers.2.self_attn.o_proj	2	self_attn.o_proj	4	=	3.5738
addsub-05-filter-answer-ce	layers.2.self_attn.q_proj	2	self_attn.q_proj	0	<BOS>	0.0000
addsub-05-filter-answer-ce	layers.2.self_attn.q_proj	2	self_attn.q_proj	1	a	1.0000
addsub-05-filter-answer-ce	layers.2.self_attn.q_proj	2	self_attn.q_proj	2	op	2.1458
addsub-05-filter-answer-ce	layers.2.self_attn.q_proj	2	self_attn.q_proj	3	b	4.3193
addsub-05-filter-answer-ce	layers.2.self_attn.q_proj	2	self_attn.q_proj	4	=	3.0000
addsub-05-filter-answer-ce	layers.2.self_attn.v_proj	2	self_attn.v_proj	0	<BOS>	2.0000
addsub-05-filter-answer-ce	layers.2.self_attn.v_proj	2	self_attn.v_proj	1	a	1.9727
addsub-05-filter-answer-ce	layers.2.self_attn.v_proj	2	self_attn.v_proj	2	op	4.2017
addsub-05-filter-answer-ce	layers.2.self_attn.v_proj	2	self_attn.v_proj	3	b	0.8335
addsub-05-filter-answer-ce	layers.2.self_attn.v_proj	2	self_attn.v_proj	4	=	1.0000
addsub-05-filter-answer-ce	layers.20.mlp.down_proj	20	mlp.down_proj	0	<BOS>	1.0000
addsub-05-filter-answer-ce	layers.20.mlp.down_proj	20	mlp.down_proj	1	a	3.8395
addsub-05-filter-answer-ce	layers.20.mlp.down_proj	20	mlp.down_proj	2	op	4.1160
addsub-05-filter-answer-ce	layers.20.mlp.down_proj	20	mlp.down_proj	3	b	4.1425
addsub-05-filter-answer-ce	layers.20.mlp.down_proj	20	mlp.down_proj	4	=	7.9515
addsub-05-filter-answer-ce	layers.20.mlp.gate_proj	20	mlp.gate_proj	0	<BOS>	3.0000
addsub-05-filter-answer-ce	layers.20.mlp.gate_proj	20	mlp.gate_proj	1	a	3.2000
addsub-05-filter-answer-ce	layers.20.mlp.gate_proj	20	mlp.gate_proj	2	op	3.7638
addsub-05-filter-answer-ce	layers.20.mlp.gate_proj	20	mlp.gate_proj	3	b	3.5233
addsub-05-filter-answer-ce	layers.20.mlp.gate_proj	20	mlp.gate_proj	4	=	4.7085
addsub-05-filter-answer-ce	layers.20.mlp.up_proj	20	mlp.up_proj	0	<BOS>	2.0000
addsub-05-filter-answer-ce	layers.20.mlp.up_proj	20	mlp.up_proj	1	a	2.9962
addsub-05-filter-answer-ce	layers.20.mlp.up_proj	20	mlp.up_proj	2	op	3.5347
addsub-05-filter-answer-ce	layers.20.mlp.up_proj	20	mlp.up_proj	3	b	3.1102
addsub-05-filter-answer-ce	layers.20.mlp.up_proj	20	mlp.up_proj	4	=	6.9328
addsub-05-filter-answer-ce	layers.20.self_attn.k_proj	20	self_attn.k_proj	0	<BOS>	1.0000
addsub-05-filter-answer-ce	layers.20.self_attn.k_proj	20	self_attn.k_proj	1	a	1.0057
addsub-05-filter-answer-ce	layers.20.self_attn.k_proj	20	self_attn.k_proj	2	op	1.1370
addsub-05-filter-answer-ce	layers.20.self_attn.k_proj	20	self_attn.k_proj	3	b	0.9880
addsub-05-filter-answer-ce	layers.20.self_attn.k_proj	20	self_attn.k_proj	4	=	0.0327
addsub-05-filter-answer-ce	layers.20.self_attn.o_proj	20	self_attn.o_proj	0	<BOS>	0.0000
addsub-05-filter-answer-ce	layers.20.self_attn.o_proj	20	self_attn.o_proj	1	a	0.9517
addsub-05-filter-answer-ce	layers.20.self_attn.o_proj	20	self_attn.o_proj	2	op	1.0562
addsub-05-filter-answer-ce	layers.20.self_attn.o_proj	20	self_attn.o_proj	3	b	0.8900
addsub-05-filter-answer-ce	layers.20.self_attn.o_proj	20	self_attn.o_proj	4	=	0.8450
addsub-05-filter-answer-ce	layers.20.self_attn.q_proj	20	self_attn.q_proj	0	<BOS>	0.0000
addsub-05-filter-answer-ce	layers.20.self_attn.q_proj	20	self_attn.q_proj	1	a	1.0102
addsub-05-filter-answer-ce	layers.20.self_attn.q_proj	20	self_attn.q_proj	2	op	1.1578
addsub-05-filter-answer-ce	layers.20.self_attn.q_proj	20	self_attn.q_proj	3	b	1.5577
addsub-05-filter-answer-ce	layers.20.self_attn.q_proj	20	self_attn.q_proj	4	=	1.3610
addsub-05-filter-answer-ce	layers.20.self_attn.v_proj	20	self_attn.v_proj	0	<BOS>	1.0000
addsub-05-filter-answer-ce	layers.20.self_attn.v_proj	20	self_attn.v_proj	1	a	1.3980
addsub-05-filter-answer-ce	layers.20.self_attn.v_proj	20	self_attn.v_proj	2	op	0.8795
addsub-05-filter-answer-ce	layers.20.self_attn.v_proj	20	self_attn.v_proj	3	b	1.0282
addsub-05-filter-answer-ce	layers.20.self_attn.v_proj	20	self_attn.v_proj	4	=	0.0000
addsub-05-filter-answer-ce	layers.21.mlp.down_proj	21	mlp.down_proj	0	<BOS>	1.0000
addsub-05-filter-answer-ce	layers.21.mlp.down_proj	21	mlp.down_proj	1	a	3.2108
addsub-05-filter-answer-ce	layers.21.mlp.down_proj	21	mlp.down_proj	2	op	4.2625
addsub-05-filter-answer-ce	layers.21.mlp.down_proj	21	mlp.down_proj	3	b	4.9433
addsub-05-filter-answer-ce	layers.21.mlp.down_proj	21	mlp.down_proj	4	=	6.6695
addsub-05-filter-answer-ce	layers.21.mlp.gate_proj	21	mlp.gate_proj	0	<BOS>	2.0000
addsub-05-filter-answer-ce	layers.21.mlp.gate_proj	21	mlp.gate_proj	1	a	2.5038
addsub-05-filter-answer-ce	layers.21.mlp.gate_proj	21	mlp.gate_proj	2	op	2.8468
addsub-05-filter-answer-ce	layers.21.mlp.gate_proj	21	mlp.gate_proj	3	b	3.7865
addsub-05-filter-answer-ce	layers.21.mlp.gate_proj	21	mlp.gate_proj	4	=	5.4635
addsub-05-filter-answer-ce	layers.21.mlp.up_proj	21	mlp.up_proj	0	<BOS>	2.0000
addsub-05-filter-answer-ce	layers.21.mlp.up_proj	21	mlp.up_proj	1	a	2.2722
addsub-05-filter-answer-ce	layers.21.mlp.up_proj	21	mlp.up_proj	2	op	3.1875
addsub-05-filter-answer-ce	layers.21.mlp.up_proj	21	mlp.up_proj	3	b	2.7687
addsub-05-filter-answer-ce	layers.21.mlp.up_proj	21	mlp.up_proj	4	=	5.9082
addsub-05-filter-answer-ce	layers.21.self_attn.k_proj	21	self_attn.k_proj	0	<BOS>	1.0000
addsub-05-filter-answer-ce	layers.21.self_attn.k_proj	21	self_attn.k_proj	1	a	1.0000
addsub-05-filter-answer-ce	layers.21.self_attn.k_proj	21	self_attn.k_proj	2	op	1.0000
addsub-05-filter-answer-ce	layers.21.self_attn.k_proj	21	self_attn.k_proj	3	b	0.7685
addsub-05-filter-answer-ce	layers.21.self_attn.k_proj	21	self_attn.k_proj	4	=	0.0012
addsub-05-filter-answer-ce	layers.21.self_attn.o_proj	21	self_attn.o_proj	0	<BOS>	0.6273
addsub-05-filter-answer-ce	layers.21.self_attn.o_proj	21	self_attn.o_proj	1	a	0.9990
addsub-05-filter-answer-ce	layers.21.self_attn.o_proj	21	self_attn.o_proj	2	op	1.5030
addsub-05-filter-answer-ce	layers.21.self_attn.o_proj	21	self_attn.o_proj	3	b	1.3917
addsub-05-filter-answer-ce	layers.21.self_attn.o_proj	21	self_attn.o_proj	4	=	0.9147
addsub-05-filter-answer-ce	layers.21.self_attn.q_proj	21	self_attn.q_proj	0	<BOS>	0.0000
addsub-05-filter-answer-ce	layers.21.self_attn.q_proj	21	self_attn.q_proj	1	a	1.0000
addsub-05-filter-answer-ce	layers.21.self_attn.q_proj	21	self_attn.q_proj	2	op	1.0000
addsub-05-filter-answer-ce	layers.21.self_attn.q_proj	21	self_attn.q_proj	3	b	1.3153
addsub-05-filter-answer-ce	layers.21.self_attn.q_proj	21	self_attn.q_proj	4	=	1.0000
addsub-05-filter-answer-ce	layers.21.self_attn.v_proj	21	self_attn.v_proj	0	<BOS>	1.0000
addsub-05-filter-answer-ce	layers.21.self_attn.v_proj	21	self_attn.v_proj	1	a	1.0000
addsub-05-filter-answer-ce	layers.21.self_attn.v_proj	21	self_attn.v_proj	2	op	0.8540
addsub-05-filter-answer-ce	layers.21.self_attn.v_proj	21	self_attn.v_proj	3	b	0.4280
addsub-05-filter-answer-ce	layers.21.self_attn.v_proj	21	self_attn.v_proj	4	=	0.1947
addsub-05-filter-answer-ce	layers.22.mlp.down_proj	22	mlp.down_proj	0	<BOS>	1.0000
addsub-05-filter-answer-ce	layers.22.mlp.down_proj	22	mlp.down_proj	1	a	3.7410
addsub-05-filter-answer-ce	layers.22.mlp.down_proj	22	mlp.down_proj	2	op	3.7365
addsub-05-filter-answer-ce	layers.22.mlp.down_proj	22	mlp.down_proj	3	b	4.2428
addsub-05-filter-answer-ce	layers.22.mlp.down_proj	22	mlp.down_proj	4	=	4.7648
addsub-05-filter-answer-ce	layers.22.mlp.gate_proj	22	mlp.gate_proj	0	<BOS>	2.0000
addsub-05-filter-answer-ce	layers.22.mlp.gate_proj	22	mlp.gate_proj	1	a	2.0540
addsub-05-filter-answer-ce	layers.22.mlp.gate_proj	22	mlp.gate_proj	2	op	2.8503
addsub-05-filter-answer-ce	layers.22.mlp.gate_proj	22	mlp.gate_proj	3	b	2.7380
addsub-05-filter-answer-ce	layers.22.mlp.gate_proj	22	mlp.gate_proj	4	=	3.3393
addsub-05-filter-answer-ce	layers.22.mlp.up_proj	22	mlp.up_proj	0	<BOS>	1.0000
addsub-05-filter-answer-ce	layers.22.mlp.up_proj	22	mlp.up_proj	1	a	2.0938
addsub-05-filter-answer-ce	layers.22.mlp.up_proj	22	mlp.up_proj	2	op	3.1805
addsub-05-filter-answer-ce	layers.22.mlp.up_proj	22	mlp.up_proj	3	b	2.8420
addsub-05-filter-answer-ce	layers.22.mlp.up_proj	22	mlp.up_proj	4	=	4.4225
addsub-05-filter-answer-ce	layers.22.self_attn.k_proj	22	self_attn.k_proj	0	<BOS>	1.0000
addsub-05-filter-answer-ce	layers.22.self_attn.k_proj	22	self_attn.k_proj	1	a	1.0140
addsub-05-filter-answer-ce	layers.22.self_attn.k_proj	22	self_attn.k_proj	2	op	1.0237
addsub-05-filter-answer-ce	layers.22.self_attn.k_proj	22	self_attn.k_proj	3	b	0.7440
addsub-05-filter-answer-ce	layers.22.self_attn.k_proj	22	self_attn.k_proj	4	=	0.0008
addsub-05-filter-answer-ce	layers.22.self_attn.o_proj	22	self_attn.o_proj	0	<BOS>	0.0000
addsub-05-filter-answer-ce	layers.22.self_attn.o_proj	22	self_attn.o_proj	1	a	0.1103
addsub-05-filter-answer-ce	layers.22.self_attn.o_proj	22	self_attn.o_proj	2	op	2.0638
addsub-05-filter-answer-ce	layers.22.self_attn.o_proj	22	self_attn.o_proj	3	b	1.3878
addsub-05-filter-answer-ce	layers.22.self_attn.o_proj	22	self_attn.o_proj	4	=	0.6080
addsub-05-filter-answer-ce	layers.22.self_attn.q_proj	22	self_attn.q_proj	0	<BOS>	0.0000
addsub-05-filter-answer-ce	layers.22.self_attn.q_proj	22	self_attn.q_proj	1	a	1.0000
addsub-05-filter-answer-ce	layers.22.self_attn.q_proj	22	self_attn.q_proj	2	op	1.3982
addsub-05-filter-answer-ce	layers.22.self_attn.q_proj	22	self_attn.q_proj	3	b	1.4635
addsub-05-filter-answer-ce	layers.22.self_attn.q_proj	22	self_attn.q_proj	4	=	1.3952
addsub-05-filter-answer-ce	layers.22.self_attn.v_proj	22	self_attn.v_proj	0	<BOS>	1.0000
addsub-05-filter-answer-ce	layers.22.self_attn.v_proj	22	self_attn.v_proj	1	a	2.4283
addsub-05-filter-answer-ce	layers.22.self_attn.v_proj	22	self_attn.v_proj	2	op	1.0777
addsub-05-filter-answer-ce	layers.22.self_attn.v_proj	22	self_attn.v_proj	3	b	0.6982
addsub-05-filter-answer-ce	layers.22.self_attn.v_proj	22	self_attn.v_proj	4	=	0.0000
addsub-05-filter-answer-ce	layers.23.mlp.down_proj	23	mlp.down_proj	0	<BOS>	0.7623
addsub-05-filter-answer-ce	layers.23.mlp.down_proj	23	mlp.down_proj	1	a	4.0763
addsub-05-filter-answer-ce	layers.23.mlp.down_proj	23	mlp.down_proj	2	op	4.2445
addsub-05-filter-answer-ce	layers.23.mlp.down_proj	23	mlp.down_proj	3	b	4.1493
addsub-05-filter-answer-ce	layers.23.mlp.down_proj	23	mlp.down_proj	4	=	4.9425
addsub-05-filter-answer-ce	layers.23.mlp.gate_proj	23	mlp.gate_proj	0	<BOS>	1.5020
addsub-05-filter-answer-ce	layers.23.mlp.gate_proj	23	mlp.gate_proj	1	a	2.6732
addsub-05-filter-answer-ce	layers.23.mlp.gate_proj	23	mlp.gate_proj	2	op	3.3233
addsub-05-filter-answer-ce	layers.23.mlp.gate_proj	23	mlp.gate_proj	3	b	3.1240
addsub-05-filter-answer-ce	layers.23.mlp.gate_proj	23	mlp.gate_proj	4	=	4.8422
addsub-05-filter-answer-ce	layers.23.mlp.up_proj	23	mlp.up_proj	0	<BOS>	1.5020
addsub-05-filter-answer-ce	layers.23.mlp.up_proj	23	mlp.up_proj	1	a	2.4367
addsub-05-filter-answer-ce	layers.23.mlp.up_proj	23	mlp.up_proj	2	op	3.2073
addsub-05-filter-answer-ce	layers.23.mlp.up_proj	23	mlp.up_proj	3	b	2.9970
addsub-05-filter-answer-ce	layers.23.mlp.up_proj	23	mlp.up_proj	4	=	5.0893
addsub-05-filter-answer-ce	layers.23.self_attn.k_proj	23	self_attn.k_proj	0	<BOS>	1.0000
addsub-05-filter-answer-ce	layers.23.self_attn.k_proj	23	self_attn.k_proj	1	a	0.9610
addsub-05-filter-answer-ce	layers.23.self_attn.k_proj	23	self_attn.k_proj	2	op	0.4440
addsub-05-filter-answer-ce	layers.23.self_attn.k_proj	23	self_attn.k_proj	3	b	0.4042
addsub-05-filter-answer-ce	layers.23.self_attn.k_proj	23	self_attn.k_proj	4	=	0.0003
addsub-05-filter-answer-ce	layers.23.self_attn.o_proj	23	self_attn.o_proj	0	<BOS>	0.0000
addsub-05-filter-answer-ce	layers.23.self_attn.o_proj	23	self_attn.o_proj	1	a	0.0420
addsub-05-filter-answer-ce	layers.23.self_attn.o_proj	23	self_attn.o_proj	2	op	0.5537
addsub-05-filter-answer-ce	layers.23.self_attn.o_proj	23	self_attn.o_proj	3	b	0.4855
addsub-05-filter-answer-ce	layers.23.self_attn.o_proj	23	self_attn.o_proj	4	=	0.9955
addsub-05-filter-answer-ce	layers.23.self_attn.q_proj	23	self_attn.q_proj	0	<BOS>	0.0000
addsub-05-filter-answer-ce	layers.23.self_attn.q_proj	23	self_attn.q_proj	1	a	1.0000
addsub-05-filter-answer-ce	layers.23.self_attn.q_proj	23	self_attn.q_proj	2	op	1.0642
addsub-05-filter-answer-ce	layers.23.self_attn.q_proj	23	self_attn.q_proj	3	b	1.0028
addsub-05-filter-answer-ce	layers.23.self_attn.q_proj	23	self_attn.q_proj	4	=	1.0000
addsub-05-filter-answer-ce	layers.23.self_attn.v_proj	23	self_attn.v_proj	0	<BOS>	1.0000
addsub-05-filter-answer-ce	layers.23.self_attn.v_proj	23	self_attn.v_proj	1	a	1.2352
addsub-05-filter-answer-ce	layers.23.self_attn.v_proj	23	self_attn.v_proj	2	op	0.8568
addsub-05-filter-answer-ce	layers.23.self_attn.v_proj	23	self_attn.v_proj	3	b	0.4223
addsub-05-filter-answer-ce	layers.23.self_attn.v_proj	23	self_attn.v_proj	4	=	0.0000
addsub-05-filter-answer-ce	layers.24.mlp.down_proj	24	mlp.down_proj	0	<BOS>	1.0000
addsub-05-filter-answer-ce	layers.24.mlp.down_proj	24	mlp.down_proj	1	a	3.2470
addsub-05-filter-answer-ce	layers.24.mlp.down_proj	24	mlp.down_proj	2	op	3.7090
addsub-05-filter-answer-ce	layers.24.mlp.down_proj	24	mlp.down_proj	3	b	4.4745
addsub-05-filter-answer-ce	layers.24.mlp.down_proj	24	mlp.down_proj	4	=	5.4573
addsub-05-filter-answer-ce	layers.24.mlp.gate_proj	24	mlp.gate_proj	0	<BOS>	2.0000
addsub-05-filter-answer-ce	layers.24.mlp.gate_proj	24	mlp.gate_proj	1	a	2.8207
addsub-05-filter-answer-ce	layers.24.mlp.gate_proj	24	mlp.gate_proj	2	op	3.0893
addsub-05-filter-answer-ce	layers.24.mlp.gate_proj	24	mlp.gate_proj	3	b	2.8535
addsub-05-filter-answer-ce	layers.24.mlp.gate_proj	24	mlp.gate_proj	4	=	5.9523
addsub-05-filter-answer-ce	layers.24.mlp.up_proj	24	mlp.up_proj	0	<BOS>	2.0000
addsub-05-filter-answer-ce	layers.24.mlp.up_proj	24	mlp.up_proj	1	a	1.9763
addsub-05-filter-answer-ce	layers.24.mlp.up_proj	24	mlp.up_proj	2	op	2.8898
addsub-05-filter-answer-ce	layers.24.mlp.up_proj	24	mlp.up_proj	3	b	3.1923
addsub-05-filter-answer-ce	layers.24.mlp.up_proj	24	mlp.up_proj	4	=	5.0788
addsub-05-filter-answer-ce	layers.24.self_attn.k_proj	24	self_attn.k_proj	0	<BOS>	1.0000
addsub-05-filter-answer-ce	layers.24.self_attn.k_proj	24	self_attn.k_proj	1	a	1.0000
addsub-05-filter-answer-ce	layers.24.self_attn.k_proj	24	self_attn.k_proj	2	op	0.9860
addsub-05-filter-answer-ce	layers.24.self_attn.k_proj	24	self_attn.k_proj	3	b	0.1195
addsub-05-filter-answer-ce	layers.24.self_attn.k_proj	24	self_attn.k_proj	4	=	0.0005
addsub-05-filter-answer-ce	layers.24.self_attn.o_proj	24	self_attn.o_proj	0	<BOS>	0.0000
addsub-05-filter-answer-ce	layers.24.self_attn.o_proj	24	self_attn.o_proj	1	a	0.9870
addsub-05-filter-answer-ce	layers.24.self_attn.o_proj	24	self_attn.o_proj	2	op	0.6860
addsub-05-filter-answer-ce	layers.24.self_attn.o_proj	24	self_attn.o_proj	3	b	1.2850
addsub-05-filter-answer-ce	layers.24.self_attn.o_proj	24	self_attn.o_proj	4	=	0.6690
addsub-05-filter-answer-ce	layers.24.self_attn.q_proj	24	self_attn.q_proj	0	<BOS>	0.0000
addsub-05-filter-answer-ce	layers.24.self_attn.q_proj	24	self_attn.q_proj	1	a	1.0000
addsub-05-filter-answer-ce	layers.24.self_attn.q_proj	24	self_attn.q_proj	2	op	1.4875
addsub-05-filter-answer-ce	layers.24.self_attn.q_proj	24	self_attn.q_proj	3	b	1.2552
addsub-05-filter-answer-ce	layers.24.self_attn.q_proj	24	self_attn.q_proj	4	=	1.0000
addsub-05-filter-answer-ce	layers.24.self_attn.v_proj	24	self_attn.v_proj	0	<BOS>	1.0000
addsub-05-filter-answer-ce	layers.24.self_attn.v_proj	24	self_attn.v_proj	1	a	1.0230
addsub-05-filter-answer-ce	layers.24.self_attn.v_proj	24	self_attn.v_proj	2	op	1.0760
addsub-05-filter-answer-ce	layers.24.self_attn.v_proj	24	self_attn.v_proj	3	b	0.0018
addsub-05-filter-answer-ce	layers.24.self_attn.v_proj	24	self_attn.v_proj	4	=	0.0000
addsub-05-filter-answer-ce	layers.25.mlp.down_proj	25	mlp.down_proj	0	<BOS>	1.0000
addsub-05-filter-answer-ce	layers.25.mlp.down_proj	25	mlp.down_proj	1	a	2.5775
addsub-05-filter-answer-ce	layers.25.mlp.down_proj	25	mlp.down_proj	2	op	2.8468
addsub-05-filter-answer-ce	layers.25.mlp.down_proj	25	mlp.down_proj	3	b	4.3610
addsub-05-filter-answer-ce	layers.25.mlp.down_proj	25	mlp.down_proj	4	=	3.8138
addsub-05-filter-answer-ce	layers.25.mlp.gate_proj	25	mlp.gate_proj	0	<BOS>	2.0000
addsub-05-filter-answer-ce	layers.25.mlp.gate_proj	25	mlp.gate_proj	1	a	2.2527
addsub-05-filter-answer-ce	layers.25.mlp.gate_proj	25	mlp.gate_proj	2	op	2.3382
addsub-05-filter-answer-ce	layers.25.mlp.gate_proj	25	mlp.gate_proj	3	b	4.0660
addsub-05-filter-answer-ce	layers.25.mlp.gate_proj	25	mlp.gate_proj	4	=	4.6357
addsub-05-filter-answer-ce	layers.25.mlp.up_proj	25	mlp.up_proj	0	<BOS>	2.0000
addsub-05-filter-answer-ce	layers.25.mlp.up_proj	25	mlp.up_proj	1	a	1.7715
addsub-05-filter-answer-ce	layers.25.mlp.up_proj	25	mlp.up_proj	2	op	2.9450
addsub-05-filter-answer-ce	layers.25.mlp.up_proj	25	mlp.up_proj	3	b	2.6110
addsub-05-filter-answer-ce	layers.25.mlp.up_proj	25	mlp.up_proj	4	=	3.9592
addsub-05-filter-answer-ce	layers.25.self_attn.k_proj	25	self_attn.k_proj	0	<BOS>	1.0000
addsub-05-filter-answer-ce	layers.25.self_attn.k_proj	25	self_attn.k_proj	1	a	1.0000
addsub-05-filter-answer-ce	layers.25.self_attn.k_proj	25	self_attn.k_proj	2	op	1.1665
addsub-05-filter-answer-ce	layers.25.self_attn.k_proj	25	self_attn.k_proj	3	b	0.9187
addsub-05-filter-answer-ce	layers.25.self_attn.k_proj	25	self_attn.k_proj	4	=	0.0005
addsub-05-filter-answer-ce	layers.25.self_attn.o_proj	25	self_attn.o_proj	0	<BOS>	0.0000
addsub-05-filter-answer-ce	layers.25.self_attn.o_proj	25	self_attn.o_proj	1	a	1.0000
addsub-05-filter-answer-ce	layers.25.self_attn.o_proj	25	self_attn.o_proj	2	op	1.4208
addsub-05-filter-answer-ce	layers.25.self_attn.o_proj	25	self_attn.o_proj	3	b	1.6133
addsub-05-filter-answer-ce	layers.25.self_attn.o_proj	25	self_attn.o_proj	4	=	0.9850
addsub-05-filter-answer-ce	layers.25.self_attn.q_proj	25	self_attn.q_proj	0	<BOS>	0.0000
addsub-05-filter-answer-ce	layers.25.self_attn.q_proj	25	self_attn.q_proj	1	a	1.0000
addsub-05-filter-answer-ce	layers.25.self_attn.q_proj	25	self_attn.q_proj	2	op	1.4377
addsub-05-filter-answer-ce	layers.25.self_attn.q_proj	25	self_attn.q_proj	3	b	1.3890
addsub-05-filter-answer-ce	layers.25.self_attn.q_proj	25	self_attn.q_proj	4	=	0.9998
addsub-05-filter-answer-ce	layers.25.self_attn.v_proj	25	self_attn.v_proj	0	<BOS>	1.0000
addsub-05-filter-answer-ce	layers.25.self_attn.v_proj	25	self_attn.v_proj	1	a	0.9920
addsub-05-filter-answer-ce	layers.25.self_attn.v_proj	25	self_attn.v_proj	2	op	1.0325
addsub-05-filter-answer-ce	layers.25.self_attn.v_proj	25	self_attn.v_proj	3	b	1.0132
addsub-05-filter-answer-ce	layers.25.self_attn.v_proj	25	self_attn.v_proj	4	=	0.0000
addsub-05-filter-answer-ce	layers.26.mlp.down_proj	26	mlp.down_proj	0	<BOS>	1.0000
addsub-05-filter-answer-ce	layers.26.mlp.down_proj	26	mlp.down_proj	1	a	3.8030
addsub-05-filter-answer-ce	layers.26.mlp.down_proj	26	mlp.down_proj	2	op	3.2770
addsub-05-filter-answer-ce	layers.26.mlp.down_proj	26	mlp.down_proj	3	b	4.2470
addsub-05-filter-answer-ce	layers.26.mlp.down_proj	26	mlp.down_proj	4	=	4.4563
addsub-05-filter-answer-ce	layers.26.mlp.gate_proj	26	mlp.gate_proj	0	<BOS>	2.0000
addsub-05-filter-answer-ce	layers.26.mlp.gate_proj	26	mlp.gate_proj	1	a	2.7557
addsub-05-filter-answer-ce	layers.26.mlp.gate_proj	26	mlp.gate_proj	2	op	2.5430
addsub-05-filter-answer-ce	layers.26.mlp.gate_proj	26	mlp.gate_proj	3	b	3.2050
addsub-05-filter-answer-ce	layers.26.mlp.gate_proj	26	mlp.gate_proj	4	=	4.4065
addsub-05-filter-answer-ce	layers.26.mlp.up_proj	26	mlp.up_proj	0	<BOS>	2.0000
addsub-05-filter-answer-ce	layers.26.mlp.up_proj	26	mlp.up_proj	1	a	2.2620
addsub-05-filter-answer-ce	layers.26.mlp.up_proj	26	mlp.up_proj	2	op	3.1120
addsub-05-filter-answer-ce	layers.26.mlp.up_proj	26	mlp.up_proj	3	b	2.6380
addsub-05-filter-answer-ce	layers.26.mlp.up_proj	26	mlp.up_proj	4	=	4.4338
addsub-05-filter-answer-ce	layers.26.self_attn.k_proj	26	self_attn.k_proj	0	<BOS>	2.0000
addsub-05-filter-answer-ce	layers.26.self_attn.k_proj	26	self_attn.k_proj	1	a	0.9342
addsub-05-filter-answer-ce	layers.26.self_attn.k_proj	26	self_attn.k_proj	2	op	0.0213
addsub-05-filter-answer-ce	layers.26.self_attn.k_proj	26	self_attn.k_proj	3	b	0.0098
addsub-05-filter-answer-ce	layers.26.self_attn.k_proj	26	self_attn.k_proj	4	=	0.0000
addsub-05-filter-answer-ce	layers.26.self_attn.o_proj	26	self_attn.o_proj	0	<BOS>	0.0000
addsub-05-filter-answer-ce	layers.26.self_attn.o_proj	26	self_attn.o_proj	1	a	0.9965
addsub-05-filter-answer-ce	layers.26.self_attn.o_proj	26	self_attn.o_proj	2	op	0.9942
addsub-05-filter-answer-ce	layers.26.self_attn.o_proj	26	self_attn.o_proj	3	b	0.9898
addsub-05-filter-answer-ce	layers.26.self_attn.o_proj	26	self_attn.o_proj	4	=	0.8640
addsub-05-filter-answer-ce	layers.26.self_attn.q_proj	26	self_attn.q_proj	0	<BOS>	0.0000
addsub-05-filter-answer-ce	layers.26.self_attn.q_proj	26	self_attn.q_proj	1	a	1.0000
addsub-05-filter-answer-ce	layers.26.self_attn.q_proj	26	self_attn.q_proj	2	op	1.0000
addsub-05-filter-answer-ce	layers.26.self_attn.q_proj	26	self_attn.q_proj	3	b	1.0000
addsub-05-filter-answer-ce	layers.26.self_attn.q_proj	26	self_attn.q_proj	4	=	0.9833
addsub-05-filter-answer-ce	layers.26.self_attn.v_proj	26	self_attn.v_proj	0	<BOS>	0.7530
addsub-05-filter-answer-ce	layers.26.self_attn.v_proj	26	self_attn.v_proj	1	a	0.9670
addsub-05-filter-answer-ce	layers.26.self_attn.v_proj	26	self_attn.v_proj	2	op	0.4692
addsub-05-filter-answer-ce	layers.26.self_attn.v_proj	26	self_attn.v_proj	3	b	0.0003
addsub-05-filter-answer-ce	layers.26.self_attn.v_proj	26	self_attn.v_proj	4	=	0.0000
addsub-05-filter-answer-ce	layers.27.mlp.down_proj	27	mlp.down_proj	0	<BOS>	1.0000
addsub-05-filter-answer-ce	layers.27.mlp.down_proj	27	mlp.down_proj	1	a	3.4202
addsub-05-filter-answer-ce	layers.27.mlp.down_proj	27	mlp.down_proj	2	op	3.7378
addsub-05-filter-answer-ce	layers.27.mlp.down_proj	27	mlp.down_proj	3	b	4.0598
addsub-05-filter-answer-ce	layers.27.mlp.down_proj	27	mlp.down_proj	4	=	4.5150
addsub-05-filter-answer-ce	layers.27.mlp.gate_proj	27	mlp.gate_proj	0	<BOS>	2.0000
addsub-05-filter-answer-ce	layers.27.mlp.gate_proj	27	mlp.gate_proj	1	a	2.2880
addsub-05-filter-answer-ce	layers.27.mlp.gate_proj	27	mlp.gate_proj	2	op	2.9032
addsub-05-filter-answer-ce	layers.27.mlp.gate_proj	27	mlp.gate_proj	3	b	3.2815
addsub-05-filter-answer-ce	layers.27.mlp.gate_proj	27	mlp.gate_proj	4	=	3.5760
addsub-05-filter-answer-ce	layers.27.mlp.up_proj	27	mlp.up_proj	0	<BOS>	2.0000
addsub-05-filter-answer-ce	layers.27.mlp.up_proj	27	mlp.up_proj	1	a	1.9918
addsub-05-filter-answer-ce	layers.27.mlp.up_proj	27	mlp.up_proj	2	op	2.7975
addsub-05-filter-answer-ce	layers.27.mlp.up_proj	27	mlp.up_proj	3	b	2.8533
addsub-05-filter-answer-ce	layers.27.mlp.up_proj	27	mlp.up_proj	4	=	4.3923
addsub-05-filter-answer-ce	layers.27.self_attn.k_proj	27	self_attn.k_proj	0	<BOS>	1.0000
addsub-05-filter-answer-ce	layers.27.self_attn.k_proj	27	self_attn.k_proj	1	a	0.9995
addsub-05-filter-answer-ce	layers.27.self_attn.k_proj	27	self_attn.k_proj	2	op	0.9950
addsub-05-filter-answer-ce	layers.27.self_attn.k_proj	27	self_attn.k_proj	3	b	0.8470
addsub-05-filter-answer-ce	layers.27.self_attn.k_proj	27	self_attn.k_proj	4	=	0.0003
addsub-05-filter-answer-ce	layers.27.self_attn.o_proj	27	self_attn.o_proj	0	<BOS>	0.0000
addsub-05-filter-answer-ce	layers.27.self_attn.o_proj	27	self_attn.o_proj	1	a	1.0000
addsub-05-filter-answer-ce	layers.27.self_attn.o_proj	27	self_attn.o_proj	2	op	1.4440
addsub-05-filter-answer-ce	layers.27.self_attn.o_proj	27	self_attn.o_proj	3	b	0.9868
addsub-05-filter-answer-ce	layers.27.self_attn.o_proj	27	self_attn.o_proj	4	=	0.9992
addsub-05-filter-answer-ce	layers.27.self_attn.q_proj	27	self_attn.q_proj	0	<BOS>	0.0000
addsub-05-filter-answer-ce	layers.27.self_attn.q_proj	27	self_attn.q_proj	1	a	1.0000
addsub-05-filter-answer-ce	layers.27.self_attn.q_proj	27	self_attn.q_proj	2	op	1.4538
addsub-05-filter-answer-ce	layers.27.self_attn.q_proj	27	self_attn.q_proj	3	b	0.9933
addsub-05-filter-answer-ce	layers.27.self_attn.q_proj	27	self_attn.q_proj	4	=	1.0000
addsub-05-filter-answer-ce	layers.27.self_attn.v_proj	27	self_attn.v_proj	0	<BOS>	1.0000
addsub-05-filter-answer-ce	layers.27.self_attn.v_proj	27	self_attn.v_proj	1	a	0.9750
addsub-05-filter-answer-ce	layers.27.self_attn.v_proj	27	self_attn.v_proj	2	op	0.9643
addsub-05-filter-answer-ce	layers.27.self_attn.v_proj	27	self_attn.v_proj	3	b	1.2758
addsub-05-filter-answer-ce	layers.27.self_attn.v_proj	27	self_attn.v_proj	4	=	0.2918
addsub-05-filter-answer-ce	layers.28.mlp.down_proj	28	mlp.down_proj	0	<BOS>	1.0000
addsub-05-filter-answer-ce	layers.28.mlp.down_proj	28	mlp.down_proj	1	a	2.2620
addsub-05-filter-answer-ce	layers.28.mlp.down_proj	28	mlp.down_proj	2	op	5.1613
addsub-05-filter-answer-ce	layers.28.mlp.down_proj	28	mlp.down_proj	3	b	4.9257
addsub-05-filter-answer-ce	layers.28.mlp.down_proj	28	mlp.down_proj	4	=	5.5475
addsub-05-filter-answer-ce	layers.28.mlp.gate_proj	28	mlp.gate_proj	0	<BOS>	2.0000
addsub-05-filter-answer-ce	layers.28.mlp.gate_proj	28	mlp.gate_proj	1	a	2.9343
addsub-05-filter-answer-ce	layers.28.mlp.gate_proj	28	mlp.gate_proj	2	op	3.4802
addsub-05-filter-answer-ce	layers.28.mlp.gate_proj	28	mlp.gate_proj	3	b	3.8893
addsub-05-filter-answer-ce	layers.28.mlp.gate_proj	28	mlp.gate_proj	4	=	5.2378
addsub-05-filter-answer-ce	layers.28.mlp.up_proj	28	mlp.up_proj	0	<BOS>	2.0000
addsub-05-filter-answer-ce	layers.28.mlp.up_proj	28	mlp.up_proj	1	a	1.6725
addsub-05-filter-answer-ce	layers.28.mlp.up_proj	28	mlp.up_proj	2	op	3.2497
addsub-05-filter-answer-ce	layers.28.mlp.up_proj	28	mlp.up_proj	3	b	3.3498
addsub-05-filter-answer-ce	layers.28.mlp.up_proj	28	mlp.up_proj	4	=	4.1533
addsub-05-filter-answer-ce	layers.28.self_attn.k_proj	28	self_attn.k_proj	0	<BOS>	2.0000
addsub-05-filter-answer-ce	layers.28.self_attn.k_proj	28	self_attn.k_proj	1	a	1.0000
addsub-05-filter-answer-ce	layers.28.self_attn.k_proj	28	self_attn.k_proj	2	op	1.0000
addsub-05-filter-answer-ce	layers.28.self_attn.k_proj	28	self_attn.k_proj	3	b	1.0000
addsub-05-filter-answer-ce	layers.28.self_attn.k_proj	28	self_attn.k_proj	4	=	0.9930
addsub-05-filter-answer-ce	layers.28.self_attn.o_proj	28	self_attn.o_proj	0	<BOS>	1.0000
addsub-05-filter-answer-ce	layers.28.self_attn.o_proj	28	self_attn.o_proj	1	a	1.0000
addsub-05-filter-answer-ce	layers.28.self_attn.o_proj	28	self_attn.o_proj	2	op	1.5030
addsub-05-filter-answer-ce	layers.28.self_attn.o_proj	28	self_attn.o_proj	3	b	1.3412
addsub-05-filter-answer-ce	layers.28.self_attn.o_proj	28	self_attn.o_proj	4	=	0.9795
addsub-05-filter-answer-ce	layers.28.self_attn.q_proj	28	self_attn.q_proj	0	<BOS>	0.0000
addsub-05-filter-answer-ce	layers.28.self_attn.q_proj	28	self_attn.q_proj	1	a	1.0080
addsub-05-filter-answer-ce	layers.28.self_attn.q_proj	28	self_attn.q_proj	2	op	1.5505
addsub-05-filter-answer-ce	layers.28.self_attn.q_proj	28	self_attn.q_proj	3	b	1.0002
addsub-05-filter-answer-ce	layers.28.self_attn.q_proj	28	self_attn.q_proj	4	=	0.9980
addsub-05-filter-answer-ce	layers.28.self_attn.v_proj	28	self_attn.v_proj	0	<BOS>	1.0000
addsub-05-filter-answer-ce	layers.28.self_attn.v_proj	28	self_attn.v_proj	1	a	0.9320
addsub-05-filter-answer-ce	layers.28.self_attn.v_proj	28	self_attn.v_proj	2	op	0.9955
addsub-05-filter-answer-ce	layers.28.self_attn.v_proj	28	self_attn.v_proj	3	b	0.7605
addsub-05-filter-answer-ce	layers.28.self_attn.v_proj	28	self_attn.v_proj	4	=	0.0000
addsub-05-filter-answer-ce	layers.29.mlp.down_proj	29	mlp.down_proj	0	<BOS>	1.3038
addsub-05-filter-answer-ce	layers.29.mlp.down_proj	29	mlp.down_proj	1	a	3.4940
addsub-05-filter-answer-ce	layers.29.mlp.down_proj	29	mlp.down_proj	2	op	5.1178
addsub-05-filter-answer-ce	layers.29.mlp.down_proj	29	mlp.down_proj	3	b	6.1145
addsub-05-filter-answer-ce	layers.29.mlp.down_proj	29	mlp.down_proj	4	=	5.2960
addsub-05-filter-answer-ce	layers.29.mlp.gate_proj	29	mlp.gate_proj	0	<BOS>	1.6532
addsub-05-filter-answer-ce	layers.29.mlp.gate_proj	29	mlp.gate_proj	1	a	3.6260
addsub-05-filter-answer-ce	layers.29.mlp.gate_proj	29	mlp.gate_proj	2	op	4.6198
addsub-05-filter-answer-ce	layers.29.mlp.gate_proj	29	mlp.gate_proj	3	b	4.7162
addsub-05-filter-answer-ce	layers.29.mlp.gate_proj	29	mlp.gate_proj	4	=	7.0730
addsub-05-filter-answer-ce	layers.29.mlp.up_proj	29	mlp.up_proj	0	<BOS>	3.7218
addsub-05-filter-answer-ce	layers.29.mlp.up_proj	29	mlp.up_proj	1	a	2.9397
addsub-05-filter-answer-ce	layers.29.mlp.up_proj	29	mlp.up_proj	2	op	2.7792
addsub-05-filter-answer-ce	layers.29.mlp.up_proj	29	mlp.up_proj	3	b	2.4535
addsub-05-filter-answer-ce	layers.29.mlp.up_proj	29	mlp.up_proj	4	=	5.2340
addsub-05-filter-answer-ce	layers.29.self_attn.k_proj	29	self_attn.k_proj	0	<BOS>	1.0000
addsub-05-filter-answer-ce	layers.29.self_attn.k_proj	29	self_attn.k_proj	1	a	1.0000
addsub-05-filter-answer-ce	layers.29.self_attn.k_proj	29	self_attn.k_proj	2	op	1.0000
addsub-05-filter-answer-ce	layers.29.self_attn.k_proj	29	self_attn.k_proj	3	b	1.0000
addsub-05-filter-answer-ce	layers.29.self_attn.k_proj	29	self_attn.k_proj	4	=	0.9973
addsub-05-filter-answer-ce	layers.29.self_attn.o_proj	29	self_attn.o_proj	0	<BOS>	0.9523
addsub-05-filter-answer-ce	layers.29.self_attn.o_proj	29	self_attn.o_proj	1	a	1.0000
addsub-05-filter-answer-ce	layers.29.self_attn.o_proj	29	self_attn.o_proj	2	op	1.0000
addsub-05-filter-answer-ce	layers.29.self_attn.o_proj	29	self_attn.o_proj	3	b	1.0033
addsub-05-filter-answer-ce	layers.29.self_attn.o_proj	29	self_attn.o_proj	4	=	1.0000
addsub-05-filter-answer-ce	layers.29.self_attn.q_proj	29	self_attn.q_proj	0	<BOS>	0.0000
addsub-05-filter-answer-ce	layers.29.self_attn.q_proj	29	self_attn.q_proj	1	a	1.0000
addsub-05-filter-answer-ce	layers.29.self_attn.q_proj	29	self_attn.q_proj	2	op	1.0000
addsub-05-filter-answer-ce	layers.29.self_attn.q_proj	29	self_attn.q_proj	3	b	1.0000
addsub-05-filter-answer-ce	layers.29.self_attn.q_proj	29	self_attn.q_proj	4	=	1.0000
addsub-05-filter-answer-ce	layers.29.self_attn.v_proj	29	self_attn.v_proj	0	<BOS>	3.0000
addsub-05-filter-answer-ce	layers.29.self_attn.v_proj	29	self_attn.v_proj	1	a	1.0000
addsub-05-filter-answer-ce	layers.29.self_attn.v_proj	29	self_attn.v_proj	2	op	1.0000
addsub-05-filter-answer-ce	layers.29.self_attn.v_proj	29	self_attn.v_proj	3	b	1.3817
addsub-05-filter-answer-ce	layers.29.self_attn.v_proj	29	self_attn.v_proj	4	=	0.1755
addsub-05-filter-answer-ce	layers.3.mlp.down_proj	3	mlp.down_proj	0	<BOS>	1.0000
addsub-05-filter-answer-ce	layers.3.mlp.down_proj	3	mlp.down_proj	1	a	5.2815
addsub-05-filter-answer-ce	layers.3.mlp.down_proj	3	mlp.down_proj	2	op	4.0357
addsub-05-filter-answer-ce	layers.3.mlp.down_proj	3	mlp.down_proj	3	b	7.7930
addsub-05-filter-answer-ce	layers.3.mlp.down_proj	3	mlp.down_proj	4	=	1.5030
addsub-05-filter-answer-ce	layers.3.mlp.gate_proj	3	mlp.gate_proj	0	<BOS>	1.0000
addsub-05-filter-answer-ce	layers.3.mlp.gate_proj	3	mlp.gate_proj	1	a	6.0250
addsub-05-filter-answer-ce	layers.3.mlp.gate_proj	3	mlp.gate_proj	2	op	2.4492
addsub-05-filter-answer-ce	layers.3.mlp.gate_proj	3	mlp.gate_proj	3	b	6.2820
addsub-05-filter-answer-ce	layers.3.mlp.gate_proj	3	mlp.gate_proj	4	=	2.4970
addsub-05-filter-answer-ce	layers.3.mlp.up_proj	3	mlp.up_proj	0	<BOS>	1.0000
addsub-05-filter-answer-ce	layers.3.mlp.up_proj	3	mlp.up_proj	1	a	3.7400
addsub-05-filter-answer-ce	layers.3.mlp.up_proj	3	mlp.up_proj	2	op	3.3070
addsub-05-filter-answer-ce	layers.3.mlp.up_proj	3	mlp.up_proj	3	b	5.2035
addsub-05-filter-answer-ce	layers.3.mlp.up_proj	3	mlp.up_proj	4	=	1.0030
addsub-05-filter-answer-ce	layers.3.self_attn.k_proj	3	self_attn.k_proj	0	<BOS>	5.0000
addsub-05-filter-answer-ce	layers.3.self_attn.k_proj	3	self_attn.k_proj	1	a	2.0985
addsub-05-filter-answer-ce	layers.3.self_attn.k_proj	3	self_attn.k_proj	2	op	1.0000
addsub-05-filter-answer-ce	layers.3.self_attn.k_proj	3	self_attn.k_proj	3	b	1.0000
addsub-05-filter-answer-ce	layers.3.self_attn.k_proj	3	self_attn.k_proj	4	=	1.0000
addsub-05-filter-answer-ce	layers.3.self_attn.o_proj	3	self_attn.o_proj	0	<BOS>	0.0000
addsub-05-filter-answer-ce	layers.3.self_attn.o_proj	3	self_attn.o_proj	1	a	2.0847
addsub-05-filter-answer-ce	layers.3.self_attn.o_proj	3	self_attn.o_proj	2	op	4.6912
addsub-05-filter-answer-ce	layers.3.self_attn.o_proj	3	self_attn.o_proj	3	b	3.3802
addsub-05-filter-answer-ce	layers.3.self_attn.o_proj	3	self_attn.o_proj	4	=	1.6042
addsub-05-filter-answer-ce	layers.3.self_attn.q_proj	3	self_attn.q_proj	0	<BOS>	0.0000
addsub-05-filter-answer-ce	layers.3.self_attn.q_proj	3	self_attn.q_proj	1	a	1.1287
addsub-05-filter-answer-ce	layers.3.self_attn.q_proj	3	self_attn.q_proj	2	op	2.4960
addsub-05-filter-answer-ce	layers.3.self_attn.q_proj	3	self_attn.q_proj	3	b	1.9935
addsub-05-filter-answer-ce	layers.3.self_attn.q_proj	3	self_attn.q_proj	4	=	2.3120
addsub-05-filter-answer-ce	layers.3.self_attn.v_proj	3	self_attn.v_proj	0	<BOS>	2.0000
addsub-05-filter-answer-ce	layers.3.self_attn.v_proj	3	self_attn.v_proj	1	a	4.0435
addsub-05-filter-answer-ce	layers.3.self_attn.v_proj	3	self_attn.v_proj	2	op	1.9580
addsub-05-filter-answer-ce	layers.3.self_attn.v_proj	3	self_attn.v_proj	3	b	2.2955
addsub-05-filter-answer-ce	layers.3.self_attn.v_proj	3	self_attn.v_proj	4	=	1.0000
addsub-05-filter-answer-ce	layers.30.mlp.down_proj	30	mlp.down_proj	0	<BOS>	1.0000
addsub-05-filter-answer-ce	layers.30.mlp.down_proj	30	mlp.down_proj	1	a	4.1430
addsub-05-filter-answer-ce	layers.30.mlp.down_proj	30	mlp.down_proj	2	op	4.6810
addsub-05-filter-answer-ce	layers.30.mlp.down_proj	30	mlp.down_proj	3	b	7.8230
addsub-05-filter-answer-ce	layers.30.mlp.down_proj	30	mlp.down_proj	4	=	4.8360
addsub-05-filter-answer-ce	layers.30.mlp.gate_proj	30	mlp.gate_proj	0	<BOS>	2.0000
addsub-05-filter-answer-ce	layers.30.mlp.gate_proj	30	mlp.gate_proj	1	a	3.5085
addsub-05-filter-answer-ce	layers.30.mlp.gate_proj	30	mlp.gate_proj	2	op	5.0810
addsub-05-filter-answer-ce	layers.30.mlp.gate_proj	30	mlp.gate_proj	3	b	5.5248
addsub-05-filter-answer-ce	layers.30.mlp.gate_proj	30	mlp.gate_proj	4	=	7.0265
addsub-05-filter-answer-ce	layers.30.mlp.up_proj	30	mlp.up_proj	0	<BOS>	3.0000
addsub-05-filter-answer-ce	layers.30.mlp.up_proj	30	mlp.up_proj	1	a	2.7185
addsub-05-filter-answer-ce	layers.30.mlp.up_proj	30	mlp.up_proj	2	op	3.6685
addsub-05-filter-answer-ce	layers.30.mlp.up_proj	30	mlp.up_proj	3	b	4.7457
addsub-05-filter-answer-ce	layers.30.mlp.up_proj	30	mlp.up_proj	4	=	4.4120
addsub-05-filter-answer-ce	layers.30.self_attn.k_proj	30	self_attn.k_proj	0	<BOS>	0.8770
addsub-05-filter-answer-ce	layers.30.self_attn.k_proj	30	self_attn.k_proj	1	a	1.0000
addsub-05-filter-answer-ce	layers.30.self_attn.k_proj	30	self_attn.k_proj	2	op	0.6288
addsub-05-filter-answer-ce	layers.30.self_attn.k_proj	30	self_attn.k_proj	3	b	0.4390
addsub-05-filter-answer-ce	layers.30.self_attn.k_proj	30	self_attn.k_proj	4	=	0.0000
addsub-05-filter-answer-ce	layers.30.self_attn.o_proj	30	self_attn.o_proj	0	<BOS>	0.2895
addsub-05-filter-answer-ce	layers.30.self_attn.o_proj	30	self_attn.o_proj	1	a	0.6892
addsub-05-filter-answer-ce	layers.30.self_attn.o_proj	30	self_attn.o_proj	2	op	0.6590
addsub-05-filter-answer-ce	layers.30.self_attn.o_proj	30	self_attn.o_proj	3	b	1.0927
addsub-05-filter-answer-ce	layers.30.self_attn.o_proj	30	self_attn.o_proj	4	=	1.1065
addsub-05-filter-answer-ce	layers.30.self_attn.q_proj	30	self_attn.q_proj	0	<BOS>	0.0000
addsub-05-filter-answer-ce	layers.30.self_attn.q_proj	30	self_attn.q_proj	1	a	1.0000
addsub-05-filter-answer-ce	layers.30.self_attn.q_proj	30	self_attn.q_proj	2	op	1.0152
addsub-05-filter-answer-ce	layers.30.self_attn.q_proj	30	self_attn.q_proj	3	b	1.0000
addsub-05-filter-answer-ce	layers.30.self_attn.q_proj	30	self_attn.q_proj	4	=	0.9115
addsub-05-filter-answer-ce	layers.30.self_attn.v_proj	30	self_attn.v_proj	0	<BOS>	1.0000
addsub-05-filter-answer-ce	layers.30.self_attn.v_proj	30	self_attn.v_proj	1	a	1.0122
addsub-05-filter-answer-ce	layers.30.self_attn.v_proj	30	self_attn.v_proj	2	op	1.5400
addsub-05-filter-answer-ce	layers.30.self_attn.v_proj	30	self_attn.v_proj	3	b	0.9530
addsub-05-filter-answer-ce	layers.30.self_attn.v_proj	30	self_attn.v_proj	4	=	0.0000
addsub-05-filter-answer-ce	layers.31.mlp.down_proj	31	mlp.down_proj	0	<BOS>	0.0000
addsub-05-filter-answer-ce	layers.31.mlp.down_proj	31	mlp.down_proj	1	a	0.0022
addsub-05-filter-answer-ce	layers.31.mlp.down_proj	31	mlp.down_proj	2	op	0.0037
addsub-05-filter-answer-ce	layers.31.mlp.down_proj	31	mlp.down_proj	3	b	0.0408
addsub-05-filter-answer-ce	layers.31.mlp.down_proj	31	mlp.down_proj	4	=	12.2215
addsub-05-filter-answer-ce	layers.31.mlp.gate_proj	31	mlp.gate_proj	0	<BOS>	0.0000
addsub-05-filter-answer-ce	layers.31.mlp.gate_proj	31	mlp.gate_proj	1	a	0.0000
addsub-05-filter-answer-ce	layers.31.mlp.gate_proj	31	mlp.gate_proj	2	op	0.0022
addsub-05-filter-answer-ce	layers.31.mlp.gate_proj	31	mlp.gate_proj	3	b	0.0347
addsub-05-filter-answer-ce	layers.31.mlp.gate_proj	31	mlp.gate_proj	4	=	9.1535
addsub-05-filter-answer-ce	layers.31.mlp.up_proj	31	mlp.up_proj	0	<BOS>	0.0000
addsub-05-filter-answer-ce	layers.31.mlp.up_proj	31	mlp.up_proj	1	a	0.0000
addsub-05-filter-answer-ce	layers.31.mlp.up_proj	31	mlp.up_proj	2	op	0.0000
addsub-05-filter-answer-ce	layers.31.mlp.up_proj	31	mlp.up_proj	3	b	0.0223
addsub-05-filter-answer-ce	layers.31.mlp.up_proj	31	mlp.up_proj	4	=	7.6950
addsub-05-filter-answer-ce	layers.31.self_attn.k_proj	31	self_attn.k_proj	0	<BOS>	0.7508
addsub-05-filter-answer-ce	layers.31.self_attn.k_proj	31	self_attn.k_proj	1	a	1.0000
addsub-05-filter-answer-ce	layers.31.self_attn.k_proj	31	self_attn.k_proj	2	op	1.0000
addsub-05-filter-answer-ce	layers.31.self_attn.k_proj	31	self_attn.k_proj	3	b	1.0000
addsub-05-filter-answer-ce	layers.31.self_attn.k_proj	31	self_attn.k_proj	4	=	1.3580
addsub-05-filter-answer-ce	layers.31.self_attn.o_proj	31	self_attn.o_proj	0	<BOS>	0.0000
addsub-05-filter-answer-ce	layers.31.self_attn.o_proj	31	self_attn.o_proj	1	a	0.0000
addsub-05-filter-answer-ce	layers.31.self_attn.o_proj	31	self_attn.o_proj	2	op	0.0000
addsub-05-filter-answer-ce	layers.31.self_attn.o_proj	31	self_attn.o_proj	3	b	0.0035
addsub-05-filter-answer-ce	layers.31.self_attn.o_proj	31	self_attn.o_proj	4	=	1.9505
addsub-05-filter-answer-ce	layers.31.self_attn.q_proj	31	self_attn.q_proj	0	<BOS>	0.0000
addsub-05-filter-answer-ce	layers.31.self_attn.q_proj	31	self_attn.q_proj	1	a	0.0000
addsub-05-filter-answer-ce	layers.31.self_attn.q_proj	31	self_attn.q_proj	2	op	0.0055
addsub-05-filter-answer-ce	layers.31.self_attn.q_proj	31	self_attn.q_proj	3	b	0.0030
addsub-05-filter-answer-ce	layers.31.self_attn.q_proj	31	self_attn.q_proj	4	=	1.7520
addsub-05-filter-answer-ce	layers.31.self_attn.v_proj	31	self_attn.v_proj	0	<BOS>	1.0000
addsub-05-filter-answer-ce	layers.31.self_attn.v_proj	31	self_attn.v_proj	1	a	2.0980
addsub-05-filter-answer-ce	layers.31.self_attn.v_proj	31	self_attn.v_proj	2	op	1.2832
addsub-05-filter-answer-ce	layers.31.self_attn.v_proj	31	self_attn.v_proj	3	b	1.8542
addsub-05-filter-answer-ce	layers.31.self_attn.v_proj	31	self_attn.v_proj	4	=	1.6940
addsub-05-filter-answer-ce	layers.4.mlp.down_proj	4	mlp.down_proj	0	<BOS>	1.0000
addsub-05-filter-answer-ce	layers.4.mlp.down_proj	4	mlp.down_proj	1	a	5.0795
addsub-05-filter-answer-ce	layers.4.mlp.down_proj	4	mlp.down_proj	2	op	4.6275
addsub-05-filter-answer-ce	layers.4.mlp.down_proj	4	mlp.down_proj	3	b	7.2772
addsub-05-filter-answer-ce	layers.4.mlp.down_proj	4	mlp.down_proj	4	=	1.5933
addsub-05-filter-answer-ce	layers.4.mlp.gate_proj	4	mlp.gate_proj	0	<BOS>	1.0000
addsub-05-filter-answer-ce	layers.4.mlp.gate_proj	4	mlp.gate_proj	1	a	2.9615
addsub-05-filter-answer-ce	layers.4.mlp.gate_proj	4	mlp.gate_proj	2	op	4.0677
addsub-05-filter-answer-ce	layers.4.mlp.gate_proj	4	mlp.gate_proj	3	b	5.8808
addsub-05-filter-answer-ce	layers.4.mlp.gate_proj	4	mlp.gate_proj	4	=	1.5030
addsub-05-filter-answer-ce	layers.4.mlp.up_proj	4	mlp.up_proj	0	<BOS>	1.0000
addsub-05-filter-answer-ce	layers.4.mlp.up_proj	4	mlp.up_proj	1	a	2.9267
addsub-05-filter-answer-ce	layers.4.mlp.up_proj	4	mlp.up_proj	2	op	3.8342
addsub-05-filter-answer-ce	layers.4.mlp.up_proj	4	mlp.up_proj	3	b	6.1588
addsub-05-filter-answer-ce	layers.4.mlp.up_proj	4	mlp.up_proj	4	=	2.0003
addsub-05-filter-answer-ce	layers.4.self_attn.k_proj	4	self_attn.k_proj	0	<BOS>	3.0000
addsub-05-filter-answer-ce	layers.4.self_attn.k_proj	4	self_attn.k_proj	1	a	2.0000
addsub-05-filter-answer-ce	layers.4.self_attn.k_proj	4	self_attn.k_proj	2	op	1.9885
addsub-05-filter-answer-ce	layers.4.self_attn.k_proj	4	self_attn.k_proj	3	b	1.0000
addsub-05-filter-answer-ce	layers.4.self_attn.k_proj	4	self_attn.k_proj	4	=	1.0000
addsub-05-filter-answer-ce	layers.4.self_attn.o_proj	4	self_attn.o_proj	0	<BOS>	1.0000
addsub-05-filter-answer-ce	layers.4.self_attn.o_proj	4	self_attn.o_proj	1	a	1.3125
addsub-05-filter-answer-ce	layers.4.self_attn.o_proj	4	self_attn.o_proj	2	op	1.9703
addsub-05-filter-answer-ce	layers.4.self_attn.o_proj	4	self_attn.o_proj	3	b	2.0463
addsub-05-filter-answer-ce	layers.4.self_attn.o_proj	4	self_attn.o_proj	4	=	2.4970
addsub-05-filter-answer-ce	layers.4.self_attn.q_proj	4	self_attn.q_proj	0	<BOS>	0.0000
addsub-05-filter-answer-ce	layers.4.self_attn.q_proj	4	self_attn.q_proj	1	a	1.9978
addsub-05-filter-answer-ce	layers.4.self_attn.q_proj	4	self_attn.q_proj	2	op	1.9898
addsub-05-filter-answer-ce	layers.4.self_attn.q_proj	4	self_attn.q_proj	3	b	2.0000
addsub-05-filter-answer-ce	layers.4.self_attn.q_proj	4	self_attn.q_proj	4	=	3.0000
addsub-05-filter-answer-ce	layers.4.self_attn.v_proj	4	self_attn.v_proj	0	<BOS>	4.0000
addsub-05-filter-answer-ce	layers.4.self_attn.v_proj	4	self_attn.v_proj	1	a	1.0000
addsub-05-filter-answer-ce	layers.4.self_attn.v_proj	4	self_attn.v_proj	2	op	2.0315
addsub-05-filter-answer-ce	layers.4.self_attn.v_proj	4	self_attn.v_proj	3	b	1.3793
addsub-05-filter-answer-ce	layers.4.self_attn.v_proj	4	self_attn.v_proj	4	=	1.0000
addsub-05-filter-answer-ce	layers.5.mlp.down_proj	5	mlp.down_proj	0	<BOS>	1.0000
addsub-05-filter-answer-ce	layers.5.mlp.down_proj	5	mlp.down_proj	1	a	3.2348
addsub-05-filter-answer-ce	layers.5.mlp.down_proj	5	mlp.down_proj	2	op	4.3032
addsub-05-filter-answer-ce	layers.5.mlp.down_proj	5	mlp.down_proj	3	b	6.9500
addsub-05-filter-answer-ce	layers.5.mlp.down_proj	5	mlp.down_proj	4	=	3.0082
addsub-05-filter-answer-ce	layers.5.mlp.gate_proj	5	mlp.gate_proj	0	<BOS>	1.0000
addsub-05-filter-answer-ce	layers.5.mlp.gate_proj	5	mlp.gate_proj	1	a	2.3700
addsub-05-filter-answer-ce	layers.5.mlp.gate_proj	5	mlp.gate_proj	2	op	3.2833
addsub-05-filter-answer-ce	layers.5.mlp.gate_proj	5	mlp.gate_proj	3	b	5.6665
addsub-05-filter-answer-ce	layers.5.mlp.gate_proj	5	mlp.gate_proj	4	=	2.4970
addsub-05-filter-answer-ce	layers.5.mlp.up_proj	5	mlp.up_proj	0	<BOS>	1.0000
addsub-05-filter-answer-ce	layers.5.mlp.up_proj	5	mlp.up_proj	1	a	2.7580
addsub-05-filter-answer-ce	layers.5.mlp.up_proj	5	mlp.up_proj	2	op	3.5710
addsub-05-filter-answer-ce	layers.5.mlp.up_proj	5	mlp.up_proj	3	b	5.7850
addsub-05-filter-answer-ce	layers.5.mlp.up_proj	5	mlp.up_proj	4	=	2.0960
addsub-05-filter-answer-ce	layers.5.self_attn.k_proj	5	self_attn.k_proj	0	<BOS>	3.0000
addsub-05-filter-answer-ce	layers.5.self_attn.k_proj	5	self_attn.k_proj	1	a	1.9855
addsub-05-filter-answer-ce	layers.5.self_attn.k_proj	5	self_attn.k_proj	2	op	1.4955
addsub-05-filter-answer-ce	layers.5.self_attn.k_proj	5	self_attn.k_proj	3	b	1.8060
addsub-05-filter-answer-ce	layers.5.self_attn.k_proj	5	self_attn.k_proj	4	=	1.0000
addsub-05-filter-answer-ce	layers.5.self_attn.o_proj	5	self_attn.o_proj	0	<BOS>	1.0000
addsub-05-filter-answer-ce	layers.5.self_attn.o_proj	5	self_attn.o_proj	1	a	1.9985
addsub-05-filter-answer-ce	layers.5.self_attn.o_proj	5	self_attn.o_proj	2	op	2.0000
addsub-05-filter-answer-ce	layers.5.self_attn.o_proj	5	self_attn.o_proj	3	b	5.4078
addsub-05-filter-answer-ce	layers.5.self_attn.o_proj	5	self_attn.o_proj	4	=	2.9100
addsub-05-filter-answer-ce	layers.5.self_attn.q_proj	5	self_attn.q_proj	0	<BOS>	0.0000
addsub-05-filter-answer-ce	layers.5.self_attn.q_proj	5	self_attn.q_proj	1	a	1.0000
addsub-05-filter-answer-ce	layers.5.self_attn.q_proj	5	self_attn.q_proj	2	op	1.0000
addsub-05-filter-answer-ce	layers.5.self_attn.q_proj	5	self_attn.q_proj	3	b	1.9883
addsub-05-filter-answer-ce	layers.5.self_attn.q_proj	5	self_attn.q_proj	4	=	1.0000
addsub-05-filter-answer-ce	layers.5.self_attn.v_proj	5	self_attn.v_proj	0	<BOS>	4.0000
addsub-05-filter-answer-ce	layers.5.self_attn.v_proj	5	self_attn.v_proj	1	a	2.8405
addsub-05-filter-answer-ce	layers.5.self_attn.v_proj	5	self_attn.v_proj	2	op	1.8465
addsub-05-filter-answer-ce	layers.5.self_attn.v_proj	5	self_attn.v_proj	3	b	1.8368
addsub-05-filter-answer-ce	layers.5.self_attn.v_proj	5	self_attn.v_proj	4	=	1.0000
addsub-05-filter-answer-ce	layers.6.mlp.down_proj	6	mlp.down_proj	0	<BOS>	0.2657
addsub-05-filter-answer-ce	layers.6.mlp.down_proj	6	mlp.down_proj	1	a	2.8182
addsub-05-filter-answer-ce	layers.6.mlp.down_proj	6	mlp.down_proj	2	op	4.2670
addsub-05-filter-answer-ce	layers.6.mlp.down_proj	6	mlp.down_proj	3	b	5.4788
addsub-05-filter-answer-ce	layers.6.mlp.down_proj	6	mlp.down_proj	4	=	2.8420
addsub-05-filter-answer-ce	layers.6.mlp.gate_proj	6	mlp.gate_proj	0	<BOS>	0.2630
addsub-05-filter-answer-ce	layers.6.mlp.gate_proj	6	mlp.gate_proj	1	a	1.7107
addsub-05-filter-answer-ce	layers.6.mlp.gate_proj	6	mlp.gate_proj	2	op	3.1455
addsub-05-filter-answer-ce	layers.6.mlp.gate_proj	6	mlp.gate_proj	3	b	3.9437
addsub-05-filter-answer-ce	layers.6.mlp.gate_proj	6	mlp.gate_proj	4	=	2.0000
addsub-05-filter-answer-ce	layers.6.mlp.up_proj	6	mlp.up_proj	0	<BOS>	0.5110
addsub-05-filter-answer-ce	layers.6.mlp.up_proj	6	mlp.up_proj	1	a	2.4100
addsub-05-filter-answer-ce	layers.6.mlp.up_proj	6	mlp.up_proj	2	op	3.5942
addsub-05-filter-answer-ce	layers.6.mlp.up_proj	6	mlp.up_proj	3	b	4.1870
addsub-05-filter-answer-ce	layers.6.mlp.up_proj	6	mlp.up_proj	4	=	2.0003
addsub-05-filter-answer-ce	layers.6.self_attn.k_proj	6	self_attn.k_proj	0	<BOS>	3.0000
addsub-05-filter-answer-ce	layers.6.self_attn.k_proj	6	self_attn.k_proj	1	a	1.9993
addsub-05-filter-answer-ce	layers.6.self_attn.k_proj	6	self_attn.k_proj	2	op	1.0000
addsub-05-filter-answer-ce	layers.6.self_attn.k_proj	6	self_attn.k_proj	3	b	1.3557
addsub-05-filter-answer-ce	layers.6.self_attn.k_proj	6	self_attn.k_proj	4	=	1.5028
addsub-05-filter-answer-ce	layers.6.self_attn.o_proj	6	self_attn.o_proj	0	<BOS>	1.0000
addsub-05-filter-answer-ce	layers.6.self_attn.o_proj	6	self_attn.o_proj	1	a	1.0000
addsub-05-filter-answer-ce	layers.6.self_attn.o_proj	6	self_attn.o_proj	2	op	1.0002
addsub-05-filter-answer-ce	layers.6.self_attn.o_proj	6	self_attn.o_proj	3	b	3.0038
addsub-05-filter-answer-ce	layers.6.self_attn.o_proj	6	self_attn.o_proj	4	=	1.9245
addsub-05-filter-answer-ce	layers.6.self_attn.q_proj	6	self_attn.q_proj	0	<BOS>	0.0000
addsub-05-filter-answer-ce	layers.6.self_attn.q_proj	6	self_attn.q_proj	1	a	1.0000
addsub-05-filter-answer-ce	layers.6.self_attn.q_proj	6	self_attn.q_proj	2	op	1.0000
addsub-05-filter-answer-ce	layers.6.self_attn.q_proj	6	self_attn.q_proj	3	b	1.9355
addsub-05-filter-answer-ce	layers.6.self_attn.q_proj	6	self_attn.q_proj	4	=	1.0000
addsub-05-filter-answer-ce	layers.6.self_attn.v_proj	6	self_attn.v_proj	0	<BOS>	4.0000
addsub-05-filter-answer-ce	layers.6.self_attn.v_proj	6	self_attn.v_proj	1	a	0.9682
addsub-05-filter-answer-ce	layers.6.self_attn.v_proj	6	self_attn.v_proj	2	op	2.1300
addsub-05-filter-answer-ce	layers.6.self_attn.v_proj	6	self_attn.v_proj	3	b	1.3225
addsub-05-filter-answer-ce	layers.6.self_attn.v_proj	6	self_attn.v_proj	4	=	2.0000
addsub-05-filter-answer-ce	layers.7.mlp.down_proj	7	mlp.down_proj	0	<BOS>	1.0000
addsub-05-filter-answer-ce	layers.7.mlp.down_proj	7	mlp.down_proj	1	a	2.7505
addsub-05-filter-answer-ce	layers.7.mlp.down_proj	7	mlp.down_proj	2	op	4.0718
addsub-05-filter-answer-ce	layers.7.mlp.down_proj	7	mlp.down_proj	3	b	4.9693
addsub-05-filter-answer-ce	layers.7.mlp.down_proj	7	mlp.down_proj	4	=	2.9905
addsub-05-filter-answer-ce	layers.7.mlp.gate_proj	7	mlp.gate_proj	0	<BOS>	1.0000
addsub-05-filter-answer-ce	layers.7.mlp.gate_proj	7	mlp.gate_proj	1	a	3.3463
addsub-05-filter-answer-ce	layers.7.mlp.gate_proj	7	mlp.gate_proj	2	op	2.5027
addsub-05-filter-answer-ce	layers.7.mlp.gate_proj	7	mlp.gate_proj	3	b	3.6345
addsub-05-filter-answer-ce	layers.7.mlp.gate_proj	7	mlp.gate_proj	4	=	1.2177
addsub-05-filter-answer-ce	layers.7.mlp.up_proj	7	mlp.up_proj	0	<BOS>	1.0000
addsub-05-filter-answer-ce	layers.7.mlp.up_proj	7	mlp.up_proj	1	a	2.4620
addsub-05-filter-answer-ce	layers.7.mlp.up_proj	7	mlp.up_proj	2	op	2.8623
addsub-05-filter-answer-ce	layers.7.mlp.up_proj	7	mlp.up_proj	3	b	3.9185
addsub-05-filter-answer-ce	layers.7.mlp.up_proj	7	mlp.up_proj	4	=	2.1555
addsub-05-filter-answer-ce	layers.7.self_attn.k_proj	7	self_attn.k_proj	0	<BOS>	2.0000
addsub-05-filter-answer-ce	layers.7.self_attn.k_proj	7	self_attn.k_proj	1	a	1.0000
addsub-05-filter-answer-ce	layers.7.self_attn.k_proj	7	self_attn.k_proj	2	op	1.8418
addsub-05-filter-answer-ce	layers.7.self_attn.k_proj	7	self_attn.k_proj	3	b	1.4243
addsub-05-filter-answer-ce	layers.7.self_attn.k_proj	7	self_attn.k_proj	4	=	1.0000
addsub-05-filter-answer-ce	layers.7.self_attn.o_proj	7	self_attn.o_proj	0	<BOS>	0.0000
addsub-05-filter-answer-ce	layers.7.self_attn.o_proj	7	self_attn.o_proj	1	a	1.9990
addsub-05-filter-answer-ce	layers.7.self_attn.o_proj	7	self_attn.o_proj	2	op	2.5893
addsub-05-filter-answer-ce	layers.7.self_attn.o_proj	7	self_attn.o_proj	3	b	2.9358
addsub-05-filter-answer-ce	layers.7.self_attn.o_proj	7	self_attn.o_proj	4	=	1.9427
addsub-05-filter-answer-ce	layers.7.self_attn.q_proj	7	self_attn.q_proj	0	<BOS>	0.0000
addsub-05-filter-answer-ce	layers.7.self_attn.q_proj	7	self_attn.q_proj	1	a	1.0000
addsub-05-filter-answer-ce	layers.7.self_attn.q_proj	7	self_attn.q_proj	2	op	0.9990
addsub-05-filter-answer-ce	layers.7.self_attn.q_proj	7	self_attn.q_proj	3	b	1.9740
addsub-05-filter-answer-ce	layers.7.self_attn.q_proj	7	self_attn.q_proj	4	=	1.0000
addsub-05-filter-answer-ce	layers.7.self_attn.v_proj	7	self_attn.v_proj	0	<BOS>	5.0000
addsub-05-filter-answer-ce	layers.7.self_attn.v_proj	7	self_attn.v_proj	1	a	1.8733
addsub-05-filter-answer-ce	layers.7.self_attn.v_proj	7	self_attn.v_proj	2	op	1.5935
addsub-05-filter-answer-ce	layers.7.self_attn.v_proj	7	self_attn.v_proj	3	b	1.6395
addsub-05-filter-answer-ce	layers.7.self_attn.v_proj	7	self_attn.v_proj	4	=	1.0000
addsub-05-filter-answer-ce	layers.8.mlp.down_proj	8	mlp.down_proj	0	<BOS>	0.3428
addsub-05-filter-answer-ce	layers.8.mlp.down_proj	8	mlp.down_proj	1	a	2.2943
addsub-05-filter-answer-ce	layers.8.mlp.down_proj	8	mlp.down_proj	2	op	3.0203
addsub-05-filter-answer-ce	layers.8.mlp.down_proj	8	mlp.down_proj	3	b	4.8375
addsub-05-filter-answer-ce	layers.8.mlp.down_proj	8	mlp.down_proj	4	=	2.0915
addsub-05-filter-answer-ce	layers.8.mlp.gate_proj	8	mlp.gate_proj	0	<BOS>	0.5197
addsub-05-filter-answer-ce	layers.8.mlp.gate_proj	8	mlp.gate_proj	1	a	1.0675
addsub-05-filter-answer-ce	layers.8.mlp.gate_proj	8	mlp.gate_proj	2	op	2.8180
addsub-05-filter-answer-ce	layers.8.mlp.gate_proj	8	mlp.gate_proj	3	b	2.8493
addsub-05-filter-answer-ce	layers.8.mlp.gate_proj	8	mlp.gate_proj	4	=	2.4935
addsub-05-filter-answer-ce	layers.8.mlp.up_proj	8	mlp.up_proj	0	<BOS>	0.2542
addsub-05-filter-answer-ce	layers.8.mlp.up_proj	8	mlp.up_proj	1	a	1.2422
addsub-05-filter-answer-ce	layers.8.mlp.up_proj	8	mlp.up_proj	2	op	3.2503
addsub-05-filter-answer-ce	layers.8.mlp.up_proj	8	mlp.up_proj	3	b	3.8458
addsub-05-filter-answer-ce	layers.8.mlp.up_proj	8	mlp.up_proj	4	=	1.7930
addsub-05-filter-answer-ce	layers.8.self_attn.k_proj	8	self_attn.k_proj	0	<BOS>	2.0000
addsub-05-filter-answer-ce	layers.8.self_attn.k_proj	8	self_attn.k_proj	1	a	1.0503
addsub-05-filter-answer-ce	layers.8.self_attn.k_proj	8	self_attn.k_proj	2	op	0.9700
addsub-05-filter-answer-ce	layers.8.self_attn.k_proj	8	self_attn.k_proj	3	b	0.9030
addsub-05-filter-answer-ce	layers.8.self_attn.k_proj	8	self_attn.k_proj	4	=	0.9208
addsub-05-filter-answer-ce	layers.8.self_attn.o_proj	8	self_attn.o_proj	0	<BOS>	1.0000
addsub-05-filter-answer-ce	layers.8.self_attn.o_proj	8	self_attn.o_proj	1	a	1.9308
addsub-05-filter-answer-ce	layers.8.self_attn.o_proj	8	self_attn.o_proj	2	op	1.0792
addsub-05-filter-answer-ce	layers.8.self_attn.o_proj	8	self_attn.o_proj	3	b	1.8242
addsub-05-filter-answer-ce	layers.8.self_attn.o_proj	8	self_attn.o_proj	4	=	1.9243
addsub-05-filter-answer-ce	layers.8.self_attn.q_proj	8	self_attn.q_proj	0	<BOS>	0.0000
addsub-05-filter-answer-ce	layers.8.self_attn.q_proj	8	self_attn.q_proj	1	a	1.0000
addsub-05-filter-answer-ce	layers.8.self_attn.q_proj	8	self_attn.q_proj	2	op	1.0388
addsub-05-filter-answer-ce	layers.8.self_attn.q_proj	8	self_attn.q_proj	3	b	1.2253
addsub-05-filter-answer-ce	layers.8.self_attn.q_proj	8	self_attn.q_proj	4	=	1.0000
addsub-05-filter-answer-ce	layers.8.self_attn.v_proj	8	self_attn.v_proj	0	<BOS>	4.0000
addsub-05-filter-answer-ce	layers.8.self_attn.v_proj	8	self_attn.v_proj	1	a	1.8353
addsub-05-filter-answer-ce	layers.8.self_attn.v_proj	8	self_attn.v_proj	2	op	1.8507
addsub-05-filter-answer-ce	layers.8.self_attn.v_proj	8	self_attn.v_proj	3	b	1.6042
addsub-05-filter-answer-ce	layers.8.self_attn.v_proj	8	self_attn.v_proj	4	=	1.4410
addsub-05-filter-answer-ce	layers.9.mlp.down_proj	9	mlp.down_proj	0	<BOS>	1.0000
addsub-05-filter-answer-ce	layers.9.mlp.down_proj	9	mlp.down_proj	1	a	1.6165
addsub-05-filter-answer-ce	layers.9.mlp.down_proj	9	mlp.down_proj	2	op	2.8303
addsub-05-filter-answer-ce	layers.9.mlp.down_proj	9	mlp.down_proj	3	b	4.6132
addsub-05-filter-answer-ce	layers.9.mlp.down_proj	9	mlp.down_proj	4	=	2.1902
addsub-05-filter-answer-ce	layers.9.mlp.gate_proj	9	mlp.gate_proj	0	<BOS>	1.0000
addsub-05-filter-answer-ce	layers.9.mlp.gate_proj	9	mlp.gate_proj	1	a	1.5812
addsub-05-filter-answer-ce	layers.9.mlp.gate_proj	9	mlp.gate_proj	2	op	2.6575
addsub-05-filter-answer-ce	layers.9.mlp.gate_proj	9	mlp.gate_proj	3	b	3.3942
addsub-05-filter-answer-ce	layers.9.mlp.gate_proj	9	mlp.gate_proj	4	=	2.2590
addsub-05-filter-answer-ce	layers.9.mlp.up_proj	9	mlp.up_proj	0	<BOS>	1.0000
addsub-05-filter-answer-ce	layers.9.mlp.up_proj	9	mlp.up_proj	1	a	2.1358
addsub-05-filter-answer-ce	layers.9.mlp.up_proj	9	mlp.up_proj	2	op	3.0465
addsub-05-filter-answer-ce	layers.9.mlp.up_proj	9	mlp.up_proj	3	b	3.6428
addsub-05-filter-answer-ce	layers.9.mlp.up_proj	9	mlp.up_proj	4	=	1.5753
addsub-05-filter-answer-ce	layers.9.self_attn.k_proj	9	self_attn.k_proj	0	<BOS>	3.0000
addsub-05-filter-answer-ce	layers.9.self_attn.k_proj	9	self_attn.k_proj	1	a	0.9977
addsub-05-filter-answer-ce	layers.9.self_attn.k_proj	9	self_attn.k_proj	2	op	1.4907
addsub-05-filter-answer-ce	layers.9.self_attn.k_proj	9	self_attn.k_proj	3	b	0.9833
addsub-05-filter-answer-ce	layers.9.self_attn.k_proj	9	self_attn.k_proj	4	=	1.0000
addsub-05-filter-answer-ce	layers.9.self_attn.o_proj	9	self_attn.o_proj	0	<BOS>	0.0000
addsub-05-filter-answer-ce	layers.9.self_attn.o_proj	9	self_attn.o_proj	1	a	1.9872
addsub-05-filter-answer-ce	layers.9.self_attn.o_proj	9	self_attn.o_proj	2	op	2.0000
addsub-05-filter-answer-ce	layers.9.self_attn.o_proj	9	self_attn.o_proj	3	b	1.4848
addsub-05-filter-answer-ce	layers.9.self_attn.o_proj	9	self_attn.o_proj	4	=	1.4825
addsub-05-filter-answer-ce	layers.9.self_attn.q_proj	9	self_attn.q_proj	0	<BOS>	0.0000
addsub-05-filter-answer-ce	layers.9.self_attn.q_proj	9	self_attn.q_proj	1	a	1.0000
addsub-05-filter-answer-ce	layers.9.self_attn.q_proj	9	self_attn.q_proj	2	op	1.0000
addsub-05-filter-answer-ce	layers.9.self_attn.q_proj	9	self_attn.q_proj	3	b	1.1165
addsub-05-filter-answer-ce	layers.9.self_attn.q_proj	9	self_attn.q_proj	4	=	1.0000
addsub-05-filter-answer-ce	layers.9.self_attn.v_proj	9	self_attn.v_proj	0	<BOS>	2.0000
addsub-05-filter-answer-ce	layers.9.self_attn.v_proj	9	self_attn.v_proj	1	a	1.9710
addsub-05-filter-answer-ce	layers.9.self_attn.v_proj	9	self_attn.v_proj	2	op	1.4575
addsub-05-filter-answer-ce	layers.9.self_attn.v_proj	9	self_attn.v_proj	3	b	1.4037
addsub-05-filter-answer-ce	layers.9.self_attn.v_proj	9	self_attn.v_proj	4	=	1.0002
addsub-05-filter-integers	layers.0.mlp.down_proj	0	mlp.down_proj	0	<BOS>	4.0000
addsub-05-filter-integers	layers.0.mlp.down_proj	0	mlp.down_proj	1	a	10.5935
addsub-05-filter-integers	layers.0.mlp.down_proj	0	mlp.down_proj	2	op	4.0472
addsub-05-filter-integers	layers.0.mlp.down_proj	0	mlp.down_proj	3	b	8.8018
addsub-05-filter-integers	layers.0.mlp.down_proj	0	mlp.down_proj	4	=	3.0000
addsub-05-filter-integers	layers.0.mlp.gate_proj	0	mlp.gate_proj	0	<BOS>	16.0000
addsub-05-filter-integers	layers.0.mlp.gate_proj	0	mlp.gate_proj	1	a	7.2587
addsub-05-filter-integers	layers.0.mlp.gate_proj	0	mlp.gate_proj	2	op	3.9940
addsub-05-filter-integers	layers.0.mlp.gate_proj	0	mlp.gate_proj	3	b	6.2422
addsub-05-filter-integers	layers.0.mlp.gate_proj	0	mlp.gate_proj	4	=	3.0000
addsub-05-filter-integers	layers.0.mlp.up_proj	0	mlp.up_proj	0	<BOS>	14.0000
addsub-05-filter-integers	layers.0.mlp.up_proj	0	mlp.up_proj	1	a	7.2593
addsub-05-filter-integers	layers.0.mlp.up_proj	0	mlp.up_proj	2	op	3.0412
addsub-05-filter-integers	layers.0.mlp.up_proj	0	mlp.up_proj	3	b	5.7205
addsub-05-filter-integers	layers.0.mlp.up_proj	0	mlp.up_proj	4	=	3.0000
addsub-05-filter-integers	layers.0.self_attn.k_proj	0	self_attn.k_proj	0	<BOS>	8.0000
addsub-05-filter-integers	layers.0.self_attn.k_proj	0	self_attn.k_proj	1	a	1.0505
addsub-05-filter-integers	layers.0.self_attn.k_proj	0	self_attn.k_proj	2	op	2.0000
addsub-05-filter-integers	layers.0.self_attn.k_proj	0	self_attn.k_proj	3	b	1.0000
addsub-05-filter-integers	layers.0.self_attn.k_proj	0	self_attn.k_proj	4	=	0.0000
addsub-05-filter-integers	layers.0.self_attn.o_proj	0	self_attn.o_proj	0	<BOS>	2.0000
addsub-05-filter-integers	layers.0.self_attn.o_proj	0	self_attn.o_proj	1	a	3.0000
addsub-05-filter-integers	layers.0.self_attn.o_proj	0	self_attn.o_proj	2	op	3.5612
addsub-05-filter-integers	layers.0.self_attn.o_proj	0	self_attn.o_proj	3	b	3.4985
addsub-05-filter-integers	layers.0.self_attn.o_proj	0	self_attn.o_proj	4	=	2.5030
addsub-05-filter-integers	layers.0.self_attn.q_proj	0	self_attn.q_proj	0	<BOS>	0.0000
addsub-05-filter-integers	layers.0.self_attn.q_proj	0	self_attn.q_proj	1	a	1.0000
addsub-05-filter-integers	layers.0.self_attn.q_proj	0	self_attn.q_proj	2	op	1.4970
addsub-05-filter-integers	layers.0.self_attn.q_proj	0	self_attn.q_proj	3	b	1.0000
addsub-05-filter-integers	layers.0.self_attn.q_proj	0	self_attn.q_proj	4	=	1.0000
addsub-05-filter-integers	layers.0.self_attn.v_proj	0	self_attn.v_proj	0	<BOS>	5.0000
addsub-05-filter-integers	layers.0.self_attn.v_proj	0	self_attn.v_proj	1	a	1.2475
addsub-05-filter-integers	layers.0.self_attn.v_proj	0	self_attn.v_proj	2	op	1.5030
addsub-05-filter-integers	layers.0.self_attn.v_proj	0	self_attn.v_proj	3	b	1.0855
addsub-05-filter-integers	layers.0.self_attn.v_proj	0	self_attn.v_proj	4	=	0.5030
addsub-05-filter-integers	layers.1.mlp.down_proj	1	mlp.down_proj	0	<BOS>	22.0000
addsub-05-filter-integers	layers.1.mlp.down_proj	1	mlp.down_proj	1	a	5.2815
addsub-05-filter-integers	layers.1.mlp.down_proj	1	mlp.down_proj	2	op	4.6392
addsub-05-filter-integers	layers.1.mlp.down_proj	1	mlp.down_proj	3	b	7.4665
addsub-05-filter-integers	layers.1.mlp.down_proj	1	mlp.down_proj	4	=	2.0000
addsub-05-filter-integers	layers.1.mlp.gate_proj	1	mlp.gate_proj	0	<BOS>	31.0000
addsub-05-filter-integers	layers.1.mlp.gate_proj	1	mlp.gate_proj	1	a	3.1595
addsub-05-filter-integers	layers.1.mlp.gate_proj	1	mlp.gate_proj	2	op	3.0370
addsub-05-filter-integers	layers.1.mlp.gate_proj	1	mlp.gate_proj	3	b	5.7483
addsub-05-filter-integers	layers.1.mlp.gate_proj	1	mlp.gate_proj	4	=	3.4973
addsub-05-filter-integers	layers.1.mlp.up_proj	1	mlp.up_proj	0	<BOS>	37.5355
addsub-05-filter-integers	layers.1.mlp.up_proj	1	mlp.up_proj	1	a	2.7305
addsub-05-filter-integers	layers.1.mlp.up_proj	1	mlp.up_proj	2	op	2.4040
addsub-05-filter-integers	layers.1.mlp.up_proj	1	mlp.up_proj	3	b	5.8903
addsub-05-filter-integers	layers.1.mlp.up_proj	1	mlp.up_proj	4	=	2.0000
addsub-05-filter-integers	layers.1.self_attn.k_proj	1	self_attn.k_proj	0	<BOS>	2.0000
addsub-05-filter-integers	layers.1.self_attn.k_proj	1	self_attn.k_proj	1	a	3.0235
addsub-05-filter-integers	layers.1.self_attn.k_proj	1	self_attn.k_proj	2	op	3.5030
addsub-05-filter-integers	layers.1.self_attn.k_proj	1	self_attn.k_proj	3	b	2.0000
addsub-05-filter-integers	layers.1.self_attn.k_proj	1	self_attn.k_proj	4	=	1.0000
addsub-05-filter-integers	layers.1.self_attn.o_proj	1	self_attn.o_proj	0	<BOS>	0.0000
addsub-05-filter-integers	layers.1.self_attn.o_proj	1	self_attn.o_proj	1	a	1.8068
addsub-05-filter-integers	layers.1.self_attn.o_proj	1	self_attn.o_proj	2	op	6.4845
addsub-05-filter-integers	layers.1.self_attn.o_proj	1	self_attn.o_proj	3	b	5.1085
addsub-05-filter-integers	layers.1.self_attn.o_proj	1	self_attn.o_proj	4	=	2.0068
addsub-05-filter-integers	layers.1.self_attn.q_proj	1	self_attn.q_proj	0	<BOS>	0.0000
addsub-05-filter-integers	layers.1.self_attn.q_proj	1	self_attn.q_proj	1	a	2.0000
addsub-05-filter-integers	layers.1.self_attn.q_proj	1	self_attn.q_proj	2	op	2.0000
addsub-05-filter-integers	layers.1.self_attn.q_proj	1	self_attn.q_proj	3	b	2.1880
addsub-05-filter-integers	layers.1.self_attn.q_proj	1	self_attn.q_proj	4	=	2.0000
addsub-05-filter-integers	layers.1.self_attn.v_proj	1	self_attn.v_proj	0	<BOS>	1.0000
addsub-05-filter-integers	layers.1.self_attn.v_proj	1	self_attn.v_proj	1	a	6.0507
addsub-05-filter-integers	layers.1.self_attn.v_proj	1	self_attn.v_proj	2	op	1.9940
addsub-05-filter-integers	layers.1.self_attn.v_proj	1	self_attn.v_proj	3	b	1.0730
addsub-05-filter-integers	layers.1.self_attn.v_proj	1	self_attn.v_proj	4	=	0.0000
addsub-05-filter-integers	layers.10.mlp.down_proj	10	mlp.down_proj	0	<BOS>	1.0000
addsub-05-filter-integers	layers.10.mlp.down_proj	10	mlp.down_proj	1	a	1.2975
addsub-05-filter-integers	layers.10.mlp.down_proj	10	mlp.down_proj	2	op	4.5943
addsub-05-filter-integers	layers.10.mlp.down_proj	10	mlp.down_proj	3	b	4.1722
addsub-05-filter-integers	layers.10.mlp.down_proj	10	mlp.down_proj	4	=	2.6493
addsub-05-filter-integers	layers.10.mlp.gate_proj	10	mlp.gate_proj	0	<BOS>	3.0000
addsub-05-filter-integers	layers.10.mlp.gate_proj	10	mlp.gate_proj	1	a	1.8860
addsub-05-filter-integers	layers.10.mlp.gate_proj	10	mlp.gate_proj	2	op	3.0705
addsub-05-filter-integers	layers.10.mlp.gate_proj	10	mlp.gate_proj	3	b	2.7850
addsub-05-filter-integers	layers.10.mlp.gate_proj	10	mlp.gate_proj	4	=	1.5045
addsub-05-filter-integers	layers.10.mlp.up_proj	10	mlp.up_proj	0	<BOS>	5.0000
addsub-05-filter-integers	layers.10.mlp.up_proj	10	mlp.up_proj	1	a	2.0487
addsub-05-filter-integers	layers.10.mlp.up_proj	10	mlp.up_proj	2	op	3.1088
addsub-05-filter-integers	layers.10.mlp.up_proj	10	mlp.up_proj	3	b	2.9738
addsub-05-filter-integers	layers.10.mlp.up_proj	10	mlp.up_proj	4	=	1.6873
addsub-05-filter-integers	layers.10.self_attn.k_proj	10	self_attn.k_proj	0	<BOS>	3.0000
addsub-05-filter-integers	layers.10.self_attn.k_proj	10	self_attn.k_proj	1	a	1.0000
addsub-05-filter-integers	layers.10.self_attn.k_proj	10	self_attn.k_proj	2	op	0.9883
addsub-05-filter-integers	layers.10.self_attn.k_proj	10	self_attn.k_proj	3	b	1.0733
addsub-05-filter-integers	layers.10.self_attn.k_proj	10	self_attn.k_proj	4	=	0.9995
addsub-05-filter-integers	layers.10.self_attn.o_proj	10	self_attn.o_proj	0	<BOS>	1.0000
addsub-05-filter-integers	layers.10.self_attn.o_proj	10	self_attn.o_proj	1	a	1.0000
addsub-05-filter-integers	layers.10.self_attn.o_proj	10	self_attn.o_proj	2	op	1.0000
addsub-05-filter-integers	layers.10.self_attn.o_proj	10	self_attn.o_proj	3	b	1.4545
addsub-05-filter-integers	layers.10.self_attn.o_proj	10	self_attn.o_proj	4	=	1.9990
addsub-05-filter-integers	layers.10.self_attn.q_proj	10	self_attn.q_proj	0	<BOS>	0.0000
addsub-05-filter-integers	layers.10.self_attn.q_proj	10	self_attn.q_proj	1	a	1.0000
addsub-05-filter-integers	layers.10.self_attn.q_proj	10	self_attn.q_proj	2	op	1.0000
addsub-05-filter-integers	layers.10.self_attn.q_proj	10	self_attn.q_proj	3	b	1.0000
addsub-05-filter-integers	layers.10.self_attn.q_proj	10	self_attn.q_proj	4	=	1.0000
addsub-05-filter-integers	layers.10.self_attn.v_proj	10	self_attn.v_proj	0	<BOS>	2.0000
addsub-05-filter-integers	layers.10.self_attn.v_proj	10	self_attn.v_proj	1	a	1.0000
addsub-05-filter-integers	layers.10.self_attn.v_proj	10	self_attn.v_proj	2	op	0.9860
addsub-05-filter-integers	layers.10.self_attn.v_proj	10	self_attn.v_proj	3	b	1.2355
addsub-05-filter-integers	layers.10.self_attn.v_proj	10	self_attn.v_proj	4	=	0.9987
addsub-05-filter-integers	layers.11.mlp.down_proj	11	mlp.down_proj	0	<BOS>	2.0000
addsub-05-filter-integers	layers.11.mlp.down_proj	11	mlp.down_proj	1	a	4.3408
addsub-05-filter-integers	layers.11.mlp.down_proj	11	mlp.down_proj	2	op	4.1695
addsub-05-filter-integers	layers.11.mlp.down_proj	11	mlp.down_proj	3	b	6.0320
addsub-05-filter-integers	layers.11.mlp.down_proj	11	mlp.down_proj	4	=	2.0703
addsub-05-filter-integers	layers.11.mlp.gate_proj	11	mlp.gate_proj	0	<BOS>	2.0000
addsub-05-filter-integers	layers.11.mlp.gate_proj	11	mlp.gate_proj	1	a	4.2845
addsub-05-filter-integers	layers.11.mlp.gate_proj	11	mlp.gate_proj	2	op	2.7135
addsub-05-filter-integers	layers.11.mlp.gate_proj	11	mlp.gate_proj	3	b	4.6592
addsub-05-filter-integers	layers.11.mlp.gate_proj	11	mlp.gate_proj	4	=	1.8265
addsub-05-filter-integers	layers.11.mlp.up_proj	11	mlp.up_proj	0	<BOS>	1.0000
addsub-05-filter-integers	layers.11.mlp.up_proj	11	mlp.up_proj	1	a	2.5030
addsub-05-filter-integers	layers.11.mlp.up_proj	11	mlp.up_proj	2	op	2.8165
addsub-05-filter-integers	layers.11.mlp.up_proj	11	mlp.up_proj	3	b	3.2585
addsub-05-filter-integers	layers.11.mlp.up_proj	11	mlp.up_proj	4	=	1.9633
addsub-05-filter-integers	layers.11.self_attn.k_proj	11	self_attn.k_proj	0	<BOS>	3.0000
addsub-05-filter-integers	layers.11.self_attn.k_proj	11	self_attn.k_proj	1	a	1.0000
addsub-05-filter-integers	layers.11.self_attn.k_proj	11	self_attn.k_proj	2	op	0.9402
addsub-05-filter-integers	layers.11.self_attn.k_proj	11	self_attn.k_proj	3	b	0.7023
addsub-05-filter-integers	layers.11.self_attn.k_proj	11	self_attn.k_proj	4	=	0.0008
addsub-05-filter-integers	layers.11.self_attn.o_proj	11	self_attn.o_proj	0	<BOS>	0.0000
addsub-05-filter-integers	layers.11.self_attn.o_proj	11	self_attn.o_proj	1	a	1.0000
addsub-05-filter-integers	layers.11.self_attn.o_proj	11	self_attn.o_proj	2	op	1.0000
addsub-05-filter-integers	layers.11.self_attn.o_proj	11	self_attn.o_proj	3	b	1.1797
addsub-05-filter-integers	layers.11.self_attn.o_proj	11	self_attn.o_proj	4	=	1.0000
addsub-05-filter-integers	layers.11.self_attn.q_proj	11	self_attn.q_proj	0	<BOS>	0.0000
addsub-05-filter-integers	layers.11.self_attn.q_proj	11	self_attn.q_proj	1	a	1.0000
addsub-05-filter-integers	layers.11.self_attn.q_proj	11	self_attn.q_proj	2	op	1.0000
addsub-05-filter-integers	layers.11.self_attn.q_proj	11	self_attn.q_proj	3	b	1.1567
addsub-05-filter-integers	layers.11.self_attn.q_proj	11	self_attn.q_proj	4	=	1.0000
addsub-05-filter-integers	layers.11.self_attn.v_proj	11	self_attn.v_proj	0	<BOS>	4.0000
addsub-05-filter-integers	layers.11.self_attn.v_proj	11	self_attn.v_proj	1	a	1.0000
addsub-05-filter-integers	layers.11.self_attn.v_proj	11	self_attn.v_proj	2	op	0.9825
addsub-05-filter-integers	layers.11.self_attn.v_proj	11	self_attn.v_proj	3	b	0.4947
addsub-05-filter-integers	layers.11.self_attn.v_proj	11	self_attn.v_proj	4	=	0.0000
addsub-05-filter-integers	layers.12.mlp.down_proj	12	mlp.down_proj	0	<BOS>	1.0000
addsub-05-filter-integers	layers.12.mlp.down_proj	12	mlp.down_proj	1	a	4.6765
addsub-05-filter-integers	layers.12.mlp.down_proj	12	mlp.down_proj	2	op	3.9740
addsub-05-filter-integers	layers.12.mlp.down_proj	12	mlp.down_proj	3	b	6.7170
addsub-05-filter-integers	layers.12.mlp.down_proj	12	mlp.down_proj	4	=	2.1460
addsub-05-filter-integers	layers.12.mlp.gate_proj	12	mlp.gate_proj	0	<BOS>	1.0000
addsub-05-filter-integers	layers.12.mlp.gate_proj	12	mlp.gate_proj	1	a	5.3853
addsub-05-filter-integers	layers.12.mlp.gate_proj	12	mlp.gate_proj	2	op	2.9367
addsub-05-filter-integers	layers.12.mlp.gate_proj	12	mlp.gate_proj	3	b	5.9715
addsub-05-filter-integers	layers.12.mlp.gate_proj	12	mlp.gate_proj	4	=	1.9753
addsub-05-filter-integers	layers.12.mlp.up_proj	12	mlp.up_proj	0	<BOS>	2.0000
addsub-05-filter-integers	layers.12.mlp.up_proj	12	mlp.up_proj	1	a	3.5695
addsub-05-filter-integers	layers.12.mlp.up_proj	12	mlp.up_proj	2	op	3.2605
addsub-05-filter-integers	layers.12.mlp.up_proj	12	mlp.up_proj	3	b	4.1950
addsub-05-filter-integers	layers.12.mlp.up_proj	12	mlp.up_proj	4	=	1.7865
addsub-05-filter-integers	layers.12.self_attn.k_proj	12	self_attn.k_proj	0	<BOS>	2.0000
addsub-05-filter-integers	layers.12.self_attn.k_proj	12	self_attn.k_proj	1	a	1.0000
addsub-05-filter-integers	layers.12.self_attn.k_proj	12	self_attn.k_proj	2	op	1.0000
addsub-05-filter-integers	layers.12.self_attn.k_proj	12	self_attn.k_proj	3	b	1.0000
addsub-05-filter-integers	layers.12.self_attn.k_proj	12	self_attn.k_proj	4	=	1.0000
addsub-05-filter-integers	layers.12.self_attn.o_proj	12	self_attn.o_proj	0	<BOS>	0.0000
addsub-05-filter-integers	layers.12.self_attn.o_proj	12	self_attn.o_proj	1	a	2.0000
addsub-05-filter-integers	layers.12.self_attn.o_proj	12	self_attn.o_proj	2	op	1.9713
addsub-05-filter-integers	layers.12.self_attn.o_proj	12	self_attn.o_proj	3	b	1.7990
addsub-05-filter-integers	layers.12.self_attn.o_proj	12	self_attn.o_proj	4	=	1.0000
addsub-05-filter-integers	layers.12.self_attn.q_proj	12	self_attn.q_proj	0	<BOS>	0.0000
addsub-05-filter-integers	layers.12.self_attn.q_proj	12	self_attn.q_proj	1	a	1.0000
addsub-05-filter-integers	layers.12.self_attn.q_proj	12	self_attn.q_proj	2	op	1.0000
addsub-05-filter-integers	layers.12.self_attn.q_proj	12	self_attn.q_proj	3	b	1.4435
addsub-05-filter-integers	layers.12.self_attn.q_proj	12	self_attn.q_proj	4	=	1.0000
addsub-05-filter-integers	layers.12.self_attn.v_proj	12	self_attn.v_proj	0	<BOS>	2.0000
addsub-05-filter-integers	layers.12.self_attn.v_proj	12	self_attn.v_proj	1	a	2.0000
addsub-05-filter-integers	layers.12.self_attn.v_proj	12	self_attn.v_proj	2	op	1.5325
addsub-05-filter-integers	layers.12.self_attn.v_proj	12	self_attn.v_proj	3	b	1.3932
addsub-05-filter-integers	layers.12.self_attn.v_proj	12	self_attn.v_proj	4	=	1.0002
addsub-05-filter-integers	layers.13.mlp.down_proj	13	mlp.down_proj	0	<BOS>	2.0000
addsub-05-filter-integers	layers.13.mlp.down_proj	13	mlp.down_proj	1	a	5.3257
addsub-05-filter-integers	layers.13.mlp.down_proj	13	mlp.down_proj	2	op	3.5840
addsub-05-filter-integers	layers.13.mlp.down_proj	13	mlp.down_proj	3	b	7.1895
addsub-05-filter-integers	layers.13.mlp.down_proj	13	mlp.down_proj	4	=	3.0870
addsub-05-filter-integers	layers.13.mlp.gate_proj	13	mlp.gate_proj	0	<BOS>	1.0000
addsub-05-filter-integers	layers.13.mlp.gate_proj	13	mlp.gate_proj	1	a	3.8740
addsub-05-filter-integers	layers.13.mlp.gate_proj	13	mlp.gate_proj	2	op	3.0660
addsub-05-filter-integers	layers.13.mlp.gate_proj	13	mlp.gate_proj	3	b	6.0957
addsub-05-filter-integers	layers.13.mlp.gate_proj	13	mlp.gate_proj	4	=	1.9995
addsub-05-filter-integers	layers.13.mlp.up_proj	13	mlp.up_proj	0	<BOS>	1.0000
addsub-05-filter-integers	layers.13.mlp.up_proj	13	mlp.up_proj	1	a	3.6075
addsub-05-filter-integers	layers.13.mlp.up_proj	13	mlp.up_proj	2	op	2.9065
addsub-05-filter-integers	layers.13.mlp.up_proj	13	mlp.up_proj	3	b	4.9167
addsub-05-filter-integers	layers.13.mlp.up_proj	13	mlp.up_proj	4	=	2.0247
addsub-05-filter-integers	layers.13.self_attn.k_proj	13	self_attn.k_proj	0	<BOS>	3.0000
addsub-05-filter-integers	layers.13.self_attn.k_proj	13	self_attn.k_proj	1	a	0.5232
addsub-05-filter-integers	layers.13.self_attn.k_proj	13	self_attn.k_proj	2	op	0.9287
addsub-05-filter-integers	layers.13.self_attn.k_proj	13	self_attn.k_proj	3	b	0.8220
addsub-05-filter-integers	layers.13.self_attn.k_proj	13	self_attn.k_proj	4	=	0.9995
addsub-05-filter-integers	layers.13.self_attn.o_proj	13	self_attn.o_proj	0	<BOS>	0.0000
addsub-05-filter-integers	layers.13.self_attn.o_proj	13	self_attn.o_proj	1	a	1.0000
addsub-05-filter-integers	layers.13.self_attn.o_proj	13	self_attn.o_proj	2	op	1.0000
addsub-05-filter-integers	layers.13.self_attn.o_proj	13	self_attn.o_proj	3	b	1.4920
addsub-05-filter-integers	layers.13.self_attn.o_proj	13	self_attn.o_proj	4	=	3.1125
addsub-05-filter-integers	layers.13.self_attn.q_proj	13	self_attn.q_proj	0	<BOS>	0.0000
addsub-05-filter-integers	layers.13.self_attn.q_proj	13	self_attn.q_proj	1	a	1.0000
addsub-05-filter-integers	layers.13.self_attn.q_proj	13	self_attn.q_proj	2	op	1.0000
addsub-05-filter-integers	layers.13.self_attn.q_proj	13	self_attn.q_proj	3	b	1.0000
addsub-05-filter-integers	layers.13.self_attn.q_proj	13	self_attn.q_proj	4	=	1.0000
addsub-05-filter-integers	layers.13.self_attn.v_proj	13	self_attn.v_proj	0	<BOS>	2.0000
addsub-05-filter-integers	layers.13.self_attn.v_proj	13	self_attn.v_proj	1	a	1.0002
addsub-05-filter-integers	layers.13.self_attn.v_proj	13	self_attn.v_proj	2	op	0.9360
addsub-05-filter-integers	layers.13.self_attn.v_proj	13	self_attn.v_proj	3	b	1.3920
addsub-05-filter-integers	layers.13.self_attn.v_proj	13	self_attn.v_proj	4	=	1.5007
addsub-05-filter-integers	layers.14.mlp.down_proj	14	mlp.down_proj	0	<BOS>	3.0000
addsub-05-filter-integers	layers.14.mlp.down_proj	14	mlp.down_proj	1	a	4.8095
addsub-05-filter-integers	layers.14.mlp.down_proj	14	mlp.down_proj	2	op	3.6335
addsub-05-filter-integers	layers.14.mlp.down_proj	14	mlp.down_proj	3	b	7.2057
addsub-05-filter-integers	layers.14.mlp.down_proj	14	mlp.down_proj	4	=	2.1660
addsub-05-filter-integers	layers.14.mlp.gate_proj	14	mlp.gate_proj	0	<BOS>	2.0000
addsub-05-filter-integers	layers.14.mlp.gate_proj	14	mlp.gate_proj	1	a	3.9975
addsub-05-filter-integers	layers.14.mlp.gate_proj	14	mlp.gate_proj	2	op	2.2383
addsub-05-filter-integers	layers.14.mlp.gate_proj	14	mlp.gate_proj	3	b	5.6318
addsub-05-filter-integers	layers.14.mlp.gate_proj	14	mlp.gate_proj	4	=	2.0380
addsub-05-filter-integers	layers.14.mlp.up_proj	14	mlp.up_proj	0	<BOS>	2.0000
addsub-05-filter-integers	layers.14.mlp.up_proj	14	mlp.up_proj	1	a	4.2863
addsub-05-filter-integers	layers.14.mlp.up_proj	14	mlp.up_proj	2	op	2.7422
addsub-05-filter-integers	layers.14.mlp.up_proj	14	mlp.up_proj	3	b	4.8302
addsub-05-filter-integers	layers.14.mlp.up_proj	14	mlp.up_proj	4	=	1.8615
addsub-05-filter-integers	layers.14.self_attn.k_proj	14	self_attn.k_proj	0	<BOS>	2.0000
addsub-05-filter-integers	layers.14.self_attn.k_proj	14	self_attn.k_proj	1	a	1.0000
addsub-05-filter-integers	layers.14.self_attn.k_proj	14	self_attn.k_proj	2	op	1.3003
addsub-05-filter-integers	layers.14.self_attn.k_proj	14	self_attn.k_proj	3	b	0.9975
addsub-05-filter-integers	layers.14.self_attn.k_proj	14	self_attn.k_proj	4	=	1.0000
addsub-05-filter-integers	layers.14.self_attn.o_proj	14	self_attn.o_proj	0	<BOS>	1.0000
addsub-05-filter-integers	layers.14.self_attn.o_proj	14	self_attn.o_proj	1	a	1.0000
addsub-05-filter-integers	layers.14.self_attn.o_proj	14	self_attn.o_proj	2	op	1.7635
addsub-05-filter-integers	layers.14.self_attn.o_proj	14	self_attn.o_proj	3	b	2.0085
addsub-05-filter-integers	layers.14.self_attn.o_proj	14	self_attn.o_proj	4	=	2.0577
addsub-05-filter-integers	layers.14.self_attn.q_proj	14	self_attn.q_proj	0	<BOS>	0.0000
addsub-05-filter-integers	layers.14.self_attn.q_proj	14	self_attn.q_proj	1	a	1.0005
addsub-05-filter-integers	layers.14.self_attn.q_proj	14	self_attn.q_proj	2	op	1.4918
addsub-05-filter-integers	layers.14.self_attn.q_proj	14	self_attn.q_proj	3	b	1.6747
addsub-05-filter-integers	layers.14.self_attn.q_proj	14	self_attn.q_proj	4	=	1.4935
addsub-05-filter-integers	layers.14.self_attn.v_proj	14	self_attn.v_proj	0	<BOS>	2.0000
addsub-05-filter-integers	layers.14.self_attn.v_proj	14	self_attn.v_proj	1	a	1.9960
addsub-05-filter-integers	layers.14.self_attn.v_proj	14	self_attn.v_proj	2	op	1.0013
addsub-05-filter-integers	layers.14.self_attn.v_proj	14	self_attn.v_proj	3	b	1.7522
addsub-05-filter-integers	layers.14.self_attn.v_proj	14	self_attn.v_proj	4	=	1.0000
addsub-05-filter-integers	layers.15.mlp.down_proj	15	mlp.down_proj	0	<BOS>	3.0000
addsub-05-filter-integers	layers.15.mlp.down_proj	15	mlp.down_proj	1	a	3.9588
addsub-05-filter-integers	layers.15.mlp.down_proj	15	mlp.down_proj	2	op	3.1967
addsub-05-filter-integers	layers.15.mlp.down_proj	15	mlp.down_proj	3	b	5.2435
addsub-05-filter-integers	layers.15.mlp.down_proj	15	mlp.down_proj	4	=	7.8482
addsub-05-filter-integers	layers.15.mlp.gate_proj	15	mlp.gate_proj	0	<BOS>	4.0000
addsub-05-filter-integers	layers.15.mlp.gate_proj	15	mlp.gate_proj	1	a	4.1095
addsub-05-filter-integers	layers.15.mlp.gate_proj	15	mlp.gate_proj	2	op	2.5120
addsub-05-filter-integers	layers.15.mlp.gate_proj	15	mlp.gate_proj	3	b	4.5122
addsub-05-filter-integers	layers.15.mlp.gate_proj	15	mlp.gate_proj	4	=	4.5813
addsub-05-filter-integers	layers.15.mlp.up_proj	15	mlp.up_proj	0	<BOS>	4.0000
addsub-05-filter-integers	layers.15.mlp.up_proj	15	mlp.up_proj	1	a	2.8733
addsub-05-filter-integers	layers.15.mlp.up_proj	15	mlp.up_proj	2	op	3.0245
addsub-05-filter-integers	layers.15.mlp.up_proj	15	mlp.up_proj	3	b	4.4488
addsub-05-filter-integers	layers.15.mlp.up_proj	15	mlp.up_proj	4	=	5.5227
addsub-05-filter-integers	layers.15.self_attn.k_proj	15	self_attn.k_proj	0	<BOS>	1.0000
addsub-05-filter-integers	layers.15.self_attn.k_proj	15	self_attn.k_proj	1	a	1.0573
addsub-05-filter-integers	layers.15.self_attn.k_proj	15	self_attn.k_proj	2	op	1.0000
addsub-05-filter-integers	layers.15.self_attn.k_proj	15	self_attn.k_proj	3	b	1.9922
addsub-05-filter-integers	layers.15.self_attn.k_proj	15	self_attn.k_proj	4	=	1.0000
addsub-05-filter-integers	layers.15.self_attn.o_proj	15	self_attn.o_proj	0	<BOS>	0.0000
addsub-05-filter-integers	layers.15.self_attn.o_proj	15	self_attn.o_proj	1	a	1.0000
addsub-05-filter-integers	layers.15.self_attn.o_proj	15	self_attn.o_proj	2	op	1.0532
addsub-05-filter-integers	layers.15.self_attn.o_proj	15	self_attn.o_proj	3	b	2.7662
addsub-05-filter-integers	layers.15.self_attn.o_proj	15	self_attn.o_proj	4	=	10.2528
addsub-05-filter-integers	layers.15.self_attn.q_proj	15	self_attn.q_proj	0	<BOS>	0.0000
addsub-05-filter-integers	layers.15.self_attn.q_proj	15	self_attn.q_proj	1	a	1.0000
addsub-05-filter-integers	layers.15.self_attn.q_proj	15	self_attn.q_proj	2	op	1.0000
addsub-05-filter-integers	layers.15.self_attn.q_proj	15	self_attn.q_proj	3	b	1.4845
addsub-05-filter-integers	layers.15.self_attn.q_proj	15	self_attn.q_proj	4	=	1.9965
addsub-05-filter-integers	layers.15.self_attn.v_proj	15	self_attn.v_proj	0	<BOS>	3.0000
addsub-05-filter-integers	layers.15.self_attn.v_proj	15	self_attn.v_proj	1	a	1.0682
addsub-05-filter-integers	layers.15.self_attn.v_proj	15	self_attn.v_proj	2	op	1.1530
addsub-05-filter-integers	layers.15.self_attn.v_proj	15	self_attn.v_proj	3	b	9.6982
addsub-05-filter-integers	layers.15.self_attn.v_proj	15	self_attn.v_proj	4	=	0.9532
addsub-05-filter-integers	layers.16.mlp.down_proj	16	mlp.down_proj	0	<BOS>	2.0000
addsub-05-filter-integers	layers.16.mlp.down_proj	16	mlp.down_proj	1	a	6.5110
addsub-05-filter-integers	layers.16.mlp.down_proj	16	mlp.down_proj	2	op	4.6813
addsub-05-filter-integers	layers.16.mlp.down_proj	16	mlp.down_proj	3	b	6.2345
addsub-05-filter-integers	layers.16.mlp.down_proj	16	mlp.down_proj	4	=	9.1823
addsub-05-filter-integers	layers.16.mlp.gate_proj	16	mlp.gate_proj	0	<BOS>	2.0000
addsub-05-filter-integers	layers.16.mlp.gate_proj	16	mlp.gate_proj	1	a	3.7487
addsub-05-filter-integers	layers.16.mlp.gate_proj	16	mlp.gate_proj	2	op	2.8772
addsub-05-filter-integers	layers.16.mlp.gate_proj	16	mlp.gate_proj	3	b	4.4290
addsub-05-filter-integers	layers.16.mlp.gate_proj	16	mlp.gate_proj	4	=	7.2698
addsub-05-filter-integers	layers.16.mlp.up_proj	16	mlp.up_proj	0	<BOS>	1.0000
addsub-05-filter-integers	layers.16.mlp.up_proj	16	mlp.up_proj	1	a	3.0820
addsub-05-filter-integers	layers.16.mlp.up_proj	16	mlp.up_proj	2	op	3.1683
addsub-05-filter-integers	layers.16.mlp.up_proj	16	mlp.up_proj	3	b	4.1400
addsub-05-filter-integers	layers.16.mlp.up_proj	16	mlp.up_proj	4	=	6.3570
addsub-05-filter-integers	layers.16.self_attn.k_proj	16	self_attn.k_proj	0	<BOS>	1.0000
addsub-05-filter-integers	layers.16.self_attn.k_proj	16	self_attn.k_proj	1	a	0.9950
addsub-05-filter-integers	layers.16.self_attn.k_proj	16	self_attn.k_proj	2	op	1.0007
addsub-05-filter-integers	layers.16.self_attn.k_proj	16	self_attn.k_proj	3	b	1.5960
addsub-05-filter-integers	layers.16.self_attn.k_proj	16	self_attn.k_proj	4	=	1.0002
addsub-05-filter-integers	layers.16.self_attn.o_proj	16	self_attn.o_proj	0	<BOS>	1.0000
addsub-05-filter-integers	layers.16.self_attn.o_proj	16	self_attn.o_proj	1	a	1.2440
addsub-05-filter-integers	layers.16.self_attn.o_proj	16	self_attn.o_proj	2	op	3.8770
addsub-05-filter-integers	layers.16.self_attn.o_proj	16	self_attn.o_proj	3	b	3.1385
addsub-05-filter-integers	layers.16.self_attn.o_proj	16	self_attn.o_proj	4	=	11.2008
addsub-05-filter-integers	layers.16.self_attn.q_proj	16	self_attn.q_proj	0	<BOS>	0.0000
addsub-05-filter-integers	layers.16.self_attn.q_proj	16	self_attn.q_proj	1	a	1.0000
addsub-05-filter-integers	layers.16.self_attn.q_proj	16	self_attn.q_proj	2	op	1.7407
addsub-05-filter-integers	layers.16.self_attn.q_proj	16	self_attn.q_proj	3	b	1.2930
addsub-05-filter-integers	layers.16.self_attn.q_proj	16	self_attn.q_proj	4	=	1.9925
addsub-05-filter-integers	layers.16.self_attn.v_proj	16	self_attn.v_proj	0	<BOS>	1.0000
addsub-05-filter-integers	layers.16.self_attn.v_proj	16	self_attn.v_proj	1	a	7.8323
addsub-05-filter-integers	layers.16.self_attn.v_proj	16	self_attn.v_proj	2	op	2.0868
addsub-05-filter-integers	layers.16.self_attn.v_proj	16	self_attn.v_proj	3	b	2.2325
addsub-05-filter-integers	layers.16.self_attn.v_proj	16	self_attn.v_proj	4	=	1.0000
addsub-05-filter-integers	layers.17.mlp.down_proj	17	mlp.down_proj	0	<BOS>	2.0000
addsub-05-filter-integers	layers.17.mlp.down_proj	17	mlp.down_proj	1	a	4.0893
addsub-05-filter-integers	layers.17.mlp.down_proj	17	mlp.down_proj	2	op	3.1623
addsub-05-filter-integers	layers.17.mlp.down_proj	17	mlp.down_proj	3	b	5.5735
addsub-05-filter-integers	layers.17.mlp.down_proj	17	mlp.down_proj	4	=	8.3240
addsub-05-filter-integers	layers.17.mlp.gate_proj	17	mlp.gate_proj	0	<BOS>	2.0000
addsub-05-filter-integers	layers.17.mlp.gate_proj	17	mlp.gate_proj	1	a	3.8150
addsub-05-filter-integers	layers.17.mlp.gate_proj	17	mlp.gate_proj	2	op	3.3108
addsub-05-filter-integers	layers.17.mlp.gate_proj	17	mlp.gate_proj	3	b	4.4198
addsub-05-filter-integers	layers.17.mlp.gate_proj	17	mlp.gate_proj	4	=	5.2512
addsub-05-filter-integers	layers.17.mlp.up_proj	17	mlp.up_proj	0	<BOS>	1.0000
addsub-05-filter-integers	layers.17.mlp.up_proj	17	mlp.up_proj	1	a	2.5525
addsub-05-filter-integers	layers.17.mlp.up_proj	17	mlp.up_proj	2	op	2.9427
addsub-05-filter-integers	layers.17.mlp.up_proj	17	mlp.up_proj	3	b	3.3230
addsub-05-filter-integers	layers.17.mlp.up_proj	17	mlp.up_proj	4	=	6.9358
addsub-05-filter-integers	layers.17.self_attn.k_proj	17	self_attn.k_proj	0	<BOS>	1.0000
addsub-05-filter-integers	layers.17.self_attn.k_proj	17	self_attn.k_proj	1	a	1.0000
addsub-05-filter-integers	layers.17.self_attn.k_proj	17	self_attn.k_proj	2	op	0.9995
addsub-05-filter-integers	layers.17.self_attn.k_proj	17	self_attn.k_proj	3	b	0.9235
addsub-05-filter-integers	layers.17.self_attn.k_proj	17	self_attn.k_proj	4	=	0.0008
addsub-05-filter-integers	layers.17.self_attn.o_proj	17	self_attn.o_proj	0	<BOS>	1.0000
addsub-05-filter-integers	layers.17.self_attn.o_proj	17	self_attn.o_proj	1	a	1.0000
addsub-05-filter-integers	layers.17.self_attn.o_proj	17	self_attn.o_proj	2	op	1.0000
addsub-05-filter-integers	layers.17.self_attn.o_proj	17	self_attn.o_proj	3	b	2.7912
addsub-05-filter-integers	layers.17.self_attn.o_proj	17	self_attn.o_proj	4	=	1.0013
addsub-05-filter-integers	layers.17.self_attn.q_proj	17	self_attn.q_proj	0	<BOS>	0.0000
addsub-05-filter-integers	layers.17.self_attn.q_proj	17	self_attn.q_proj	1	a	1.0000
addsub-05-filter-integers	layers.17.self_attn.q_proj	17	self_attn.q_proj	2	op	1.0000
addsub-05-filter-integers	layers.17.self_attn.q_proj	17	self_attn.q_proj	3	b	1.9928
addsub-05-filter-integers	layers.17.self_attn.q_proj	17	self_attn.q_proj	4	=	1.0000
addsub-05-filter-integers	layers.17.self_attn.v_proj	17	self_attn.v_proj	0	<BOS>	2.0000
addsub-05-filter-integers	layers.17.self_attn.v_proj	17	self_attn.v_proj	1	a	1.0000
addsub-05-filter-integers	layers.17.self_attn.v_proj	17	self_attn.v_proj	2	op	2.2418
addsub-05-filter-integers	layers.17.self_attn.v_proj	17	self_attn.v_proj	3	b	1.6263
addsub-05-filter-integers	layers.17.self_attn.v_proj	17	self_attn.v_proj	4	=	0.2643
addsub-05-filter-integers	layers.18.mlp.down_proj	18	mlp.down_proj	0	<BOS>	1.0000
addsub-05-filter-integers	layers.18.mlp.down_proj	18	mlp.down_proj	1	a	4.1055
addsub-05-filter-integers	layers.18.mlp.down_proj	18	mlp.down_proj	2	op	4.7382
addsub-05-filter-integers	layers.18.mlp.down_proj	18	mlp.down_proj	3	b	4.1375
addsub-05-filter-integers	layers.18.mlp.down_proj	18	mlp.down_proj	4	=	13.9218
addsub-05-filter-integers	layers.18.mlp.gate_proj	18	mlp.gate_proj	0	<BOS>	2.0000
addsub-05-filter-integers	layers.18.mlp.gate_proj	18	mlp.gate_proj	1	a	3.2947
addsub-05-filter-integers	layers.18.mlp.gate_proj	18	mlp.gate_proj	2	op	4.0645
addsub-05-filter-integers	layers.18.mlp.gate_proj	18	mlp.gate_proj	3	b	4.1982
addsub-05-filter-integers	layers.18.mlp.gate_proj	18	mlp.gate_proj	4	=	11.7820
addsub-05-filter-integers	layers.18.mlp.up_proj	18	mlp.up_proj	0	<BOS>	1.0000
addsub-05-filter-integers	layers.18.mlp.up_proj	18	mlp.up_proj	1	a	3.1588
addsub-05-filter-integers	layers.18.mlp.up_proj	18	mlp.up_proj	2	op	3.1093
addsub-05-filter-integers	layers.18.mlp.up_proj	18	mlp.up_proj	3	b	3.2222
addsub-05-filter-integers	layers.18.mlp.up_proj	18	mlp.up_proj	4	=	12.4535
addsub-05-filter-integers	layers.18.self_attn.k_proj	18	self_attn.k_proj	0	<BOS>	1.0000
addsub-05-filter-integers	layers.18.self_attn.k_proj	18	self_attn.k_proj	1	a	1.0060
addsub-05-filter-integers	layers.18.self_attn.k_proj	18	self_attn.k_proj	2	op	1.3995
addsub-05-filter-integers	layers.18.self_attn.k_proj	18	self_attn.k_proj	3	b	1.0007
addsub-05-filter-integers	layers.18.self_attn.k_proj	18	self_attn.k_proj	4	=	0.6308
addsub-05-filter-integers	layers.18.self_attn.o_proj	18	self_attn.o_proj	0	<BOS>	0.0000
addsub-05-filter-integers	layers.18.self_attn.o_proj	18	self_attn.o_proj	1	a	1.0000
addsub-05-filter-integers	layers.18.self_attn.o_proj	18	self_attn.o_proj	2	op	4.3150
addsub-05-filter-integers	layers.18.self_attn.o_proj	18	self_attn.o_proj	3	b	1.0440
addsub-05-filter-integers	layers.18.self_attn.o_proj	18	self_attn.o_proj	4	=	4.8478
addsub-05-filter-integers	layers.18.self_attn.q_proj	18	self_attn.q_proj	0	<BOS>	0.0000
addsub-05-filter-integers	layers.18.self_attn.q_proj	18	self_attn.q_proj	1	a	1.0000
addsub-05-filter-integers	layers.18.self_attn.q_proj	18	self_attn.q_proj	2	op	1.5835
addsub-05-filter-integers	layers.18.self_attn.q_proj	18	self_attn.q_proj	3	b	1.0180
addsub-05-filter-integers	layers.18.self_attn.q_proj	18	self_attn.q_proj	4	=	2.0303
addsub-05-filter-integers	layers.18.self_attn.v_proj	18	self_attn.v_proj	0	<BOS>	1.0000
addsub-05-filter-integers	layers.18.self_attn.v_proj	18	self_attn.v_proj	1	a	3.9100
addsub-05-filter-integers	layers.18.self_attn.v_proj	18	self_attn.v_proj	2	op	1.1178
addsub-05-filter-integers	layers.18.self_attn.v_proj	18	self_attn.v_proj	3	b	2.9562
addsub-05-filter-integers	layers.18.self_attn.v_proj	18	self_attn.v_proj	4	=	0.0005
addsub-05-filter-integers	layers.19.mlp.down_proj	19	mlp.down_proj	0	<BOS>	2.0000
addsub-05-filter-integers	layers.19.mlp.down_proj	19	mlp.down_proj	1	a	4.4470
addsub-05-filter-integers	layers.19.mlp.down_proj	19	mlp.down_proj	2	op	4.3385
addsub-05-filter-integers	layers.19.mlp.down_proj	19	mlp.down_proj	3	b	4.3800
addsub-05-filter-integers	layers.19.mlp.down_proj	19	mlp.down_proj	4	=	7.9528
addsub-05-filter-integers	layers.19.mlp.gate_proj	19	mlp.gate_proj	0	<BOS>	1.0000
addsub-05-filter-integers	layers.19.mlp.gate_proj	19	mlp.gate_proj	1	a	2.9640
addsub-05-filter-integers	layers.19.mlp.gate_proj	19	mlp.gate_proj	2	op	3.0133
addsub-05-filter-integers	layers.19.mlp.gate_proj	19	mlp.gate_proj	3	b	3.1715
addsub-05-filter-integers	layers.19.mlp.gate_proj	19	mlp.gate_proj	4	=	6.0720
addsub-05-filter-integers	layers.19.mlp.up_proj	19	mlp.up_proj	0	<BOS>	1.0000
addsub-05-filter-integers	layers.19.mlp.up_proj	19	mlp.up_proj	1	a	2.4835
addsub-05-filter-integers	layers.19.mlp.up_proj	19	mlp.up_proj	2	op	3.1360
addsub-05-filter-integers	layers.19.mlp.up_proj	19	mlp.up_proj	3	b	2.7745
addsub-05-filter-integers	layers.19.mlp.up_proj	19	mlp.up_proj	4	=	6.0485
addsub-05-filter-integers	layers.19.self_attn.k_proj	19	self_attn.k_proj	0	<BOS>	2.0000
addsub-05-filter-integers	layers.19.self_attn.k_proj	19	self_attn.k_proj	1	a	1.0000
addsub-05-filter-integers	layers.19.self_attn.k_proj	19	self_attn.k_proj	2	op	1.0000
addsub-05-filter-integers	layers.19.self_attn.k_proj	19	self_attn.k_proj	3	b	0.9670
addsub-05-filter-integers	layers.19.self_attn.k_proj	19	self_attn.k_proj	4	=	0.0025
addsub-05-filter-integers	layers.19.self_attn.o_proj	19	self_attn.o_proj	0	<BOS>	1.0000
addsub-05-filter-integers	layers.19.self_attn.o_proj	19	self_attn.o_proj	1	a	1.0000
addsub-05-filter-integers	layers.19.self_attn.o_proj	19	self_attn.o_proj	2	op	1.0000
addsub-05-filter-integers	layers.19.self_attn.o_proj	19	self_attn.o_proj	3	b	1.0000
addsub-05-filter-integers	layers.19.self_attn.o_proj	19	self_attn.o_proj	4	=	1.0000
addsub-05-filter-integers	layers.19.self_attn.q_proj	19	self_attn.q_proj	0	<BOS>	0.0000
addsub-05-filter-integers	layers.19.self_attn.q_proj	19	self_attn.q_proj	1	a	1.0000
addsub-05-filter-integers	layers.19.self_attn.q_proj	19	self_attn.q_proj	2	op	1.0000
addsub-05-filter-integers	layers.19.self_attn.q_proj	19	self_attn.q_proj	3	b	1.0000
addsub-05-filter-integers	layers.19.self_attn.q_proj	19	self_attn.q_proj	4	=	1.0000
addsub-05-filter-integers	layers.19.self_attn.v_proj	19	self_attn.v_proj	0	<BOS>	1.0000
addsub-05-filter-integers	layers.19.self_attn.v_proj	19	self_attn.v_proj	1	a	1.0000
addsub-05-filter-integers	layers.19.self_attn.v_proj	19	self_attn.v_proj	2	op	0.9585
addsub-05-filter-integers	layers.19.self_attn.v_proj	19	self_attn.v_proj	3	b	0.1550
addsub-05-filter-integers	layers.19.self_attn.v_proj	19	self_attn.v_proj	4	=	0.0000
addsub-05-filter-integers	layers.2.mlp.down_proj	2	mlp.down_proj	0	<BOS>	0.5128
addsub-05-filter-integers	layers.2.mlp.down_proj	2	mlp.down_proj	1	a	4.4300
addsub-05-filter-integers	layers.2.mlp.down_proj	2	mlp.down_proj	2	op	3.9215
addsub-05-filter-integers	layers.2.mlp.down_proj	2	mlp.down_proj	3	b	7.0283
addsub-05-filter-integers	layers.2.mlp.down_proj	2	mlp.down_proj	4	=	2.0000
addsub-05-filter-integers	layers.2.mlp.gate_proj	2	mlp.gate_proj	0	<BOS>	0.2548
addsub-05-filter-integers	layers.2.mlp.gate_proj	2	mlp.gate_proj	1	a	3.2013
addsub-05-filter-integers	layers.2.mlp.gate_proj	2	mlp.gate_proj	2	op	3.4050
addsub-05-filter-integers	layers.2.mlp.gate_proj	2	mlp.gate_proj	3	b	4.5188
addsub-05-filter-integers	layers.2.mlp.gate_proj	2	mlp.gate_proj	4	=	1.9940
addsub-05-filter-integers	layers.2.mlp.up_proj	2	mlp.up_proj	0	<BOS>	0.7628
addsub-05-filter-integers	layers.2.mlp.up_proj	2	mlp.up_proj	1	a	3.5955
addsub-05-filter-integers	layers.2.mlp.up_proj	2	mlp.up_proj	2	op	3.0650
addsub-05-filter-integers	layers.2.mlp.up_proj	2	mlp.up_proj	3	b	5.2020
addsub-05-filter-integers	layers.2.mlp.up_proj	2	mlp.up_proj	4	=	1.0000
addsub-05-filter-integers	layers.2.self_attn.k_proj	2	self_attn.k_proj	0	<BOS>	3.0000
addsub-05-filter-integers	layers.2.self_attn.k_proj	2	self_attn.k_proj	1	a	2.0820
addsub-05-filter-integers	layers.2.self_attn.k_proj	2	self_attn.k_proj	2	op	3.0400
addsub-05-filter-integers	layers.2.self_attn.k_proj	2	self_attn.k_proj	3	b	1.0412
addsub-05-filter-integers	layers.2.self_attn.k_proj	2	self_attn.k_proj	4	=	1.0000
addsub-05-filter-integers	layers.2.self_attn.o_proj	2	self_attn.o_proj	0	<BOS>	0.0000
addsub-05-filter-integers	layers.2.self_attn.o_proj	2	self_attn.o_proj	1	a	1.0000
addsub-05-filter-integers	layers.2.self_attn.o_proj	2	self_attn.o_proj	2	op	2.0577
addsub-05-filter-integers	layers.2.self_attn.o_proj	2	self_attn.o_proj	3	b	4.1848
addsub-05-filter-integers	layers.2.self_attn.o_proj	2	self_attn.o_proj	4	=	3.5738
addsub-05-filter-integers	layers.2.self_attn.q_proj	2	self_attn.q_proj	0	<BOS>	0.0000
addsub-05-filter-integers	layers.2.self_attn.q_proj	2	self_attn.q_proj	1	a	1.0000
addsub-05-filter-integers	layers.2.self_attn.q_proj	2	self_attn.q_proj	2	op	2.0952
addsub-05-filter-integers	layers.2.self_attn.q_proj	2	self_attn.q_proj	3	b	4.4735
addsub-05-filter-integers	layers.2.self_attn.q_proj	2	self_attn.q_proj	4	=	3.0000
addsub-05-filter-integers	layers.2.self_attn.v_proj	2	self_attn.v_proj	0	<BOS>	2.0000
addsub-05-filter-integers	layers.2.self_attn.v_proj	2	self_attn.v_proj	1	a	2.0175
addsub-05-filter-integers	layers.2.self_attn.v_proj	2	self_attn.v_proj	2	op	4.2092
addsub-05-filter-integers	layers.2.self_attn.v_proj	2	self_attn.v_proj	3	b	0.8415
addsub-05-filter-integers	layers.2.self_attn.v_proj	2	self_attn.v_proj	4	=	1.0000
addsub-05-filter-integers	layers.20.mlp.down_proj	20	mlp.down_proj	0	<BOS>	0.5020
addsub-05-filter-integers	layers.20.mlp.down_proj	20	mlp.down_proj	1	a	4.2673
addsub-05-filter-integers	layers.20.mlp.down_proj	20	mlp.down_proj	2	op	4.0312
addsub-05-filter-integers	layers.20.mlp.down_proj	20	mlp.down_proj	3	b	4.2945
addsub-05-filter-integers	layers.20.mlp.down_proj	20	mlp.down_proj	4	=	8.7463
addsub-05-filter-integers	layers.20.mlp.gate_proj	20	mlp.gate_proj	0	<BOS>	1.4898
addsub-05-filter-integers	layers.20.mlp.gate_proj	20	mlp.gate_proj	1	a	3.4602
addsub-05-filter-integers	layers.20.mlp.gate_proj	20	mlp.gate_proj	2	op	3.7550
addsub-05-filter-integers	layers.20.mlp.gate_proj	20	mlp.gate_proj	3	b	3.6052
addsub-05-filter-integers	layers.20.mlp.gate_proj	20	mlp.gate_proj	4	=	4.9272
addsub-05-filter-integers	layers.20.mlp.up_proj	20	mlp.up_proj	0	<BOS>	0.9933
addsub-05-filter-integers	layers.20.mlp.up_proj	20	mlp.up_proj	1	a	3.0470
addsub-05-filter-integers	layers.20.mlp.up_proj	20	mlp.up_proj	2	op	3.4843
addsub-05-filter-integers	layers.20.mlp.up_proj	20	mlp.up_proj	3	b	3.1548
addsub-05-filter-integers	layers.20.mlp.up_proj	20	mlp.up_proj	4	=	7.2842
addsub-05-filter-integers	layers.20.self_attn.k_proj	20	self_attn.k_proj	0	<BOS>	1.0000
addsub-05-filter-integers	layers.20.self_attn.k_proj	20	self_attn.k_proj	1	a	1.0197
addsub-05-filter-integers	layers.20.self_attn.k_proj	20	self_attn.k_proj	2	op	1.1410
addsub-05-filter-integers	layers.20.self_attn.k_proj	20	self_attn.k_proj	3	b	1.0040
addsub-05-filter-integers	layers.20.self_attn.k_proj	20	self_attn.k_proj	4	=	0.0365
addsub-05-filter-integers	layers.20.self_attn.o_proj	20	self_attn.o_proj	0	<BOS>	0.0000
addsub-05-filter-integers	layers.20.self_attn.o_proj	20	self_attn.o_proj	1	a	0.9590
addsub-05-filter-integers	layers.20.self_attn.o_proj	20	self_attn.o_proj	2	op	1.0317
addsub-05-filter-integers	layers.20.self_attn.o_proj	20	self_attn.o_proj	3	b	0.9030
addsub-05-filter-integers	layers.20.self_attn.o_proj	20	self_attn.o_proj	4	=	1.0938
addsub-05-filter-integers	layers.20.self_attn.q_proj	20	self_attn.q_proj	0	<BOS>	0.0000
addsub-05-filter-integers	layers.20.self_attn.q_proj	20	self_attn.q_proj	1	a	1.0085
addsub-05-filter-integers	layers.20.self_attn.q_proj	20	self_attn.q_proj	2	op	1.1413
addsub-05-filter-integers	layers.20.self_attn.q_proj	20	self_attn.q_proj	3	b	1.5735
addsub-05-filter-integers	layers.20.self_attn.q_proj	20	self_attn.q_proj	4	=	1.4167
addsub-05-filter-integers	layers.20.self_attn.v_proj	20	self_attn.v_proj	0	<BOS>	1.0000
addsub-05-filter-integers	layers.20.self_attn.v_proj	20	self_attn.v_proj	1	a	1.5553
addsub-05-filter-integers	layers.20.self_attn.v_proj	20	self_attn.v_proj	2	op	0.9420
addsub-05-filter-integers	layers.20.self_attn.v_proj	20	self_attn.v_proj	3	b	1.0870
addsub-05-filter-integers	layers.20.self_attn.v_proj	20	self_attn.v_proj	4	=	0.0000
addsub-05-filter-integers	layers.21.mlp.down_proj	21	mlp.down_proj	0	<BOS>	1.0000
addsub-05-filter-integers	layers.21.mlp.down_proj	21	mlp.down_proj	1	a	4.1677
addsub-05-filter-integers	layers.21.mlp.down_proj	21	mlp.down_proj	2	op	4.1933
addsub-05-filter-integers	layers.21.mlp.down_proj	21	mlp.down_proj	3	b	5.1877
addsub-05-filter-integers	layers.21.mlp.down_proj	21	mlp.down_proj	4	=	7.3870
addsub-05-filter-integers	layers.21.mlp.gate_proj	21	mlp.gate_proj	0	<BOS>	2.0000
addsub-05-filter-integers	layers.21.mlp.gate_proj	21	mlp.gate_proj	1	a	3.0880
addsub-05-filter-integers	layers.21.mlp.gate_proj	21	mlp.gate_proj	2	op	2.8093
addsub-05-filter-integers	layers.21.mlp.gate_proj	21	mlp.gate_proj	3	b	4.0967
addsub-05-filter-integers	layers.21.mlp.gate_proj	21	mlp.gate_proj	4	=	5.7420
addsub-05-filter-integers	layers.21.mlp.up_proj	21	mlp.up_proj	0	<BOS>	2.0000
addsub-05-filter-integers	layers.21.mlp.up_proj	21	mlp.up_proj	1	a	2.4005
addsub-05-filter-integers	layers.21.mlp.up_proj	21	mlp.up_proj	2	op	3.1055
addsub-05-filter-integers	layers.21.mlp.up_proj	21	mlp.up_proj	3	b	2.8347
addsub-05-filter-integers	layers.21.mlp.up_proj	21	mlp.up_proj	4	=	6.2733
addsub-05-filter-integers	layers.21.self_attn.k_proj	21	self_attn.k_proj	0	<BOS>	1.0000
addsub-05-filter-integers	layers.21.self_attn.k_proj	21	self_attn.k_proj	1	a	1.0000
addsub-05-filter-integers	layers.21.self_attn.k_proj	21	self_attn.k_proj	2	op	1.0002
addsub-05-filter-integers	layers.21.self_attn.k_proj	21	self_attn.k_proj	3	b	0.7730
addsub-05-filter-integers	layers.21.self_attn.k_proj	21	self_attn.k_proj	4	=	0.0020
addsub-05-filter-integers	layers.21.self_attn.o_proj	21	self_attn.o_proj	0	<BOS>	1.0000
addsub-05-filter-integers	layers.21.self_attn.o_proj	21	self_attn.o_proj	1	a	1.0000
addsub-05-filter-integers	layers.21.self_attn.o_proj	21	self_attn.o_proj	2	op	1.5075
addsub-05-filter-integers	layers.21.self_attn.o_proj	21	self_attn.o_proj	3	b	1.3970
addsub-05-filter-integers	layers.21.self_attn.o_proj	21	self_attn.o_proj	4	=	1.0000
addsub-05-filter-integers	layers.21.self_attn.q_proj	21	self_attn.q_proj	0	<BOS>	0.0000
addsub-05-filter-integers	layers.21.self_attn.q_proj	21	self_attn.q_proj	1	a	1.0000
addsub-05-filter-integers	layers.21.self_attn.q_proj	21	self_attn.q_proj	2	op	1.0000
addsub-05-filter-integers	layers.21.self_attn.q_proj	21	self_attn.q_proj	3	b	1.3433
addsub-05-filter-integers	layers.21.self_attn.q_proj	21	self_attn.q_proj	4	=	1.0000
addsub-05-filter-integers	layers.21.self_attn.v_proj	21	self_attn.v_proj	0	<BOS>	1.0000
addsub-05-filter-integers	layers.21.self_attn.v_proj	21	self_attn.v_proj	1	a	1.0000
addsub-05-filter-integers	layers.21.self_attn.v_proj	21	self_attn.v_proj	2	op	1.0550
addsub-05-filter-integers	layers.21.self_attn.v_proj	21	self_attn.v_proj	3	b	0.4908
addsub-05-filter-integers	layers.21.self_attn.v_proj	21	self_attn.v_proj	4	=	0.2755
addsub-05-filter-integers	layers.22.mlp.down_proj	22	mlp.down_proj	0	<BOS>	1.0000
addsub-05-filter-integers	layers.22.mlp.down_proj	22	mlp.down_proj	1	a	3.9290
addsub-05-filter-integers	layers.22.mlp.down_proj	22	mlp.down_proj	2	op	3.6600
addsub-05-filter-integers	layers.22.mlp.down_proj	22	mlp.down_proj	3	b	4.6537
addsub-05-filter-integers	layers.22.mlp.down_proj	22	mlp.down_proj	4	=	5.6325
addsub-05-filter-integers	layers.22.mlp.gate_proj	22	mlp.gate_proj	0	<BOS>	2.0000
addsub-05-filter-integers	layers.22.mlp.gate_proj	22	mlp.gate_proj	1	a	2.2275
addsub-05-filter-integers	layers.22.mlp.gate_proj	22	mlp.gate_proj	2	op	2.8802
addsub-05-filter-integers	layers.22.mlp.gate_proj	22	mlp.gate_proj	3	b	2.8790
addsub-05-filter-integers	layers.22.mlp.gate_proj	22	mlp.gate_proj	4	=	3.7208
addsub-05-filter-integers	layers.22.mlp.up_proj	22	mlp.up_proj	0	<BOS>	1.0000
addsub-05-filter-integers	layers.22.mlp.up_proj	22	mlp.up_proj	1	a	2.2870
addsub-05-filter-integers	layers.22.mlp.up_proj	22	mlp.up_proj	2	op	3.2097
addsub-05-filter-integers	layers.22.mlp.up_proj	22	mlp.up_proj	3	b	3.0508
addsub-05-filter-integers	layers.22.mlp.up_proj	22	mlp.up_proj	4	=	4.9590
addsub-05-filter-integers	layers.22.self_attn.k_proj	22	self_attn.k_proj	0	<BOS>	1.0000
addsub-05-filter-integers	layers.22.self_attn.k_proj	22	self_attn.k_proj	1	a	1.1003
addsub-05-filter-integers	layers.22.self_attn.k_proj	22	self_attn.k_proj	2	op	1.0355
addsub-05-filter-integers	layers.22.self_attn.k_proj	22	self_attn.k_proj	3	b	0.7837
addsub-05-filter-integers	layers.22.self_attn.k_proj	22	self_attn.k_proj	4	=	0.0012
addsub-05-filter-integers	layers.22.self_attn.o_proj	22	self_attn.o_proj	0	<BOS>	0.0000
addsub-05-filter-integers	layers.22.self_attn.o_proj	22	self_attn.o_proj	1	a	0.1103
addsub-05-filter-integers	layers.22.self_attn.o_proj	22	self_attn.o_proj	2	op	2.0942
addsub-05-filter-integers	layers.22.self_attn.o_proj	22	self_attn.o_proj	3	b	1.3433
addsub-05-filter-integers	layers.22.self_attn.o_proj	22	self_attn.o_proj	4	=	0.7595
addsub-05-filter-integers	layers.22.self_attn.q_proj	22	self_attn.q_proj	0	<BOS>	0.0000
addsub-05-filter-integers	layers.22.self_attn.q_proj	22	self_attn.q_proj	1	a	1.0000
addsub-05-filter-integers	layers.22.self_attn.q_proj	22	self_attn.q_proj	2	op	1.4082
addsub-05-filter-integers	layers.22.self_attn.q_proj	22	self_attn.q_proj	3	b	1.5258
addsub-05-filter-integers	layers.22.self_attn.q_proj	22	self_attn.q_proj	4	=	1.4005
addsub-05-filter-integers	layers.22.self_attn.v_proj	22	self_attn.v_proj	0	<BOS>	1.0000
addsub-05-filter-integers	layers.22.self_attn.v_proj	22	self_attn.v_proj	1	a	2.7127
addsub-05-filter-integers	layers.22.self_attn.v_proj	22	self_attn.v_proj	2	op	1.1360
addsub-05-filter-integers	layers.22.self_attn.v_proj	22	self_attn.v_proj	3	b	0.7810
addsub-05-filter-integers	layers.22.self_attn.v_proj	22	self_attn.v_proj	4	=	0.0000
addsub-05-filter-integers	layers.23.mlp.down_proj	23	mlp.down_proj	0	<BOS>	0.7420
addsub-05-filter-integers	layers.23.mlp.down_proj	23	mlp.down_proj	1	a	4.2410
addsub-05-filter-integers	layers.23.mlp.down_proj	23	mlp.down_proj	2	op	4.4390
addsub-05-filter-integers	layers.23.mlp.down_proj	23	mlp.down_proj	3	b	4.2723
addsub-05-filter-integers	layers.23.mlp.down_proj	23	mlp.down_proj	4	=	5.7537
addsub-05-filter-integers	layers.23.mlp.gate_proj	23	mlp.gate_proj	0	<BOS>	1.4457
addsub-05-filter-integers	layers.23.mlp.gate_proj	23	mlp.gate_proj	1	a	2.8247
addsub-05-filter-integers	layers.23.mlp.gate_proj	23	mlp.gate_proj	2	op	3.3832
addsub-05-filter-integers	layers.23.mlp.gate_proj	23	mlp.gate_proj	3	b	3.0855
addsub-05-filter-integers	layers.23.mlp.gate_proj	23	mlp.gate_proj	4	=	5.3273
addsub-05-filter-integers	layers.23.mlp.up_proj	23	mlp.up_proj	0	<BOS>	1.4403
addsub-05-filter-integers	layers.23.mlp.up_proj	23	mlp.up_proj	1	a	2.4940
addsub-05-filter-integers	layers.23.mlp.up_proj	23	mlp.up_proj	2	op	3.2135
addsub-05-filter-integers	layers.23.mlp.up_proj	23	mlp.up_proj	3	b	3.0698
addsub-05-filter-integers	layers.23.mlp.up_proj	23	mlp.up_proj	4	=	5.6030
addsub-05-filter-integers	layers.23.self_attn.k_proj	23	self_attn.k_proj	0	<BOS>	1.0000
addsub-05-filter-integers	layers.23.self_attn.k_proj	23	self_attn.k_proj	1	a	1.0647
addsub-05-filter-integers	layers.23.self_attn.k_proj	23	self_attn.k_proj	2	op	0.4437
addsub-05-filter-integers	layers.23.self_attn.k_proj	23	self_attn.k_proj	3	b	0.4083
addsub-05-filter-integers	layers.23.self_attn.k_proj	23	self_attn.k_proj	4	=	0.0005
addsub-05-filter-integers	layers.23.self_attn.o_proj	23	self_attn.o_proj	0	<BOS>	0.0000
addsub-05-filter-integers	layers.23.self_attn.o_proj	23	self_attn.o_proj	1	a	0.0393
addsub-05-filter-integers	layers.23.self_attn.o_proj	23	self_attn.o_proj	2	op	0.5652
addsub-05-filter-integers	layers.23.self_attn.o_proj	23	self_attn.o_proj	3	b	0.4868
addsub-05-filter-integers	layers.23.self_attn.o_proj	23	self_attn.o_proj	4	=	1.2320
addsub-05-filter-integers	layers.23.self_attn.q_proj	23	self_attn.q_proj	0	<BOS>	0.0000
addsub-05-filter-integers	layers.23.self_attn.q_proj	23	self_attn.q_proj	1	a	1.0000
addsub-05-filter-integers	layers.23.self_attn.q_proj	23	self_attn.q_proj	2	op	1.0650
addsub-05-filter-integers	layers.23.self_attn.q_proj	23	self_attn.q_proj	3	b	1.0000
addsub-05-filter-integers	layers.23.self_attn.q_proj	23	self_attn.q_proj	4	=	1.0000
addsub-05-filter-integers	layers.23.self_attn.v_proj	23	self_attn.v_proj	0	<BOS>	1.0000
addsub-05-filter-integers	layers.23.self_attn.v_proj	23	self_attn.v_proj	1	a	1.4362
addsub-05-filter-integers	layers.23.self_attn.v_proj	23	self_attn.v_proj	2	op	0.8673
addsub-05-filter-integers	layers.23.self_attn.v_proj	23	self_attn.v_proj	3	b	0.4815
addsub-05-filter-integers	layers.23.self_attn.v_proj	23	self_attn.v_proj	4	=	0.0000
addsub-05-filter-integers	layers.24.mlp.down_proj	24	mlp.down_proj	0	<BOS>	1.0000
addsub-05-filter-integers	layers.24.mlp.down_proj	24	mlp.down_proj	1	a	3.5268
addsub-05-filter-integers	layers.24.mlp.down_proj	24	mlp.down_proj	2	op	3.6063
addsub-05-filter-integers	layers.24.mlp.down_proj	24	mlp.down_proj	3	b	4.7578
addsub-05-filter-integers	layers.24.mlp.down_proj	24	mlp.down_proj	4	=	6.0895
addsub-05-filter-integers	layers.24.mlp.gate_proj	24	mlp.gate_proj	0	<BOS>	2.0000
addsub-05-filter-integers	layers.24.mlp.gate_proj	24	mlp.gate_proj	1	a	2.9035
addsub-05-filter-integers	layers.24.mlp.gate_proj	24	mlp.gate_proj	2	op	3.0825
addsub-05-filter-integers	layers.24.mlp.gate_proj	24	mlp.gate_proj	3	b	2.9020
addsub-05-filter-integers	layers.24.mlp.gate_proj	24	mlp.gate_proj	4	=	6.4020
addsub-05-filter-integers	layers.24.mlp.up_proj	24	mlp.up_proj	0	<BOS>	2.0000
addsub-05-filter-integers	layers.24.mlp.up_proj	24	mlp.up_proj	1	a	2.1957
addsub-05-filter-integers	layers.24.mlp.up_proj	24	mlp.up_proj	2	op	2.8405
addsub-05-filter-integers	layers.24.mlp.up_proj	24	mlp.up_proj	3	b	3.3610
addsub-05-filter-integers	layers.24.mlp.up_proj	24	mlp.up_proj	4	=	5.4187
addsub-05-filter-integers	layers.24.self_attn.k_proj	24	self_attn.k_proj	0	<BOS>	1.0000
addsub-05-filter-integers	layers.24.self_attn.k_proj	24	self_attn.k_proj	1	a	1.0000
addsub-05-filter-integers	layers.24.self_attn.k_proj	24	self_attn.k_proj	2	op	0.9940
addsub-05-filter-integers	layers.24.self_attn.k_proj	24	self_attn.k_proj	3	b	0.1220
addsub-05-filter-integers	layers.24.self_attn.k_proj	24	self_attn.k_proj	4	=	0.0005
addsub-05-filter-integers	layers.24.self_attn.o_proj	24	self_attn.o_proj	0	<BOS>	0.0000
addsub-05-filter-integers	layers.24.self_attn.o_proj	24	self_attn.o_proj	1	a	0.9778
addsub-05-filter-integers	layers.24.self_attn.o_proj	24	self_attn.o_proj	2	op	0.6683
addsub-05-filter-integers	layers.24.self_attn.o_proj	24	self_attn.o_proj	3	b	1.2867
addsub-05-filter-integers	layers.24.self_attn.o_proj	24	self_attn.o_proj	4	=	0.7785
addsub-05-filter-integers	layers.24.self_attn.q_proj	24	self_attn.q_proj	0	<BOS>	0.0000
addsub-05-filter-integers	layers.24.self_attn.q_proj	24	self_attn.q_proj	1	a	1.0000
addsub-05-filter-integers	layers.24.self_attn.q_proj	24	self_attn.q_proj	2	op	1.4940
addsub-05-filter-integers	layers.24.self_attn.q_proj	24	self_attn.q_proj	3	b	1.2878
addsub-05-filter-integers	layers.24.self_attn.q_proj	24	self_attn.q_proj	4	=	1.0000
addsub-05-filter-integers	layers.24.self_attn.v_proj	24	self_attn.v_proj	0	<BOS>	1.0000
addsub-05-filter-integers	layers.24.self_attn.v_proj	24	self_attn.v_proj	1	a	1.0580
addsub-05-filter-integers	layers.24.self_attn.v_proj	24	self_attn.v_proj	2	op	1.0807
addsub-05-filter-integers	layers.24.self_attn.v_proj	24	self_attn.v_proj	3	b	0.0022
addsub-05-filter-integers	layers.24.self_attn.v_proj	24	self_attn.v_proj	4	=	0.0000
addsub-05-filter-integers	layers.25.mlp.down_proj	25	mlp.down_proj	0	<BOS>	1.0000
addsub-05-filter-integers	layers.25.mlp.down_proj	25	mlp.down_proj	1	a	2.9095
addsub-05-filter-integers	layers.25.mlp.down_proj	25	mlp.down_proj	2	op	2.7880
addsub-05-filter-integers	layers.25.mlp.down_proj	25	mlp.down_proj	3	b	4.4920
addsub-05-filter-integers	layers.25.mlp.down_proj	25	mlp.down_proj	4	=	4.7125
addsub-05-filter-integers	layers.25.mlp.gate_proj	25	mlp.gate_proj	0	<BOS>	2.0000
addsub-05-filter-integers	layers.25.mlp.gate_proj	25	mlp.gate_proj	1	a	2.3315
addsub-05-filter-integers	layers.25.mlp.gate_proj	25	mlp.gate_proj	2	op	2.2485
addsub-05-filter-integers	layers.25.mlp.gate_proj	25	mlp.gate_proj	3	b	4.4342
addsub-05-filter-integers	layers.25.mlp.gate_proj	25	mlp.gate_proj	4	=	5.0685
addsub-05-filter-integers	layers.25.mlp.up_proj	25	mlp.up_proj	0	<BOS>	2.0000
addsub-05-filter-integers	layers.25.mlp.up_proj	25	mlp.up_proj	1	a	2.0747
addsub-05-filter-integers	layers.25.mlp.up_proj	25	mlp.up_proj	2	op	2.9077
addsub-05-filter-integers	layers.25.mlp.up_proj	25	mlp.up_proj	3	b	2.6645
addsub-05-filter-integers	layers.25.mlp.up_proj	25	mlp.up_proj	4	=	4.4640
addsub-05-filter-integers	layers.25.self_attn.k_proj	25	self_attn.k_proj	0	<BOS>	1.0000
addsub-05-filter-integers	layers.25.self_attn.k_proj	25	self_attn.k_proj	1	a	1.0000
addsub-05-filter-integers	layers.25.self_attn.k_proj	25	self_attn.k_proj	2	op	1.2180
addsub-05-filter-integers	layers.25.self_attn.k_proj	25	self_attn.k_proj	3	b	0.9178
addsub-05-filter-integers	layers.25.self_attn.k_proj	25	self_attn.k_proj	4	=	0.0010
addsub-05-filter-integers	layers.25.self_attn.o_proj	25	self_attn.o_proj	0	<BOS>	0.0000
addsub-05-filter-integers	layers.25.self_attn.o_proj	25	self_attn.o_proj	1	a	1.0000
addsub-05-filter-integers	layers.25.self_attn.o_proj	25	self_attn.o_proj	2	op	1.4208
addsub-05-filter-integers	layers.25.self_attn.o_proj	25	self_attn.o_proj	3	b	1.8090
addsub-05-filter-integers	layers.25.self_attn.o_proj	25	self_attn.o_proj	4	=	1.0000
addsub-05-filter-integers	layers.25.self_attn.q_proj	25	self_attn.q_proj	0	<BOS>	0.0000
addsub-05-filter-integers	layers.25.self_attn.q_proj	25	self_attn.q_proj	1	a	1.0000
addsub-05-filter-integers	layers.25.self_attn.q_proj	25	self_attn.q_proj	2	op	1.4375
addsub-05-filter-integers	layers.25.self_attn.q_proj	25	self_attn.q_proj	3	b	1.4447
addsub-05-filter-integers	layers.25.self_attn.q_proj	25	self_attn.q_proj	4	=	1.0000
addsub-05-filter-integers	layers.25.self_attn.v_proj	25	self_attn.v_proj	0	<BOS>	1.0000
addsub-05-filter-integers	layers.25.self_attn.v_proj	25	self_attn.v_proj	1	a	1.0000
addsub-05-filter-integers	layers.25.self_attn.v_proj	25	self_attn.v_proj	2	op	1.2015
addsub-05-filter-integers	layers.25.self_attn.v_proj	25	self_attn.v_proj	3	b	1.0915
addsub-05-filter-integers	layers.25.self_attn.v_proj	25	self_attn.v_proj	4	=	0.0000
addsub-05-filter-integers	layers.26.mlp.down_proj	26	mlp.down_proj	0	<BOS>	1.0000
addsub-05-filter-integers	layers.26.mlp.down_proj	26	mlp.down_proj	1	a	3.6788
addsub-05-filter-integers	layers.26.mlp.down_proj	26	mlp.down_proj	2	op	3.2475
addsub-05-filter-integers	layers.26.mlp.down_proj	26	mlp.down_proj	3	b	4.4905
addsub-05-filter-integers	layers.26.mlp.down_proj	26	mlp.down_proj	4	=	5.4268
addsub-05-filter-integers	layers.26.mlp.gate_proj	26	mlp.gate_proj	0	<BOS>	2.0000
addsub-05-filter-integers	layers.26.mlp.gate_proj	26	mlp.gate_proj	1	a	2.8417
addsub-05-filter-integers	layers.26.mlp.gate_proj	26	mlp.gate_proj	2	op	2.5800
addsub-05-filter-integers	layers.26.mlp.gate_proj	26	mlp.gate_proj	3	b	3.4055
addsub-05-filter-integers	layers.26.mlp.gate_proj	26	mlp.gate_proj	4	=	4.7185
addsub-05-filter-integers	layers.26.mlp.up_proj	26	mlp.up_proj	0	<BOS>	2.0000
addsub-05-filter-integers	layers.26.mlp.up_proj	26	mlp.up_proj	1	a	2.1923
addsub-05-filter-integers	layers.26.mlp.up_proj	26	mlp.up_proj	2	op	3.1793
addsub-05-filter-integers	layers.26.mlp.up_proj	26	mlp.up_proj	3	b	2.6555
addsub-05-filter-integers	layers.26.mlp.up_proj	26	mlp.up_proj	4	=	4.8220
addsub-05-filter-integers	layers.26.self_attn.k_proj	26	self_attn.k_proj	0	<BOS>	2.0000
addsub-05-filter-integers	layers.26.self_attn.k_proj	26	self_attn.k_proj	1	a	1.0000
addsub-05-filter-integers	layers.26.self_attn.k_proj	26	self_attn.k_proj	2	op	0.0288
addsub-05-filter-integers	layers.26.self_attn.k_proj	26	self_attn.k_proj	3	b	0.0217
addsub-05-filter-integers	layers.26.self_attn.k_proj	26	self_attn.k_proj	4	=	0.0000
addsub-05-filter-integers	layers.26.self_attn.o_proj	26	self_attn.o_proj	0	<BOS>	0.0000
addsub-05-filter-integers	layers.26.self_attn.o_proj	26	self_attn.o_proj	1	a	1.0000
addsub-05-filter-integers	layers.26.self_attn.o_proj	26	self_attn.o_proj	2	op	1.0000
addsub-05-filter-integers	layers.26.self_attn.o_proj	26	self_attn.o_proj	3	b	1.0000
addsub-05-filter-integers	layers.26.self_attn.o_proj	26	self_attn.o_proj	4	=	1.0297
addsub-05-filter-integers	layers.26.self_attn.q_proj	26	self_attn.q_proj	0	<BOS>	0.0000
addsub-05-filter-integers	layers.26.self_attn.q_proj	26	self_attn.q_proj	1	a	1.0000
addsub-05-filter-integers	layers.26.self_attn.q_proj	26	self_attn.q_proj	2	op	1.0000
addsub-05-filter-integers	layers.26.self_attn.q_proj	26	self_attn.q_proj	3	b	1.0000
addsub-05-filter-integers	layers.26.self_attn.q_proj	26	self_attn.q_proj	4	=	1.0000
addsub-05-filter-integers	layers.26.self_attn.v_proj	26	self_attn.v_proj	0	<BOS>	1.0000
addsub-05-filter-integers	layers.26.self_attn.v_proj	26	self_attn.v_proj	1	a	1.0000
addsub-05-filter-integers	layers.26.self_attn.v_proj	26	self_attn.v_proj	2	op	0.4530
addsub-05-filter-integers	layers.26.self_attn.v_proj	26	self_attn.v_proj	3	b	0.0003
addsub-05-filter-integers	layers.26.self_attn.v_proj	26	self_attn.v_proj	4	=	0.0000
addsub-05-filter-integers	layers.27.mlp.down_proj	27	mlp.down_proj	0	<BOS>	1.0000
addsub-05-filter-integers	layers.27.mlp.down_proj	27	mlp.down_proj	1	a	3.5343
addsub-05-filter-integers	layers.27.mlp.down_proj	27	mlp.down_proj	2	op	3.8948
addsub-05-filter-integers	layers.27.mlp.down_proj	27	mlp.down_proj	3	b	4.2485
addsub-05-filter-integers	layers.27.mlp.down_proj	27	mlp.down_proj	4	=	5.4823
addsub-05-filter-integers	layers.27.mlp.gate_proj	27	mlp.gate_proj	0	<BOS>	2.0000
addsub-05-filter-integers	layers.27.mlp.gate_proj	27	mlp.gate_proj	1	a	2.3633
addsub-05-filter-integers	layers.27.mlp.gate_proj	27	mlp.gate_proj	2	op	3.0138
addsub-05-filter-integers	layers.27.mlp.gate_proj	27	mlp.gate_proj	3	b	3.2283
addsub-05-filter-integers	layers.27.mlp.gate_proj	27	mlp.gate_proj	4	=	4.0300
addsub-05-filter-integers	layers.27.mlp.up_proj	27	mlp.up_proj	0	<BOS>	2.0000
addsub-05-filter-integers	layers.27.mlp.up_proj	27	mlp.up_proj	1	a	2.0585
addsub-05-filter-integers	layers.27.mlp.up_proj	27	mlp.up_proj	2	op	2.9218
addsub-05-filter-integers	layers.27.mlp.up_proj	27	mlp.up_proj	3	b	2.9313
addsub-05-filter-integers	layers.27.mlp.up_proj	27	mlp.up_proj	4	=	4.8855
addsub-05-filter-integers	layers.27.self_attn.k_proj	27	self_attn.k_proj	0	<BOS>	1.0000
addsub-05-filter-integers	layers.27.self_attn.k_proj	27	self_attn.k_proj	1	a	1.0000
addsub-05-filter-integers	layers.27.self_attn.k_proj	27	self_attn.k_proj	2	op	0.9920
addsub-05-filter-integers	layers.27.self_attn.k_proj	27	self_attn.k_proj	3	b	0.8365
addsub-05-filter-integers	layers.27.self_attn.k_proj	27	self_attn.k_proj	4	=	0.0003
addsub-05-filter-integers	layers.27.self_attn.o_proj	27	self_attn.o_proj	0	<BOS>	0.0000
addsub-05-filter-integers	layers.27.self_attn.o_proj	27	self_attn.o_proj	1	a	1.0000
addsub-05-filter-integers	layers.27.self_attn.o_proj	27	self_attn.o_proj	2	op	1.5125
addsub-05-filter-integers	layers.27.self_attn.o_proj	27	self_attn.o_proj	3	b	0.9980
addsub-05-filter-integers	layers.27.self_attn.o_proj	27	self_attn.o_proj	4	=	1.0005
addsub-05-filter-integers	layers.27.self_attn.q_proj	27	self_attn.q_proj	0	<BOS>	0.0000
addsub-05-filter-integers	layers.27.self_attn.q_proj	27	self_attn.q_proj	1	a	1.0000
addsub-05-filter-integers	layers.27.self_attn.q_proj	27	self_attn.q_proj	2	op	1.5030
addsub-05-filter-integers	layers.27.self_attn.q_proj	27	self_attn.q_proj	3	b	1.0000
addsub-05-filter-integers	layers.27.self_attn.q_proj	27	self_attn.q_proj	4	=	1.0000
addsub-05-filter-integers	layers.27.self_attn.v_proj	27	self_attn.v_proj	0	<BOS>	1.0000
addsub-05-filter-integers	layers.27.self_attn.v_proj	27	self_attn.v_proj	1	a	1.0612
addsub-05-filter-integers	layers.27.self_attn.v_proj	27	self_attn.v_proj	2	op	0.9707
addsub-05-filter-integers	layers.27.self_attn.v_proj	27	self_attn.v_proj	3	b	1.2962
addsub-05-filter-integers	layers.27.self_attn.v_proj	27	self_attn.v_proj	4	=	0.3080
addsub-05-filter-integers	layers.28.mlp.down_proj	28	mlp.down_proj	0	<BOS>	1.0000
addsub-05-filter-integers	layers.28.mlp.down_proj	28	mlp.down_proj	1	a	2.2863
addsub-05-filter-integers	layers.28.mlp.down_proj	28	mlp.down_proj	2	op	5.1797
addsub-05-filter-integers	layers.28.mlp.down_proj	28	mlp.down_proj	3	b	4.9825
addsub-05-filter-integers	layers.28.mlp.down_proj	28	mlp.down_proj	4	=	7.4190
addsub-05-filter-integers	layers.28.mlp.gate_proj	28	mlp.gate_proj	0	<BOS>	2.0000
addsub-05-filter-integers	layers.28.mlp.gate_proj	28	mlp.gate_proj	1	a	2.9210
addsub-05-filter-integers	layers.28.mlp.gate_proj	28	mlp.gate_proj	2	op	3.4755
addsub-05-filter-integers	layers.28.mlp.gate_proj	28	mlp.gate_proj	3	b	3.9620
addsub-05-filter-integers	layers.28.mlp.gate_proj	28	mlp.gate_proj	4	=	6.4495
addsub-05-filter-integers	layers.28.mlp.up_proj	28	mlp.up_proj	0	<BOS>	2.0000
addsub-05-filter-integers	layers.28.mlp.up_proj	28	mlp.up_proj	1	a	1.6320
addsub-05-filter-integers	layers.28.mlp.up_proj	28	mlp.up_proj	2	op	3.1542
addsub-05-filter-integers	layers.28.mlp.up_proj	28	mlp.up_proj	3	b	3.3260
addsub-05-filter-integers	layers.28.mlp.up_proj	28	mlp.up_proj	4	=	5.2945
addsub-05-filter-integers	layers.28.self_attn.k_proj	28	self_attn.k_proj	0	<BOS>	2.0000
addsub-05-filter-integers	layers.28.self_attn.k_proj	28	self_attn.k_proj	1	a	1.0000
addsub-05-filter-integers	layers.28.self_attn.k_proj	28	self_attn.k_proj	2	op	1.0000
addsub-05-filter-integers	layers.28.self_attn.k_proj	28	self_attn.k_proj	3	b	1.0000
addsub-05-filter-integers	layers.28.self_attn.k_proj	28	self_attn.k_proj	4	=	0.9998
addsub-05-filter-integers	layers.28.self_attn.o_proj	28	self_attn.o_proj	0	<BOS>	1.0000
addsub-05-filter-integers	layers.28.self_attn.o_proj	28	self_attn.o_proj	1	a	1.0000
addsub-05-filter-integers	layers.28.self_attn.o_proj	28	self_attn.o_proj	2	op	1.4960
addsub-05-filter-integers	layers.28.self_attn.o_proj	28	self_attn.o_proj	3	b	1.3303
addsub-05-filter-integers	layers.28.self_attn.o_proj	28	self_attn.o_proj	4	=	1.0000
addsub-05-filter-integers	layers.28.self_attn.q_proj	28	self_attn.q_proj	0	<BOS>	0.0000
addsub-05-filter-integers	layers.28.self_attn.q_proj	28	self_attn.q_proj	1	a	1.0000
addsub-05-filter-integers	layers.28.self_attn.q_proj	28	self_attn.q_proj	2	op	1.6148
addsub-05-filter-integers	layers.28.self_attn.q_proj	28	self_attn.q_proj	3	b	1.0002
addsub-05-filter-integers	layers.28.self_attn.q_proj	28	self_attn.q_proj	4	=	1.0000
addsub-05-filter-integers	layers.28.self_attn.v_proj	28	self_attn.v_proj	0	<BOS>	1.0000
addsub-05-filter-integers	layers.28.self_attn.v_proj	28	self_attn.v_proj	1	a	1.0000
addsub-05-filter-integers	layers.28.self_attn.v_proj	28	self_attn.v_proj	2	op	0.9955
addsub-05-filter-integers	layers.28.self_attn.v_proj	28	self_attn.v_proj	3	b	0.8882
addsub-05-filter-integers	layers.28.self_attn.v_proj	28	self_attn.v_proj	4	=	0.0008
addsub-05-filter-integers	layers.29.mlp.down_proj	29	mlp.down_proj	0	<BOS>	3.0000
addsub-05-filter-integers	layers.29.mlp.down_proj	29	mlp.down_proj	1	a	3.7108
addsub-05-filter-integers	layers.29.mlp.down_proj	29	mlp.down_proj	2	op	5.5188
addsub-05-filter-integers	layers.29.mlp.down_proj	29	mlp.down_proj	3	b	6.2385
addsub-05-filter-integers	layers.29.mlp.down_proj	29	mlp.down_proj	4	=	8.4250
addsub-05-filter-integers	layers.29.mlp.gate_proj	29	mlp.gate_proj	0	<BOS>	4.0000
addsub-05-filter-integers	layers.29.mlp.gate_proj	29	mlp.gate_proj	1	a	3.5563
addsub-05-filter-integers	layers.29.mlp.gate_proj	29	mlp.gate_proj	2	op	4.4225
addsub-05-filter-integers	layers.29.mlp.gate_proj	29	mlp.gate_proj	3	b	4.6797
addsub-05-filter-integers	layers.29.mlp.gate_proj	29	mlp.gate_proj	4	=	9.3380
addsub-05-filter-integers	layers.29.mlp.up_proj	29	mlp.up_proj	0	<BOS>	9.0000
addsub-05-filter-integers	layers.29.mlp.up_proj	29	mlp.up_proj	1	a	2.9648
addsub-05-filter-integers	layers.29.mlp.up_proj	29	mlp.up_proj	2	op	2.8645
addsub-05-filter-integers	layers.29.mlp.up_proj	29	mlp.up_proj	3	b	2.5133
addsub-05-filter-integers	layers.29.mlp.up_proj	29	mlp.up_proj	4	=	6.7733
addsub-05-filter-integers	layers.29.self_attn.k_proj	29	self_attn.k_proj	0	<BOS>	1.0000
addsub-05-filter-integers	layers.29.self_attn.k_proj	29	self_attn.k_proj	1	a	1.0000
addsub-05-filter-integers	layers.29.self_attn.k_proj	29	self_attn.k_proj	2	op	1.0000
addsub-05-filter-integers	layers.29.self_attn.k_proj	29	self_attn.k_proj	3	b	1.0000
addsub-05-filter-integers	layers.29.self_attn.k_proj	29	self_attn.k_proj	4	=	1.0000
addsub-05-filter-integers	layers.29.self_attn.o_proj	29	self_attn.o_proj	0	<BOS>	1.0000
addsub-05-filter-integers	layers.29.self_attn.o_proj	29	self_attn.o_proj	1	a	1.0000
addsub-05-filter-integers	layers.29.self_attn.o_proj	29	self_attn.o_proj	2	op	1.0000
addsub-05-filter-integers	layers.29.self_attn.o_proj	29	self_attn.o_proj	3	b	1.0007
addsub-05-filter-integers	layers.29.self_attn.o_proj	29	self_attn.o_proj	4	=	1.0002
addsub-05-filter-integers	layers.29.self_attn.q_proj	29	self_attn.q_proj	0	<BOS>	0.0000
addsub-05-filter-integers	layers.29.self_attn.q_proj	29	self_attn.q_proj	1	a	1.0000
addsub-05-filter-integers	layers.29.self_attn.q_proj	29	self_attn.q_proj	2	op	1.0000
addsub-05-filter-integers	layers.29.self_attn.q_proj	29	self_attn.q_proj	3	b	1.0000
addsub-05-filter-integers	layers.29.self_attn.q_proj	29	self_attn.q_proj	4	=	1.0000
addsub-05-filter-integers	layers.29.self_attn.v_proj	29	self_attn.v_proj	0	<BOS>	3.0000
addsub-05-filter-integers	layers.29.self_attn.v_proj	29	self_attn.v_proj	1	a	1.0000
addsub-05-filter-integers	layers.29.self_attn.v_proj	29	self_attn.v_proj	2	op	1.0052
addsub-05-filter-integers	layers.29.self_attn.v_proj	29	self_attn.v_proj	3	b	1.4267
addsub-05-filter-integers	layers.29.self_attn.v_proj	29	self_attn.v_proj	4	=	0.9995
addsub-05-filter-integers	layers.3.mlp.down_proj	3	mlp.down_proj	0	<BOS>	1.0000
addsub-05-filter-integers	layers.3.mlp.down_proj	3	mlp.down_proj	1	a	5.3920
addsub-05-filter-integers	layers.3.mlp.down_proj	3	mlp.down_proj	2	op	4.0920
addsub-05-filter-integers	layers.3.mlp.down_proj	3	mlp.down_proj	3	b	8.3680
addsub-05-filter-integers	layers.3.mlp.down_proj	3	mlp.down_proj	4	=	1.5033
addsub-05-filter-integers	layers.3.mlp.gate_proj	3	mlp.gate_proj	0	<BOS>	1.0000
addsub-05-filter-integers	layers.3.mlp.gate_proj	3	mlp.gate_proj	1	a	6.0995
addsub-05-filter-integers	layers.3.mlp.gate_proj	3	mlp.gate_proj	2	op	2.4948
addsub-05-filter-integers	layers.3.mlp.gate_proj	3	mlp.gate_proj	3	b	6.5800
addsub-05-filter-integers	layers.3.mlp.gate_proj	3	mlp.gate_proj	4	=	2.4970
addsub-05-filter-integers	layers.3.mlp.up_proj	3	mlp.up_proj	0	<BOS>	1.0000
addsub-05-filter-integers	layers.3.mlp.up_proj	3	mlp.up_proj	1	a	3.7318
addsub-05-filter-integers	layers.3.mlp.up_proj	3	mlp.up_proj	2	op	3.3782
addsub-05-filter-integers	layers.3.mlp.up_proj	3	mlp.up_proj	3	b	5.3650
addsub-05-filter-integers	layers.3.mlp.up_proj	3	mlp.up_proj	4	=	1.0030
addsub-05-filter-integers	layers.3.self_attn.k_proj	3	self_attn.k_proj	0	<BOS>	5.0000
addsub-05-filter-integers	layers.3.self_attn.k_proj	3	self_attn.k_proj	1	a	2.1010
addsub-05-filter-integers	layers.3.self_attn.k_proj	3	self_attn.k_proj	2	op	1.0000
addsub-05-filter-integers	layers.3.self_attn.k_proj	3	self_attn.k_proj	3	b	1.0002
addsub-05-filter-integers	layers.3.self_attn.k_proj	3	self_attn.k_proj	4	=	1.0000
addsub-05-filter-integers	layers.3.self_attn.o_proj	3	self_attn.o_proj	0	<BOS>	0.0000
addsub-05-filter-integers	layers.3.self_attn.o_proj	3	self_attn.o_proj	1	a	2.0852
addsub-05-filter-integers	layers.3.self_attn.o_proj	3	self_attn.o_proj	2	op	4.8018
addsub-05-filter-integers	layers.3.self_attn.o_proj	3	self_attn.o_proj	3	b	3.4968
addsub-05-filter-integers	layers.3.self_attn.o_proj	3	self_attn.o_proj	4	=	1.6505
addsub-05-filter-integers	layers.3.self_attn.q_proj	3	self_attn.q_proj	0	<BOS>	0.0000
addsub-05-filter-integers	layers.3.self_attn.q_proj	3	self_attn.q_proj	1	a	1.1298
addsub-05-filter-integers	layers.3.self_attn.q_proj	3	self_attn.q_proj	2	op	2.4970
addsub-05-filter-integers	layers.3.self_attn.q_proj	3	self_attn.q_proj	3	b	2.0000
addsub-05-filter-integers	layers.3.self_attn.q_proj	3	self_attn.q_proj	4	=	2.3117
addsub-05-filter-integers	layers.3.self_attn.v_proj	3	self_attn.v_proj	0	<BOS>	2.0000
addsub-05-filter-integers	layers.3.self_attn.v_proj	3	self_attn.v_proj	1	a	4.2023
addsub-05-filter-integers	layers.3.self_attn.v_proj	3	self_attn.v_proj	2	op	2.0048
addsub-05-filter-integers	layers.3.self_attn.v_proj	3	self_attn.v_proj	3	b	2.3440
addsub-05-filter-integers	layers.3.self_attn.v_proj	3	self_attn.v_proj	4	=	1.0000
addsub-05-filter-integers	layers.30.mlp.down_proj	30	mlp.down_proj	0	<BOS>	1.0000
addsub-05-filter-integers	layers.30.mlp.down_proj	30	mlp.down_proj	1	a	3.8788
addsub-05-filter-integers	layers.30.mlp.down_proj	30	mlp.down_proj	2	op	4.4845
addsub-05-filter-integers	layers.30.mlp.down_proj	30	mlp.down_proj	3	b	7.6220
addsub-05-filter-integers	layers.30.mlp.down_proj	30	mlp.down_proj	4	=	6.2590
addsub-05-filter-integers	layers.30.mlp.gate_proj	30	mlp.gate_proj	0	<BOS>	2.0000
addsub-05-filter-integers	layers.30.mlp.gate_proj	30	mlp.gate_proj	1	a	3.4123
addsub-05-filter-integers	layers.30.mlp.gate_proj	30	mlp.gate_proj	2	op	4.8822
addsub-05-filter-integers	layers.30.mlp.gate_proj	30	mlp.gate_proj	3	b	5.3965
addsub-05-filter-integers	layers.30.mlp.gate_proj	30	mlp.gate_proj	4	=	8.8757
addsub-05-filter-integers	layers.30.mlp.up_proj	30	mlp.up_proj	0	<BOS>	2.5308
addsub-05-filter-integers	layers.30.mlp.up_proj	30	mlp.up_proj	1	a	2.3825
addsub-05-filter-integers	layers.30.mlp.up_proj	30	mlp.up_proj	2	op	3.7053
addsub-05-filter-integers	layers.30.mlp.up_proj	30	mlp.up_proj	3	b	4.7030
addsub-05-filter-integers	layers.30.mlp.up_proj	30	mlp.up_proj	4	=	6.0850
addsub-05-filter-integers	layers.30.self_attn.k_proj	30	self_attn.k_proj	0	<BOS>	1.0000
addsub-05-filter-integers	layers.30.self_attn.k_proj	30	self_attn.k_proj	1	a	1.0000
addsub-05-filter-integers	layers.30.self_attn.k_proj	30	self_attn.k_proj	2	op	0.6115
addsub-05-filter-integers	layers.30.self_attn.k_proj	30	self_attn.k_proj	3	b	0.4782
addsub-05-filter-integers	layers.30.self_attn.k_proj	30	self_attn.k_proj	4	=	0.0000
addsub-05-filter-integers	layers.30.self_attn.o_proj	30	self_attn.o_proj	0	<BOS>	1.0000
addsub-05-filter-integers	layers.30.self_attn.o_proj	30	self_attn.o_proj	1	a	1.0000
addsub-05-filter-integers	layers.30.self_attn.o_proj	30	self_attn.o_proj	2	op	1.0588
addsub-05-filter-integers	layers.30.self_attn.o_proj	30	self_attn.o_proj	3	b	1.1322
addsub-05-filter-integers	layers.30.self_attn.o_proj	30	self_attn.o_proj	4	=	1.1265
addsub-05-filter-integers	layers.30.self_attn.q_proj	30	self_attn.q_proj	0	<BOS>	0.0000
addsub-05-filter-integers	layers.30.self_attn.q_proj	30	self_attn.q_proj	1	a	1.0000
addsub-05-filter-integers	layers.30.self_attn.q_proj	30	self_attn.q_proj	2	op	1.0000
addsub-05-filter-integers	layers.30.self_attn.q_proj	30	self_attn.q_proj	3	b	1.0000
addsub-05-filter-integers	layers.30.self_attn.q_proj	30	self_attn.q_proj	4	=	1.0002
addsub-05-filter-integers	layers.30.self_attn.v_proj	30	self_attn.v_proj	0	<BOS>	1.0000
addsub-05-filter-integers	layers.30.self_attn.v_proj	30	self_attn.v_proj	1	a	1.2038
addsub-05-filter-integers	layers.30.self_attn.v_proj	30	self_attn.v_proj	2	op	1.5293
addsub-05-filter-integers	layers.30.self_attn.v_proj	30	self_attn.v_proj	3	b	0.9967
addsub-05-filter-integers	layers.30.self_attn.v_proj	30	self_attn.v_proj	4	=	0.0008
addsub-05-filter-integers	layers.31.mlp.down_proj	31	mlp.down_proj	0	<BOS>	0.0000
addsub-05-filter-integers	layers.31.mlp.down_proj	31	mlp.down_proj	1	a	0.0000
addsub-05-filter-integers	layers.31.mlp.down_proj	31	mlp.down_proj	2	op	0.0037
addsub-05-filter-integers	layers.31.mlp.down_proj	31	mlp.down_proj	3	b	0.0353
addsub-05-filter-integers	layers.31.mlp.down_proj	31	mlp.down_proj	4	=	19.6127
addsub-05-filter-integers	layers.31.mlp.gate_proj	31	mlp.gate_proj	0	<BOS>	0.0000
addsub-05-filter-integers	layers.31.mlp.gate_proj	31	mlp.gate_proj	1	a	0.0000
addsub-05-filter-integers	layers.31.mlp.gate_proj	31	mlp.gate_proj	2	op	0.0022
addsub-05-filter-integers	layers.31.mlp.gate_proj	31	mlp.gate_proj	3	b	0.0235
addsub-05-filter-integers	layers.31.mlp.gate_proj	31	mlp.gate_proj	4	=	13.1535
addsub-05-filter-integers	layers.31.mlp.up_proj	31	mlp.up_proj	0	<BOS>	0.0000
addsub-05-filter-integers	layers.31.mlp.up_proj	31	mlp.up_proj	1	a	0.0000
addsub-05-filter-integers	layers.31.mlp.up_proj	31	mlp.up_proj	2	op	0.0000
addsub-05-filter-integers	layers.31.mlp.up_proj	31	mlp.up_proj	3	b	0.0170
addsub-05-filter-integers	layers.31.mlp.up_proj	31	mlp.up_proj	4	=	12.6798
addsub-05-filter-integers	layers.31.self_attn.k_proj	31	self_attn.k_proj	0	<BOS>	1.0000
addsub-05-filter-integers	layers.31.self_attn.k_proj	31	self_attn.k_proj	1	a	1.0000
addsub-05-filter-integers	layers.31.self_attn.k_proj	31	self_attn.k_proj	2	op	1.0000
addsub-05-filter-integers	layers.31.self_attn.k_proj	31	self_attn.k_proj	3	b	1.0010
addsub-05-filter-integers	layers.31.self_attn.k_proj	31	self_attn.k_proj	4	=	1.4640
addsub-05-filter-integers	layers.31.self_attn.o_proj	31	self_attn.o_proj	0	<BOS>	0.0000
addsub-05-filter-integers	layers.31.self_attn.o_proj	31	self_attn.o_proj	1	a	0.0000
addsub-05-filter-integers	layers.31.self_attn.o_proj	31	self_attn.o_proj	2	op	0.0000
addsub-05-filter-integers	layers.31.self_attn.o_proj	31	self_attn.o_proj	3	b	0.0030
addsub-05-filter-integers	layers.31.self_attn.o_proj	31	self_attn.o_proj	4	=	2.6445
addsub-05-filter-integers	layers.31.self_attn.q_proj	31	self_attn.q_proj	0	<BOS>	0.0000
addsub-05-filter-integers	layers.31.self_attn.q_proj	31	self_attn.q_proj	1	a	0.0000
addsub-05-filter-integers	layers.31.self_attn.q_proj	31	self_attn.q_proj	2	op	0.0055
addsub-05-filter-integers	layers.31.self_attn.q_proj	31	self_attn.q_proj	3	b	0.0030
addsub-05-filter-integers	layers.31.self_attn.q_proj	31	self_attn.q_proj	4	=	2.0000
addsub-05-filter-integers	layers.31.self_attn.v_proj	31	self_attn.v_proj	0	<BOS>	1.0000
addsub-05-filter-integers	layers.31.self_attn.v_proj	31	self_attn.v_proj	1	a	2.1618
addsub-05-filter-integers	layers.31.self_attn.v_proj	31	self_attn.v_proj	2	op	2.0052
addsub-05-filter-integers	layers.31.self_attn.v_proj	31	self_attn.v_proj	3	b	2.0287
addsub-05-filter-integers	layers.31.self_attn.v_proj	31	self_attn.v_proj	4	=	1.7475
addsub-05-filter-integers	layers.4.mlp.down_proj	4	mlp.down_proj	0	<BOS>	1.0000
addsub-05-filter-integers	layers.4.mlp.down_proj	4	mlp.down_proj	1	a	5.2145
addsub-05-filter-integers	layers.4.mlp.down_proj	4	mlp.down_proj	2	op	4.7345
addsub-05-filter-integers	layers.4.mlp.down_proj	4	mlp.down_proj	3	b	7.6518
addsub-05-filter-integers	layers.4.mlp.down_proj	4	mlp.down_proj	4	=	1.5980
addsub-05-filter-integers	layers.4.mlp.gate_proj	4	mlp.gate_proj	0	<BOS>	1.0000
addsub-05-filter-integers	layers.4.mlp.gate_proj	4	mlp.gate_proj	1	a	3.0300
addsub-05-filter-integers	layers.4.mlp.gate_proj	4	mlp.gate_proj	2	op	4.0885
addsub-05-filter-integers	layers.4.mlp.gate_proj	4	mlp.gate_proj	3	b	6.1140
addsub-05-filter-integers	layers.4.mlp.gate_proj	4	mlp.gate_proj	4	=	1.5030
addsub-05-filter-integers	layers.4.mlp.up_proj	4	mlp.up_proj	0	<BOS>	1.0000
addsub-05-filter-integers	layers.4.mlp.up_proj	4	mlp.up_proj	1	a	2.9297
addsub-05-filter-integers	layers.4.mlp.up_proj	4	mlp.up_proj	2	op	3.8550
addsub-05-filter-integers	layers.4.mlp.up_proj	4	mlp.up_proj	3	b	6.3380
addsub-05-filter-integers	layers.4.mlp.up_proj	4	mlp.up_proj	4	=	2.0000
addsub-05-filter-integers	layers.4.self_attn.k_proj	4	self_attn.k_proj	0	<BOS>	3.0000
addsub-05-filter-integers	layers.4.self_attn.k_proj	4	self_attn.k_proj	1	a	2.0000
addsub-05-filter-integers	layers.4.self_attn.k_proj	4	self_attn.k_proj	2	op	1.9885
addsub-05-filter-integers	layers.4.self_attn.k_proj	4	self_attn.k_proj	3	b	1.0002
addsub-05-filter-integers	layers.4.self_attn.k_proj	4	self_attn.k_proj	4	=	1.0000
addsub-05-filter-integers	layers.4.self_attn.o_proj	4	self_attn.o_proj	0	<BOS>	1.0000
addsub-05-filter-integers	layers.4.self_attn.o_proj	4	self_attn.o_proj	1	a	1.3130
addsub-05-filter-integers	layers.4.self_attn.o_proj	4	self_attn.o_proj	2	op	1.9865
addsub-05-filter-integers	layers.4.self_attn.o_proj	4	self_attn.o_proj	3	b	2.0868
addsub-05-filter-integers	layers.4.self_attn.o_proj	4	self_attn.o_proj	4	=	2.4970
addsub-05-filter-integers	layers.4.self_attn.q_proj	4	self_attn.q_proj	0	<BOS>	0.0000
addsub-05-filter-integers	layers.4.self_attn.q_proj	4	self_attn.q_proj	1	a	2.0000
addsub-05-filter-integers	layers.4.self_attn.q_proj	4	self_attn.q_proj	2	op	2.0000
addsub-05-filter-integers	layers.4.self_attn.q_proj	4	self_attn.q_proj	3	b	2.0000
addsub-05-filter-integers	layers.4.self_attn.q_proj	4	self_attn.q_proj	4	=	3.0000
addsub-05-filter-integers	layers.4.self_attn.v_proj	4	self_attn.v_proj	0	<BOS>	4.0000
addsub-05-filter-integers	layers.4.self_attn.v_proj	4	self_attn.v_proj	1	a	1.0000
addsub-05-filter-integers	layers.4.self_attn.v_proj	4	self_attn.v_proj	2	op	2.0825
addsub-05-filter-integers	layers.4.self_attn.v_proj	4	self_attn.v_proj	3	b	1.4095
addsub-05-filter-integers	layers.4.self_attn.v_proj	4	self_attn.v_proj	4	=	1.0000
addsub-05-filter-integers	layers.5.mlp.down_proj	5	mlp.down_proj	0	<BOS>	1.0000
addsub-05-filter-integers	layers.5.mlp.down_proj	5	mlp.down_proj	1	a	3.2933
addsub-05-filter-integers	layers.5.mlp.down_proj	5	mlp.down_proj	2	op	4.3660
addsub-05-filter-integers	layers.5.mlp.down_proj	5	mlp.down_proj	3	b	7.4565
addsub-05-filter-integers	layers.5.mlp.down_proj	5	mlp.down_proj	4	=	3.0165
addsub-05-filter-integers	layers.5.mlp.gate_proj	5	mlp.gate_proj	0	<BOS>	1.0000
addsub-05-filter-integers	layers.5.mlp.gate_proj	5	mlp.gate_proj	1	a	2.3610
addsub-05-filter-integers	layers.5.mlp.gate_proj	5	mlp.gate_proj	2	op	3.2810
addsub-05-filter-integers	layers.5.mlp.gate_proj	5	mlp.gate_proj	3	b	6.1417
addsub-05-filter-integers	layers.5.mlp.gate_proj	5	mlp.gate_proj	4	=	2.4970
addsub-05-filter-integers	layers.5.mlp.up_proj	5	mlp.up_proj	0	<BOS>	1.0000
addsub-05-filter-integers	layers.5.mlp.up_proj	5	mlp.up_proj	1	a	2.7873
addsub-05-filter-integers	layers.5.mlp.up_proj	5	mlp.up_proj	2	op	3.6080
addsub-05-filter-integers	layers.5.mlp.up_proj	5	mlp.up_proj	3	b	6.1143
addsub-05-filter-integers	layers.5.mlp.up_proj	5	mlp.up_proj	4	=	2.0975
addsub-05-filter-integers	layers.5.self_attn.k_proj	5	self_attn.k_proj	0	<BOS>	3.0000
addsub-05-filter-integers	layers.5.self_attn.k_proj	5	self_attn.k_proj	1	a	2.0003
addsub-05-filter-integers	layers.5.self_attn.k_proj	5	self_attn.k_proj	2	op	1.4948
addsub-05-filter-integers	layers.5.self_attn.k_proj	5	self_attn.k_proj	3	b	1.8045
addsub-05-filter-integers	layers.5.self_attn.k_proj	5	self_attn.k_proj	4	=	1.0000
addsub-05-filter-integers	layers.5.self_attn.o_proj	5	self_attn.o_proj	0	<BOS>	1.0000
addsub-05-filter-integers	layers.5.self_attn.o_proj	5	self_attn.o_proj	1	a	2.0000
addsub-05-filter-integers	layers.5.self_attn.o_proj	5	self_attn.o_proj	2	op	2.0000
addsub-05-filter-integers	layers.5.self_attn.o_proj	5	self_attn.o_proj	3	b	5.6070
addsub-05-filter-integers	layers.5.self_attn.o_proj	5	self_attn.o_proj	4	=	2.8963
addsub-05-filter-integers	layers.5.self_attn.q_proj	5	self_attn.q_proj	0	<BOS>	0.0000
addsub-05-filter-integers	layers.5.self_attn.q_proj	5	self_attn.q_proj	1	a	1.0000
addsub-05-filter-integers	layers.5.self_attn.q_proj	5	self_attn.q_proj	2	op	1.0000
addsub-05-filter-integers	layers.5.self_attn.q_proj	5	self_attn.q_proj	3	b	2.0227
addsub-05-filter-integers	layers.5.self_attn.q_proj	5	self_attn.q_proj	4	=	1.0000
addsub-05-filter-integers	layers.5.self_attn.v_proj	5	self_attn.v_proj	0	<BOS>	4.0000
addsub-05-filter-integers	layers.5.self_attn.v_proj	5	self_attn.v_proj	1	a	3.0273
addsub-05-filter-integers	layers.5.self_attn.v_proj	5	self_attn.v_proj	2	op	1.8625
addsub-05-filter-integers	layers.5.self_attn.v_proj	5	self_attn.v_proj	3	b	1.8987
addsub-05-filter-integers	layers.5.self_attn.v_proj	5	self_attn.v_proj	4	=	1.0000
addsub-05-filter-integers	layers.6.mlp.down_proj	6	mlp.down_proj	0	<BOS>	1.0000
addsub-05-filter-integers	layers.6.mlp.down_proj	6	mlp.down_proj	1	a	2.8115
addsub-05-filter-integers	layers.6.mlp.down_proj	6	mlp.down_proj	2	op	4.2193
addsub-05-filter-integers	layers.6.mlp.down_proj	6	mlp.down_proj	3	b	5.8538
addsub-05-filter-integers	layers.6.mlp.down_proj	6	mlp.down_proj	4	=	2.8433
addsub-05-filter-integers	layers.6.mlp.gate_proj	6	mlp.gate_proj	0	<BOS>	1.0000
addsub-05-filter-integers	layers.6.mlp.gate_proj	6	mlp.gate_proj	1	a	1.7118
addsub-05-filter-integers	layers.6.mlp.gate_proj	6	mlp.gate_proj	2	op	3.1558
addsub-05-filter-integers	layers.6.mlp.gate_proj	6	mlp.gate_proj	3	b	4.2100
addsub-05-filter-integers	layers.6.mlp.gate_proj	6	mlp.gate_proj	4	=	2.0000
addsub-05-filter-integers	layers.6.mlp.up_proj	6	mlp.up_proj	0	<BOS>	2.0000
addsub-05-filter-integers	layers.6.mlp.up_proj	6	mlp.up_proj	1	a	2.4115
addsub-05-filter-integers	layers.6.mlp.up_proj	6	mlp.up_proj	2	op	3.6100
addsub-05-filter-integers	layers.6.mlp.up_proj	6	mlp.up_proj	3	b	4.4505
addsub-05-filter-integers	layers.6.mlp.up_proj	6	mlp.up_proj	4	=	2.0003
addsub-05-filter-integers	layers.6.self_attn.k_proj	6	self_attn.k_proj	0	<BOS>	3.0000
addsub-05-filter-integers	layers.6.self_attn.k_proj	6	self_attn.k_proj	1	a	1.9995
addsub-05-filter-integers	layers.6.self_attn.k_proj	6	self_attn.k_proj	2	op	1.0005
addsub-05-filter-integers	layers.6.self_attn.k_proj	6	self_attn.k_proj	3	b	1.3757
addsub-05-filter-integers	layers.6.self_attn.k_proj	6	self_attn.k_proj	4	=	1.5022
addsub-05-filter-integers	layers.6.self_attn.o_proj	6	self_attn.o_proj	0	<BOS>	1.0000
addsub-05-filter-integers	layers.6.self_attn.o_proj	6	self_attn.o_proj	1	a	1.0000
addsub-05-filter-integers	layers.6.self_attn.o_proj	6	self_attn.o_proj	2	op	1.0002
addsub-05-filter-integers	layers.6.self_attn.o_proj	6	self_attn.o_proj	3	b	3.0628
addsub-05-filter-integers	layers.6.self_attn.o_proj	6	self_attn.o_proj	4	=	1.9277
addsub-05-filter-integers	layers.6.self_attn.q_proj	6	self_attn.q_proj	0	<BOS>	0.0000
addsub-05-filter-integers	layers.6.self_attn.q_proj	6	self_attn.q_proj	1	a	1.0000
addsub-05-filter-integers	layers.6.self_attn.q_proj	6	self_attn.q_proj	2	op	1.0000
addsub-05-filter-integers	layers.6.self_attn.q_proj	6	self_attn.q_proj	3	b	1.9725
addsub-05-filter-integers	layers.6.self_attn.q_proj	6	self_attn.q_proj	4	=	1.0000
addsub-05-filter-integers	layers.6.self_attn.v_proj	6	self_attn.v_proj	0	<BOS>	4.0000
addsub-05-filter-integers	layers.6.self_attn.v_proj	6	self_attn.v_proj	1	a	1.0000
addsub-05-filter-integers	layers.6.self_attn.v_proj	6	self_attn.v_proj	2	op	2.2037
addsub-05-filter-integers	layers.6.self_attn.v_proj	6	self_attn.v_proj	3	b	1.3885
addsub-05-filter-integers	layers.6.self_attn.v_proj	6	self_attn.v_proj	4	=	2.0000
addsub-05-filter-integers	layers.7.mlp.down_proj	7	mlp.down_proj	0	<BOS>	1.0000
addsub-05-filter-integers	layers.7.mlp.down_proj	7	mlp.down_proj	1	a	2.7787
addsub-05-filter-integers	layers.7.mlp.down_proj	7	mlp.down_proj	2	op	4.1645
addsub-05-filter-integers	layers.7.mlp.down_proj	7	mlp.down_proj	3	b	5.1943
addsub-05-filter-integers	layers.7.mlp.down_proj	7	mlp.down_proj	4	=	3.0068
addsub-05-filter-integers	layers.7.mlp.gate_proj	7	mlp.gate_proj	0	<BOS>	1.0000
addsub-05-filter-integers	layers.7.mlp.gate_proj	7	mlp.gate_proj	1	a	3.3428
addsub-05-filter-integers	layers.7.mlp.gate_proj	7	mlp.gate_proj	2	op	2.5380
addsub-05-filter-integers	layers.7.mlp.gate_proj	7	mlp.gate_proj	3	b	3.7717
addsub-05-filter-integers	layers.7.mlp.gate_proj	7	mlp.gate_proj	4	=	1.2195
addsub-05-filter-integers	layers.7.mlp.up_proj	7	mlp.up_proj	0	<BOS>	1.0000
addsub-05-filter-integers	layers.7.mlp.up_proj	7	mlp.up_proj	1	a	2.4665
addsub-05-filter-integers	layers.7.mlp.up_proj	7	mlp.up_proj	2	op	2.8688
addsub-05-filter-integers	layers.7.mlp.up_proj	7	mlp.up_proj	3	b	4.0400
addsub-05-filter-integers	layers.7.mlp.up_proj	7	mlp.up_proj	4	=	2.1495
addsub-05-filter-integers	layers.7.self_attn.k_proj	7	self_attn.k_proj	0	<BOS>	2.0000
addsub-05-filter-integers	layers.7.self_attn.k_proj	7	self_attn.k_proj	1	a	1.0000
addsub-05-filter-integers	layers.7.self_attn.k_proj	7	self_attn.k_proj	2	op	1.8805
addsub-05-filter-integers	layers.7.self_attn.k_proj	7	self_attn.k_proj	3	b	1.4255
addsub-05-filter-integers	layers.7.self_attn.k_proj	7	self_attn.k_proj	4	=	1.0000
addsub-05-filter-integers	layers.7.self_attn.o_proj	7	self_attn.o_proj	0	<BOS>	0.0000
addsub-05-filter-integers	layers.7.self_attn.o_proj	7	self_attn.o_proj	1	a	2.0000
addsub-05-filter-integers	layers.7.self_attn.o_proj	7	self_attn.o_proj	2	op	2.6093
addsub-05-filter-integers	layers.7.self_attn.o_proj	7	self_attn.o_proj	3	b	3.0092
addsub-05-filter-integers	layers.7.self_attn.o_proj	7	self_attn.o_proj	4	=	1.9418
addsub-05-filter-integers	layers.7.self_attn.q_proj	7	self_attn.q_proj	0	<BOS>	0.0000
addsub-05-filter-integers	layers.7.self_attn.q_proj	7	self_attn.q_proj	1	a	1.0000
addsub-05-filter-integers	layers.7.self_attn.q_proj	7	self_attn.q_proj	2	op	1.0208
addsub-05-filter-integers	layers.7.self_attn.q_proj	7	self_attn.q_proj	3	b	2.0087
addsub-05-filter-integers	layers.7.self_attn.q_proj	7	self_attn.q_proj	4	=	1.0000
addsub-05-filter-integers	layers.7.self_attn.v_proj	7	self_attn.v_proj	0	<BOS>	5.0000
addsub-05-filter-integers	layers.7.self_attn.v_proj	7	self_attn.v_proj	1	a	1.8958
addsub-05-filter-integers	layers.7.self_attn.v_proj	7	self_attn.v_proj	2	op	1.6352
addsub-05-filter-integers	layers.7.self_attn.v_proj	7	self_attn.v_proj	3	b	1.6525
addsub-05-filter-integers	layers.7.self_attn.v_proj	7	self_attn.v_proj	4	=	1.0000
addsub-05-filter-integers	layers.8.mlp.down_proj	8	mlp.down_proj	0	<BOS>	1.0000
addsub-05-filter-integers	layers.8.mlp.down_proj	8	mlp.down_proj	1	a	2.2963
addsub-05-filter-integers	layers.8.mlp.down_proj	8	mlp.down_proj	2	op	3.0823
addsub-05-filter-integers	layers.8.mlp.down_proj	8	mlp.down_proj	3	b	5.2498
addsub-05-filter-integers	layers.8.mlp.down_proj	8	mlp.down_proj	4	=	2.1050
addsub-05-filter-integers	layers.8.mlp.gate_proj	8	mlp.gate_proj	0	<BOS>	2.0000
addsub-05-filter-integers	layers.8.mlp.gate_proj	8	mlp.gate_proj	1	a	1.0912
addsub-05-filter-integers	layers.8.mlp.gate_proj	8	mlp.gate_proj	2	op	2.8310
addsub-05-filter-integers	layers.8.mlp.gate_proj	8	mlp.gate_proj	3	b	3.0820
addsub-05-filter-integers	layers.8.mlp.gate_proj	8	mlp.gate_proj	4	=	2.5025
addsub-05-filter-integers	layers.8.mlp.up_proj	8	mlp.up_proj	0	<BOS>	1.0000
addsub-05-filter-integers	layers.8.mlp.up_proj	8	mlp.up_proj	1	a	1.2448
addsub-05-filter-integers	layers.8.mlp.up_proj	8	mlp.up_proj	2	op	3.2652
addsub-05-filter-integers	layers.8.mlp.up_proj	8	mlp.up_proj	3	b	4.1248
addsub-05-filter-integers	layers.8.mlp.up_proj	8	mlp.up_proj	4	=	1.7970
addsub-05-filter-integers	layers.8.self_attn.k_proj	8	self_attn.k_proj	0	<BOS>	2.0000
addsub-05-filter-integers	layers.8.self_attn.k_proj	8	self_attn.k_proj	1	a	1.1152
addsub-05-filter-integers	layers.8.self_attn.k_proj	8	self_attn.k_proj	2	op	1.0305
addsub-05-filter-integers	layers.8.self_attn.k_proj	8	self_attn.k_proj	3	b	0.9427
addsub-05-filter-integers	layers.8.self_attn.k_proj	8	self_attn.k_proj	4	=	0.9255
addsub-05-filter-integers	layers.8.self_attn.o_proj	8	self_attn.o_proj	0	<BOS>	1.0000
addsub-05-filter-integers	layers.8.self_attn.o_proj	8	self_attn.o_proj	1	a	1.9310
addsub-05-filter-integers	layers.8.self_attn.o_proj	8	self_attn.o_proj	2	op	1.0807
addsub-05-filter-integers	layers.8.self_attn.o_proj	8	self_attn.o_proj	3	b	1.9515
addsub-05-filter-integers	layers.8.self_attn.o_proj	8	self_attn.o_proj	4	=	1.9247
addsub-05-filter-integers	layers.8.self_attn.q_proj	8	self_attn.q_proj	0	<BOS>	0.0000
addsub-05-filter-integers	layers.8.self_attn.q_proj	8	self_attn.q_proj	1	a	1.0000
addsub-05-filter-integers	layers.8.self_attn.q_proj	8	self_attn.q_proj	2	op	1.0402
addsub-05-filter-integers	layers.8.self_attn.q_proj	8	self_attn.q_proj	3	b	1.2888
addsub-05-filter-integers	layers.8.self_attn.q_proj	8	self_attn.q_proj	4	=	1.0000
addsub-05-filter-integers	layers.8.self_attn.v_proj	8	self_attn.v_proj	0	<BOS>	4.0000
addsub-05-filter-integers	layers.8.self_attn.v_proj	8	self_attn.v_proj	1	a	1.8817
addsub-05-filter-integers	layers.8.self_attn.v_proj	8	self_attn.v_proj	2	op	1.9423
addsub-05-filter-integers	layers.8.self_attn.v_proj	8	self_attn.v_proj	3	b	1.6233
addsub-05-filter-integers	layers.8.self_attn.v_proj	8	self_attn.v_proj	4	=	1.4425
addsub-05-filter-integers	layers.9.mlp.down_proj	9	mlp.down_proj	0	<BOS>	0.0000
addsub-05-filter-integers	layers.9.mlp.down_proj	9	mlp.down_proj	1	a	1.6237
addsub-05-filter-integers	layers.9.mlp.down_proj	9	mlp.down_proj	2	op	2.8645
addsub-05-filter-integers	layers.9.mlp.down_proj	9	mlp.down_proj	3	b	4.8510
addsub-05-filter-integers	layers.9.mlp.down_proj	9	mlp.down_proj	4	=	2.2188
addsub-05-filter-integers	layers.9.mlp.gate_proj	9	mlp.gate_proj	0	<BOS>	0.0000
addsub-05-filter-integers	layers.9.mlp.gate_proj	9	mlp.gate_proj	1	a	1.5815
addsub-05-filter-integers	layers.9.mlp.gate_proj	9	mlp.gate_proj	2	op	2.6745
addsub-05-filter-integers	layers.9.mlp.gate_proj	9	mlp.gate_proj	3	b	3.6245
addsub-05-filter-integers	layers.9.mlp.gate_proj	9	mlp.gate_proj	4	=	2.2600
addsub-05-filter-integers	layers.9.mlp.up_proj	9	mlp.up_proj	0	<BOS>	0.0000
addsub-05-filter-integers	layers.9.mlp.up_proj	9	mlp.up_proj	1	a	2.1358
addsub-05-filter-integers	layers.9.mlp.up_proj	9	mlp.up_proj	2	op	3.0687
addsub-05-filter-integers	layers.9.mlp.up_proj	9	mlp.up_proj	3	b	3.9070
addsub-05-filter-integers	layers.9.mlp.up_proj	9	mlp.up_proj	4	=	1.5822
addsub-05-filter-integers	layers.9.self_attn.k_proj	9	self_attn.k_proj	0	<BOS>	3.0000
addsub-05-filter-integers	layers.9.self_attn.k_proj	9	self_attn.k_proj	1	a	1.0000
addsub-05-filter-integers	layers.9.self_attn.k_proj	9	self_attn.k_proj	2	op	1.5438
addsub-05-filter-integers	layers.9.self_attn.k_proj	9	self_attn.k_proj	3	b	1.0000
addsub-05-filter-integers	layers.9.self_attn.k_proj	9	self_attn.k_proj	4	=	1.0000
addsub-05-filter-integers	layers.9.self_attn.o_proj	9	self_attn.o_proj	0	<BOS>	0.0000
addsub-05-filter-integers	layers.9.self_attn.o_proj	9	self_attn.o_proj	1	a	2.0000
addsub-05-filter-integers	layers.9.self_attn.o_proj	9	self_attn.o_proj	2	op	2.0000
addsub-05-filter-integers	layers.9.self_attn.o_proj	9	self_attn.o_proj	3	b	1.5405
addsub-05-filter-integers	layers.9.self_attn.o_proj	9	self_attn.o_proj	4	=	1.4825
addsub-05-filter-integers	layers.9.self_attn.q_proj	9	self_attn.q_proj	0	<BOS>	0.0000
addsub-05-filter-integers	layers.9.self_attn.q_proj	9	self_attn.q_proj	1	a	1.0000
addsub-05-filter-integers	layers.9.self_attn.q_proj	9	self_attn.q_proj	2	op	1.0000
addsub-05-filter-integers	layers.9.self_attn.q_proj	9	self_attn.q_proj	3	b	1.1398
addsub-05-filter-integers	layers.9.self_attn.q_proj	9	self_attn.q_proj	4	=	1.0000
addsub-05-filter-integers	layers.9.self_attn.v_proj	9	self_attn.v_proj	0	<BOS>	2.0000
addsub-05-filter-integers	layers.9.self_attn.v_proj	9	self_attn.v_proj	1	a	2.0000
addsub-05-filter-integers	layers.9.self_attn.v_proj	9	self_attn.v_proj	2	op	1.5095
addsub-05-filter-integers	layers.9.self_attn.v_proj	9	self_attn.v_proj	3	b	1.4015
addsub-05-filter-integers	layers.9.self_attn.v_proj	9	self_attn.v_proj	4	=	1.0005
addsub-05-filter-last-pos-ceiling	layers.0.mlp.down_proj	0	mlp.down_proj	0	<BOS>	4.0000
addsub-05-filter-last-pos-ceiling	layers.0.mlp.down_proj	0	mlp.down_proj	1	a	10.6423
addsub-05-filter-last-pos-ceiling	layers.0.mlp.down_proj	0	mlp.down_proj	2	op	4.0472
addsub-05-filter-last-pos-ceiling	layers.0.mlp.down_proj	0	mlp.down_proj	3	b	8.8363
addsub-05-filter-last-pos-ceiling	layers.0.mlp.down_proj	0	mlp.down_proj	4	=	3.0000
addsub-05-filter-last-pos-ceiling	layers.0.mlp.gate_proj	0	mlp.gate_proj	0	<BOS>	16.0000
addsub-05-filter-last-pos-ceiling	layers.0.mlp.gate_proj	0	mlp.gate_proj	1	a	7.2590
addsub-05-filter-last-pos-ceiling	layers.0.mlp.gate_proj	0	mlp.gate_proj	2	op	3.9940
addsub-05-filter-last-pos-ceiling	layers.0.mlp.gate_proj	0	mlp.gate_proj	3	b	6.2448
addsub-05-filter-last-pos-ceiling	layers.0.mlp.gate_proj	0	mlp.gate_proj	4	=	3.0000
addsub-05-filter-last-pos-ceiling	layers.0.mlp.up_proj	0	mlp.up_proj	0	<BOS>	14.0000
addsub-05-filter-last-pos-ceiling	layers.0.mlp.up_proj	0	mlp.up_proj	1	a	7.2593
addsub-05-filter-last-pos-ceiling	layers.0.mlp.up_proj	0	mlp.up_proj	2	op	3.0412
addsub-05-filter-last-pos-ceiling	layers.0.mlp.up_proj	0	mlp.up_proj	3	b	5.7320
addsub-05-filter-last-pos-ceiling	layers.0.mlp.up_proj	0	mlp.up_proj	4	=	3.0000
addsub-05-filter-last-pos-ceiling	layers.0.self_attn.k_proj	0	self_attn.k_proj	0	<BOS>	8.0000
addsub-05-filter-last-pos-ceiling	layers.0.self_attn.k_proj	0	self_attn.k_proj	1	a	1.0590
addsub-05-filter-last-pos-ceiling	layers.0.self_attn.k_proj	0	self_attn.k_proj	2	op	2.0000
addsub-05-filter-last-pos-ceiling	layers.0.self_attn.k_proj	0	self_attn.k_proj	3	b	1.0000
addsub-05-filter-last-pos-ceiling	layers.0.self_attn.k_proj	0	self_attn.k_proj	4	=	0.0000
addsub-05-filter-last-pos-ceiling	layers.0.self_attn.o_proj	0	self_attn.o_proj	0	<BOS>	2.0000
addsub-05-filter-last-pos-ceiling	layers.0.self_attn.o_proj	0	self_attn.o_proj	1	a	3.0000
addsub-05-filter-last-pos-ceiling	layers.0.self_attn.o_proj	0	self_attn.o_proj	2	op	3.5655
addsub-05-filter-last-pos-ceiling	layers.0.self_attn.o_proj	0	self_attn.o_proj	3	b	3.4992
addsub-05-filter-last-pos-ceiling	layers.0.self_attn.o_proj	0	self_attn.o_proj	4	=	2.5030
addsub-05-filter-last-pos-ceiling	layers.0.self_attn.q_proj	0	self_attn.q_proj	0	<BOS>	0.0000
addsub-05-filter-last-pos-ceiling	layers.0.self_attn.q_proj	0	self_attn.q_proj	1	a	1.0000
addsub-05-filter-last-pos-ceiling	layers.0.self_attn.q_proj	0	self_attn.q_proj	2	op	1.4970
addsub-05-filter-last-pos-ceiling	layers.0.self_attn.q_proj	0	self_attn.q_proj	3	b	1.0000
addsub-05-filter-last-pos-ceiling	layers.0.self_attn.q_proj	0	self_attn.q_proj	4	=	1.0000
addsub-05-filter-last-pos-ceiling	layers.0.self_attn.v_proj	0	self_attn.v_proj	0	<BOS>	5.0000
addsub-05-filter-last-pos-ceiling	layers.0.self_attn.v_proj	0	self_attn.v_proj	1	a	1.2522
addsub-05-filter-last-pos-ceiling	layers.0.self_attn.v_proj	0	self_attn.v_proj	2	op	1.5030
addsub-05-filter-last-pos-ceiling	layers.0.self_attn.v_proj	0	self_attn.v_proj	3	b	1.0855
addsub-05-filter-last-pos-ceiling	layers.0.self_attn.v_proj	0	self_attn.v_proj	4	=	0.5030
addsub-05-filter-last-pos-ceiling	layers.1.mlp.down_proj	1	mlp.down_proj	0	<BOS>	22.0000
addsub-05-filter-last-pos-ceiling	layers.1.mlp.down_proj	1	mlp.down_proj	1	a	5.2980
addsub-05-filter-last-pos-ceiling	layers.1.mlp.down_proj	1	mlp.down_proj	2	op	4.6772
addsub-05-filter-last-pos-ceiling	layers.1.mlp.down_proj	1	mlp.down_proj	3	b	7.6985
addsub-05-filter-last-pos-ceiling	layers.1.mlp.down_proj	1	mlp.down_proj	4	=	2.0000
addsub-05-filter-last-pos-ceiling	layers.1.mlp.gate_proj	1	mlp.gate_proj	0	<BOS>	31.0000
addsub-05-filter-last-pos-ceiling	layers.1.mlp.gate_proj	1	mlp.gate_proj	1	a	3.1632
addsub-05-filter-last-pos-ceiling	layers.1.mlp.gate_proj	1	mlp.gate_proj	2	op	3.0533
addsub-05-filter-last-pos-ceiling	layers.1.mlp.gate_proj	1	mlp.gate_proj	3	b	5.8460
addsub-05-filter-last-pos-ceiling	layers.1.mlp.gate_proj	1	mlp.gate_proj	4	=	3.4973
addsub-05-filter-last-pos-ceiling	layers.1.mlp.up_proj	1	mlp.up_proj	0	<BOS>	38.0000
addsub-05-filter-last-pos-ceiling	layers.1.mlp.up_proj	1	mlp.up_proj	1	a	2.7318
addsub-05-filter-last-pos-ceiling	layers.1.mlp.up_proj	1	mlp.up_proj	2	op	2.4237
addsub-05-filter-last-pos-ceiling	layers.1.mlp.up_proj	1	mlp.up_proj	3	b	6.0268
addsub-05-filter-last-pos-ceiling	layers.1.mlp.up_proj	1	mlp.up_proj	4	=	2.0000
addsub-05-filter-last-pos-ceiling	layers.1.self_attn.k_proj	1	self_attn.k_proj	0	<BOS>	2.0000
addsub-05-filter-last-pos-ceiling	layers.1.self_attn.k_proj	1	self_attn.k_proj	1	a	3.0312
addsub-05-filter-last-pos-ceiling	layers.1.self_attn.k_proj	1	self_attn.k_proj	2	op	3.5030
addsub-05-filter-last-pos-ceiling	layers.1.self_attn.k_proj	1	self_attn.k_proj	3	b	2.0000
addsub-05-filter-last-pos-ceiling	layers.1.self_attn.k_proj	1	self_attn.k_proj	4	=	1.0000
addsub-05-filter-last-pos-ceiling	layers.1.self_attn.o_proj	1	self_attn.o_proj	0	<BOS>	0.0000
addsub-05-filter-last-pos-ceiling	layers.1.self_attn.o_proj	1	self_attn.o_proj	1	a	1.8090
addsub-05-filter-last-pos-ceiling	layers.1.self_attn.o_proj	1	self_attn.o_proj	2	op	6.6125
addsub-05-filter-last-pos-ceiling	layers.1.self_attn.o_proj	1	self_attn.o_proj	3	b	5.3292
addsub-05-filter-last-pos-ceiling	layers.1.self_attn.o_proj	1	self_attn.o_proj	4	=	2.0073
addsub-05-filter-last-pos-ceiling	layers.1.self_attn.q_proj	1	self_attn.q_proj	0	<BOS>	0.0000
addsub-05-filter-last-pos-ceiling	layers.1.self_attn.q_proj	1	self_attn.q_proj	1	a	2.0000
addsub-05-filter-last-pos-ceiling	layers.1.self_attn.q_proj	1	self_attn.q_proj	2	op	2.0000
addsub-05-filter-last-pos-ceiling	layers.1.self_attn.q_proj	1	self_attn.q_proj	3	b	2.1995
addsub-05-filter-last-pos-ceiling	layers.1.self_attn.q_proj	1	self_attn.q_proj	4	=	2.0000
addsub-05-filter-last-pos-ceiling	layers.1.self_attn.v_proj	1	self_attn.v_proj	0	<BOS>	1.0000
addsub-05-filter-last-pos-ceiling	layers.1.self_attn.v_proj	1	self_attn.v_proj	1	a	6.2685
addsub-05-filter-last-pos-ceiling	layers.1.self_attn.v_proj	1	self_attn.v_proj	2	op	1.9940
addsub-05-filter-last-pos-ceiling	layers.1.self_attn.v_proj	1	self_attn.v_proj	3	b	1.0765
addsub-05-filter-last-pos-ceiling	layers.1.self_attn.v_proj	1	self_attn.v_proj	4	=	0.0000
addsub-05-filter-last-pos-ceiling	layers.10.mlp.down_proj	10	mlp.down_proj	0	<BOS>	1.0000
addsub-05-filter-last-pos-ceiling	layers.10.mlp.down_proj	10	mlp.down_proj	1	a	1.2977
addsub-05-filter-last-pos-ceiling	layers.10.mlp.down_proj	10	mlp.down_proj	2	op	4.7178
addsub-05-filter-last-pos-ceiling	layers.10.mlp.down_proj	10	mlp.down_proj	3	b	4.2913
addsub-05-filter-last-pos-ceiling	layers.10.mlp.down_proj	10	mlp.down_proj	4	=	2.6520
addsub-05-filter-last-pos-ceiling	layers.10.mlp.gate_proj	10	mlp.gate_proj	0	<BOS>	3.0000
addsub-05-filter-last-pos-ceiling	layers.10.mlp.gate_proj	10	mlp.gate_proj	1	a	1.8867
addsub-05-filter-last-pos-ceiling	layers.10.mlp.gate_proj	10	mlp.gate_proj	2	op	3.1052
addsub-05-filter-last-pos-ceiling	layers.10.mlp.gate_proj	10	mlp.gate_proj	3	b	2.8247
addsub-05-filter-last-pos-ceiling	layers.10.mlp.gate_proj	10	mlp.gate_proj	4	=	1.5048
addsub-05-filter-last-pos-ceiling	layers.10.mlp.up_proj	10	mlp.up_proj	0	<BOS>	5.0000
addsub-05-filter-last-pos-ceiling	layers.10.mlp.up_proj	10	mlp.up_proj	1	a	2.0487
addsub-05-filter-last-pos-ceiling	layers.10.mlp.up_proj	10	mlp.up_proj	2	op	3.1628
addsub-05-filter-last-pos-ceiling	layers.10.mlp.up_proj	10	mlp.up_proj	3	b	3.0290
addsub-05-filter-last-pos-ceiling	layers.10.mlp.up_proj	10	mlp.up_proj	4	=	1.6880
addsub-05-filter-last-pos-ceiling	layers.10.self_attn.k_proj	10	self_attn.k_proj	0	<BOS>	3.0000
addsub-05-filter-last-pos-ceiling	layers.10.self_attn.k_proj	10	self_attn.k_proj	1	a	1.0000
addsub-05-filter-last-pos-ceiling	layers.10.self_attn.k_proj	10	self_attn.k_proj	2	op	0.9890
addsub-05-filter-last-pos-ceiling	layers.10.self_attn.k_proj	10	self_attn.k_proj	3	b	1.0780
addsub-05-filter-last-pos-ceiling	layers.10.self_attn.k_proj	10	self_attn.k_proj	4	=	1.0000
addsub-05-filter-last-pos-ceiling	layers.10.self_attn.o_proj	10	self_attn.o_proj	0	<BOS>	1.0000
addsub-05-filter-last-pos-ceiling	layers.10.self_attn.o_proj	10	self_attn.o_proj	1	a	1.0000
addsub-05-filter-last-pos-ceiling	layers.10.self_attn.o_proj	10	self_attn.o_proj	2	op	1.0000
addsub-05-filter-last-pos-ceiling	layers.10.self_attn.o_proj	10	self_attn.o_proj	3	b	1.4553
addsub-05-filter-last-pos-ceiling	layers.10.self_attn.o_proj	10	self_attn.o_proj	4	=	1.9993
addsub-05-filter-last-pos-ceiling	layers.10.self_attn.q_proj	10	self_attn.q_proj	0	<BOS>	0.0000
addsub-05-filter-last-pos-ceiling	layers.10.self_attn.q_proj	10	self_attn.q_proj	1	a	1.0000
addsub-05-filter-last-pos-ceiling	layers.10.self_attn.q_proj	10	self_attn.q_proj	2	op	1.0000
addsub-05-filter-last-pos-ceiling	layers.10.self_attn.q_proj	10	self_attn.q_proj	3	b	1.0000
addsub-05-filter-last-pos-ceiling	layers.10.self_attn.q_proj	10	self_attn.q_proj	4	=	1.0000
addsub-05-filter-last-pos-ceiling	layers.10.self_attn.v_proj	10	self_attn.v_proj	0	<BOS>	2.0000
addsub-05-filter-last-pos-ceiling	layers.10.self_attn.v_proj	10	self_attn.v_proj	1	a	1.0000
addsub-05-filter-last-pos-ceiling	layers.10.self_attn.v_proj	10	self_attn.v_proj	2	op	0.9860
addsub-05-filter-last-pos-ceiling	layers.10.self_attn.v_proj	10	self_attn.v_proj	3	b	1.2402
addsub-05-filter-last-pos-ceiling	layers.10.self_attn.v_proj	10	self_attn.v_proj	4	=	0.9990
addsub-05-filter-last-pos-ceiling	layers.11.mlp.down_proj	11	mlp.down_proj	0	<BOS>	2.0000
addsub-05-filter-last-pos-ceiling	layers.11.mlp.down_proj	11	mlp.down_proj	1	a	4.3612
addsub-05-filter-last-pos-ceiling	layers.11.mlp.down_proj	11	mlp.down_proj	2	op	4.2395
addsub-05-filter-last-pos-ceiling	layers.11.mlp.down_proj	11	mlp.down_proj	3	b	6.1630
addsub-05-filter-last-pos-ceiling	layers.11.mlp.down_proj	11	mlp.down_proj	4	=	2.0742
addsub-05-filter-last-pos-ceiling	layers.11.mlp.gate_proj	11	mlp.gate_proj	0	<BOS>	2.0000
addsub-05-filter-last-pos-ceiling	layers.11.mlp.gate_proj	11	mlp.gate_proj	1	a	4.2845
addsub-05-filter-last-pos-ceiling	layers.11.mlp.gate_proj	11	mlp.gate_proj	2	op	2.7638
addsub-05-filter-last-pos-ceiling	layers.11.mlp.gate_proj	11	mlp.gate_proj	3	b	4.7112
addsub-05-filter-last-pos-ceiling	layers.11.mlp.gate_proj	11	mlp.gate_proj	4	=	1.8268
addsub-05-filter-last-pos-ceiling	layers.11.mlp.up_proj	11	mlp.up_proj	0	<BOS>	1.0000
addsub-05-filter-last-pos-ceiling	layers.11.mlp.up_proj	11	mlp.up_proj	1	a	2.5282
addsub-05-filter-last-pos-ceiling	layers.11.mlp.up_proj	11	mlp.up_proj	2	op	2.8168
addsub-05-filter-last-pos-ceiling	layers.11.mlp.up_proj	11	mlp.up_proj	3	b	3.2963
addsub-05-filter-last-pos-ceiling	layers.11.mlp.up_proj	11	mlp.up_proj	4	=	1.9670
addsub-05-filter-last-pos-ceiling	layers.11.self_attn.k_proj	11	self_attn.k_proj	0	<BOS>	3.0000
addsub-05-filter-last-pos-ceiling	layers.11.self_attn.k_proj	11	self_attn.k_proj	1	a	1.0000
addsub-05-filter-last-pos-ceiling	layers.11.self_attn.k_proj	11	self_attn.k_proj	2	op	0.9410
addsub-05-filter-last-pos-ceiling	layers.11.self_attn.k_proj	11	self_attn.k_proj	3	b	0.7040
addsub-05-filter-last-pos-ceiling	layers.11.self_attn.k_proj	11	self_attn.k_proj	4	=	0.0008
addsub-05-filter-last-pos-ceiling	layers.11.self_attn.o_proj	11	self_attn.o_proj	0	<BOS>	0.0000
addsub-05-filter-last-pos-ceiling	layers.11.self_attn.o_proj	11	self_attn.o_proj	1	a	1.0000
addsub-05-filter-last-pos-ceiling	layers.11.self_attn.o_proj	11	self_attn.o_proj	2	op	1.0000
addsub-05-filter-last-pos-ceiling	layers.11.self_attn.o_proj	11	self_attn.o_proj	3	b	1.1838
addsub-05-filter-last-pos-ceiling	layers.11.self_attn.o_proj	11	self_attn.o_proj	4	=	1.0000
addsub-05-filter-last-pos-ceiling	layers.11.self_attn.q_proj	11	self_attn.q_proj	0	<BOS>	0.0000
addsub-05-filter-last-pos-ceiling	layers.11.self_attn.q_proj	11	self_attn.q_proj	1	a	1.0000
addsub-05-filter-last-pos-ceiling	layers.11.self_attn.q_proj	11	self_attn.q_proj	2	op	1.0000
addsub-05-filter-last-pos-ceiling	layers.11.self_attn.q_proj	11	self_attn.q_proj	3	b	1.1593
addsub-05-filter-last-pos-ceiling	layers.11.self_attn.q_proj	11	self_attn.q_proj	4	=	1.0000
addsub-05-filter-last-pos-ceiling	layers.11.self_attn.v_proj	11	self_attn.v_proj	0	<BOS>	4.0000
addsub-05-filter-last-pos-ceiling	layers.11.self_attn.v_proj	11	self_attn.v_proj	1	a	1.0000
addsub-05-filter-last-pos-ceiling	layers.11.self_attn.v_proj	11	self_attn.v_proj	2	op	0.9870
addsub-05-filter-last-pos-ceiling	layers.11.self_attn.v_proj	11	self_attn.v_proj	3	b	0.4947
addsub-05-filter-last-pos-ceiling	layers.11.self_attn.v_proj	11	self_attn.v_proj	4	=	0.0000
addsub-05-filter-last-pos-ceiling	layers.12.mlp.down_proj	12	mlp.down_proj	0	<BOS>	1.0000
addsub-05-filter-last-pos-ceiling	layers.12.mlp.down_proj	12	mlp.down_proj	1	a	4.6908
addsub-05-filter-last-pos-ceiling	layers.12.mlp.down_proj	12	mlp.down_proj	2	op	4.0083
addsub-05-filter-last-pos-ceiling	layers.12.mlp.down_proj	12	mlp.down_proj	3	b	6.9152
addsub-05-filter-last-pos-ceiling	layers.12.mlp.down_proj	12	mlp.down_proj	4	=	2.1505
addsub-05-filter-last-pos-ceiling	layers.12.mlp.gate_proj	12	mlp.gate_proj	0	<BOS>	1.0000
addsub-05-filter-last-pos-ceiling	layers.12.mlp.gate_proj	12	mlp.gate_proj	1	a	5.3980
addsub-05-filter-last-pos-ceiling	layers.12.mlp.gate_proj	12	mlp.gate_proj	2	op	2.9425
addsub-05-filter-last-pos-ceiling	layers.12.mlp.gate_proj	12	mlp.gate_proj	3	b	6.0747
addsub-05-filter-last-pos-ceiling	layers.12.mlp.gate_proj	12	mlp.gate_proj	4	=	1.9765
addsub-05-filter-last-pos-ceiling	layers.12.mlp.up_proj	12	mlp.up_proj	0	<BOS>	2.0000
addsub-05-filter-last-pos-ceiling	layers.12.mlp.up_proj	12	mlp.up_proj	1	a	3.5835
addsub-05-filter-last-pos-ceiling	layers.12.mlp.up_proj	12	mlp.up_proj	2	op	3.3093
addsub-05-filter-last-pos-ceiling	layers.12.mlp.up_proj	12	mlp.up_proj	3	b	4.2733
addsub-05-filter-last-pos-ceiling	layers.12.mlp.up_proj	12	mlp.up_proj	4	=	1.7878
addsub-05-filter-last-pos-ceiling	layers.12.self_attn.k_proj	12	self_attn.k_proj	0	<BOS>	2.0000
addsub-05-filter-last-pos-ceiling	layers.12.self_attn.k_proj	12	self_attn.k_proj	1	a	1.0000
addsub-05-filter-last-pos-ceiling	layers.12.self_attn.k_proj	12	self_attn.k_proj	2	op	1.0000
addsub-05-filter-last-pos-ceiling	layers.12.self_attn.k_proj	12	self_attn.k_proj	3	b	1.0000
addsub-05-filter-last-pos-ceiling	layers.12.self_attn.k_proj	12	self_attn.k_proj	4	=	1.0000
addsub-05-filter-last-pos-ceiling	layers.12.self_attn.o_proj	12	self_attn.o_proj	0	<BOS>	0.0000
addsub-05-filter-last-pos-ceiling	layers.12.self_attn.o_proj	12	self_attn.o_proj	1	a	2.0000
addsub-05-filter-last-pos-ceiling	layers.12.self_attn.o_proj	12	self_attn.o_proj	2	op	1.9760
addsub-05-filter-last-pos-ceiling	layers.12.self_attn.o_proj	12	self_attn.o_proj	3	b	1.8088
addsub-05-filter-last-pos-ceiling	layers.12.self_attn.o_proj	12	self_attn.o_proj	4	=	1.0002
addsub-05-filter-last-pos-ceiling	layers.12.self_attn.q_proj	12	self_attn.q_proj	0	<BOS>	0.0000
addsub-05-filter-last-pos-ceiling	layers.12.self_attn.q_proj	12	self_attn.q_proj	1	a	1.0000
addsub-05-filter-last-pos-ceiling	layers.12.self_attn.q_proj	12	self_attn.q_proj	2	op	1.0000
addsub-05-filter-last-pos-ceiling	layers.12.self_attn.q_proj	12	self_attn.q_proj	3	b	1.4485
addsub-05-filter-last-pos-ceiling	layers.12.self_attn.q_proj	12	self_attn.q_proj	4	=	1.0000
addsub-05-filter-last-pos-ceiling	layers.12.self_attn.v_proj	12	self_attn.v_proj	0	<BOS>	2.0000
addsub-05-filter-last-pos-ceiling	layers.12.self_attn.v_proj	12	self_attn.v_proj	1	a	2.0000
addsub-05-filter-last-pos-ceiling	layers.12.self_attn.v_proj	12	self_attn.v_proj	2	op	1.5338
addsub-05-filter-last-pos-ceiling	layers.12.self_attn.v_proj	12	self_attn.v_proj	3	b	1.3932
addsub-05-filter-last-pos-ceiling	layers.12.self_attn.v_proj	12	self_attn.v_proj	4	=	1.0005
addsub-05-filter-last-pos-ceiling	layers.13.mlp.down_proj	13	mlp.down_proj	0	<BOS>	2.0000
addsub-05-filter-last-pos-ceiling	layers.13.mlp.down_proj	13	mlp.down_proj	1	a	5.3580
addsub-05-filter-last-pos-ceiling	layers.13.mlp.down_proj	13	mlp.down_proj	2	op	3.6367
addsub-05-filter-last-pos-ceiling	layers.13.mlp.down_proj	13	mlp.down_proj	3	b	7.3418
addsub-05-filter-last-pos-ceiling	layers.13.mlp.down_proj	13	mlp.down_proj	4	=	3.0935
addsub-05-filter-last-pos-ceiling	layers.13.mlp.gate_proj	13	mlp.gate_proj	0	<BOS>	1.0000
addsub-05-filter-last-pos-ceiling	layers.13.mlp.gate_proj	13	mlp.gate_proj	1	a	3.8940
addsub-05-filter-last-pos-ceiling	layers.13.mlp.gate_proj	13	mlp.gate_proj	2	op	3.0780
addsub-05-filter-last-pos-ceiling	layers.13.mlp.gate_proj	13	mlp.gate_proj	3	b	6.2302
addsub-05-filter-last-pos-ceiling	layers.13.mlp.gate_proj	13	mlp.gate_proj	4	=	1.9995
addsub-05-filter-last-pos-ceiling	layers.13.mlp.up_proj	13	mlp.up_proj	0	<BOS>	1.0000
addsub-05-filter-last-pos-ceiling	layers.13.mlp.up_proj	13	mlp.up_proj	1	a	3.6275
addsub-05-filter-last-pos-ceiling	layers.13.mlp.up_proj	13	mlp.up_proj	2	op	2.9318
addsub-05-filter-last-pos-ceiling	layers.13.mlp.up_proj	13	mlp.up_proj	3	b	5.0093
addsub-05-filter-last-pos-ceiling	layers.13.mlp.up_proj	13	mlp.up_proj	4	=	2.0312
addsub-05-filter-last-pos-ceiling	layers.13.self_attn.k_proj	13	self_attn.k_proj	0	<BOS>	3.0000
addsub-05-filter-last-pos-ceiling	layers.13.self_attn.k_proj	13	self_attn.k_proj	1	a	0.5282
addsub-05-filter-last-pos-ceiling	layers.13.self_attn.k_proj	13	self_attn.k_proj	2	op	0.9287
addsub-05-filter-last-pos-ceiling	layers.13.self_attn.k_proj	13	self_attn.k_proj	3	b	0.8242
addsub-05-filter-last-pos-ceiling	layers.13.self_attn.k_proj	13	self_attn.k_proj	4	=	1.0022
addsub-05-filter-last-pos-ceiling	layers.13.self_attn.o_proj	13	self_attn.o_proj	0	<BOS>	0.0000
addsub-05-filter-last-pos-ceiling	layers.13.self_attn.o_proj	13	self_attn.o_proj	1	a	1.0000
addsub-05-filter-last-pos-ceiling	layers.13.self_attn.o_proj	13	self_attn.o_proj	2	op	1.0000
addsub-05-filter-last-pos-ceiling	layers.13.self_attn.o_proj	13	self_attn.o_proj	3	b	1.4922
addsub-05-filter-last-pos-ceiling	layers.13.self_attn.o_proj	13	self_attn.o_proj	4	=	3.1835
addsub-05-filter-last-pos-ceiling	layers.13.self_attn.q_proj	13	self_attn.q_proj	0	<BOS>	0.0000
addsub-05-filter-last-pos-ceiling	layers.13.self_attn.q_proj	13	self_attn.q_proj	1	a	1.0000
addsub-05-filter-last-pos-ceiling	layers.13.self_attn.q_proj	13	self_attn.q_proj	2	op	1.0000
addsub-05-filter-last-pos-ceiling	layers.13.self_attn.q_proj	13	self_attn.q_proj	3	b	1.0000
addsub-05-filter-last-pos-ceiling	layers.13.self_attn.q_proj	13	self_attn.q_proj	4	=	1.0000
addsub-05-filter-last-pos-ceiling	layers.13.self_attn.v_proj	13	self_attn.v_proj	0	<BOS>	2.0000
addsub-05-filter-last-pos-ceiling	layers.13.self_attn.v_proj	13	self_attn.v_proj	1	a	1.0005
addsub-05-filter-last-pos-ceiling	layers.13.self_attn.v_proj	13	self_attn.v_proj	2	op	0.9370
addsub-05-filter-last-pos-ceiling	layers.13.self_attn.v_proj	13	self_attn.v_proj	3	b	1.4350
addsub-05-filter-last-pos-ceiling	layers.13.self_attn.v_proj	13	self_attn.v_proj	4	=	1.5007
addsub-05-filter-last-pos-ceiling	layers.14.mlp.down_proj	14	mlp.down_proj	0	<BOS>	3.0000
addsub-05-filter-last-pos-ceiling	layers.14.mlp.down_proj	14	mlp.down_proj	1	a	4.8647
addsub-05-filter-last-pos-ceiling	layers.14.mlp.down_proj	14	mlp.down_proj	2	op	3.8063
addsub-05-filter-last-pos-ceiling	layers.14.mlp.down_proj	14	mlp.down_proj	3	b	7.4765
addsub-05-filter-last-pos-ceiling	layers.14.mlp.down_proj	14	mlp.down_proj	4	=	2.1665
addsub-05-filter-last-pos-ceiling	layers.14.mlp.gate_proj	14	mlp.gate_proj	0	<BOS>	2.0000
addsub-05-filter-last-pos-ceiling	layers.14.mlp.gate_proj	14	mlp.gate_proj	1	a	4.0295
addsub-05-filter-last-pos-ceiling	layers.14.mlp.gate_proj	14	mlp.gate_proj	2	op	2.2850
addsub-05-filter-last-pos-ceiling	layers.14.mlp.gate_proj	14	mlp.gate_proj	3	b	5.7558
addsub-05-filter-last-pos-ceiling	layers.14.mlp.gate_proj	14	mlp.gate_proj	4	=	2.0392
addsub-05-filter-last-pos-ceiling	layers.14.mlp.up_proj	14	mlp.up_proj	0	<BOS>	2.0000
addsub-05-filter-last-pos-ceiling	layers.14.mlp.up_proj	14	mlp.up_proj	1	a	4.3115
addsub-05-filter-last-pos-ceiling	layers.14.mlp.up_proj	14	mlp.up_proj	2	op	2.8015
addsub-05-filter-last-pos-ceiling	layers.14.mlp.up_proj	14	mlp.up_proj	3	b	4.9548
addsub-05-filter-last-pos-ceiling	layers.14.mlp.up_proj	14	mlp.up_proj	4	=	1.8637
addsub-05-filter-last-pos-ceiling	layers.14.self_attn.k_proj	14	self_attn.k_proj	0	<BOS>	2.0000
addsub-05-filter-last-pos-ceiling	layers.14.self_attn.k_proj	14	self_attn.k_proj	1	a	1.0000
addsub-05-filter-last-pos-ceiling	layers.14.self_attn.k_proj	14	self_attn.k_proj	2	op	1.3008
addsub-05-filter-last-pos-ceiling	layers.14.self_attn.k_proj	14	self_attn.k_proj	3	b	0.9977
addsub-05-filter-last-pos-ceiling	layers.14.self_attn.k_proj	14	self_attn.k_proj	4	=	1.0000
addsub-05-filter-last-pos-ceiling	layers.14.self_attn.o_proj	14	self_attn.o_proj	0	<BOS>	1.0000
addsub-05-filter-last-pos-ceiling	layers.14.self_attn.o_proj	14	self_attn.o_proj	1	a	1.0000
addsub-05-filter-last-pos-ceiling	layers.14.self_attn.o_proj	14	self_attn.o_proj	2	op	1.7685
addsub-05-filter-last-pos-ceiling	layers.14.self_attn.o_proj	14	self_attn.o_proj	3	b	2.0157
addsub-05-filter-last-pos-ceiling	layers.14.self_attn.o_proj	14	self_attn.o_proj	4	=	2.0582
addsub-05-filter-last-pos-ceiling	layers.14.self_attn.q_proj	14	self_attn.q_proj	0	<BOS>	0.0000
addsub-05-filter-last-pos-ceiling	layers.14.self_attn.q_proj	14	self_attn.q_proj	1	a	1.0005
addsub-05-filter-last-pos-ceiling	layers.14.self_attn.q_proj	14	self_attn.q_proj	2	op	1.4918
addsub-05-filter-last-pos-ceiling	layers.14.self_attn.q_proj	14	self_attn.q_proj	3	b	1.6830
addsub-05-filter-last-pos-ceiling	layers.14.self_attn.q_proj	14	self_attn.q_proj	4	=	1.4948
addsub-05-filter-last-pos-ceiling	layers.14.self_attn.v_proj	14	self_attn.v_proj	0	<BOS>	2.0000
addsub-05-filter-last-pos-ceiling	layers.14.self_attn.v_proj	14	self_attn.v_proj	1	a	2.0017
addsub-05-filter-last-pos-ceiling	layers.14.self_attn.v_proj	14	self_attn.v_proj	2	op	1.0013
addsub-05-filter-last-pos-ceiling	layers.14.self_attn.v_proj	14	self_attn.v_proj	3	b	1.7560
addsub-05-filter-last-pos-ceiling	layers.14.self_attn.v_proj	14	self_attn.v_proj	4	=	1.0000
addsub-05-filter-last-pos-ceiling	layers.15.mlp.down_proj	15	mlp.down_proj	0	<BOS>	3.0000
addsub-05-filter-last-pos-ceiling	layers.15.mlp.down_proj	15	mlp.down_proj	1	a	4.0023
addsub-05-filter-last-pos-ceiling	layers.15.mlp.down_proj	15	mlp.down_proj	2	op	3.2880
addsub-05-filter-last-pos-ceiling	layers.15.mlp.down_proj	15	mlp.down_proj	3	b	5.6305
addsub-05-filter-last-pos-ceiling	layers.15.mlp.down_proj	15	mlp.down_proj	4	=	7.9075
addsub-05-filter-last-pos-ceiling	layers.15.mlp.gate_proj	15	mlp.gate_proj	0	<BOS>	4.0000
addsub-05-filter-last-pos-ceiling	layers.15.mlp.gate_proj	15	mlp.gate_proj	1	a	4.1245
addsub-05-filter-last-pos-ceiling	layers.15.mlp.gate_proj	15	mlp.gate_proj	2	op	2.5303
addsub-05-filter-last-pos-ceiling	layers.15.mlp.gate_proj	15	mlp.gate_proj	3	b	4.6520
addsub-05-filter-last-pos-ceiling	layers.15.mlp.gate_proj	15	mlp.gate_proj	4	=	4.6080
addsub-05-filter-last-pos-ceiling	layers.15.mlp.up_proj	15	mlp.up_proj	0	<BOS>	4.0000
addsub-05-filter-last-pos-ceiling	layers.15.mlp.up_proj	15	mlp.up_proj	1	a	2.9048
addsub-05-filter-last-pos-ceiling	layers.15.mlp.up_proj	15	mlp.up_proj	2	op	3.0660
addsub-05-filter-last-pos-ceiling	layers.15.mlp.up_proj	15	mlp.up_proj	3	b	4.5540
addsub-05-filter-last-pos-ceiling	layers.15.mlp.up_proj	15	mlp.up_proj	4	=	5.5505
addsub-05-filter-last-pos-ceiling	layers.15.self_attn.k_proj	15	self_attn.k_proj	0	<BOS>	1.0000
addsub-05-filter-last-pos-ceiling	layers.15.self_attn.k_proj	15	self_attn.k_proj	1	a	1.0718
addsub-05-filter-last-pos-ceiling	layers.15.self_attn.k_proj	15	self_attn.k_proj	2	op	1.0000
addsub-05-filter-last-pos-ceiling	layers.15.self_attn.k_proj	15	self_attn.k_proj	3	b	1.9972
addsub-05-filter-last-pos-ceiling	layers.15.self_attn.k_proj	15	self_attn.k_proj	4	=	1.0000
addsub-05-filter-last-pos-ceiling	layers.15.self_attn.o_proj	15	self_attn.o_proj	0	<BOS>	0.0000
addsub-05-filter-last-pos-ceiling	layers.15.self_attn.o_proj	15	self_attn.o_proj	1	a	1.0040
addsub-05-filter-last-pos-ceiling	layers.15.self_attn.o_proj	15	self_attn.o_proj	2	op	1.0532
addsub-05-filter-last-pos-ceiling	layers.15.self_attn.o_proj	15	self_attn.o_proj	3	b	2.7920
addsub-05-filter-last-pos-ceiling	layers.15.self_attn.o_proj	15	self_attn.o_proj	4	=	10.3960
addsub-05-filter-last-pos-ceiling	layers.15.self_attn.q_proj	15	self_attn.q_proj	0	<BOS>	0.0000
addsub-05-filter-last-pos-ceiling	layers.15.self_attn.q_proj	15	self_attn.q_proj	1	a	1.0000
addsub-05-filter-last-pos-ceiling	layers.15.self_attn.q_proj	15	self_attn.q_proj	2	op	1.0000
addsub-05-filter-last-pos-ceiling	layers.15.self_attn.q_proj	15	self_attn.q_proj	3	b	1.4855
addsub-05-filter-last-pos-ceiling	layers.15.self_attn.q_proj	15	self_attn.q_proj	4	=	2.0000
addsub-05-filter-last-pos-ceiling	layers.15.self_attn.v_proj	15	self_attn.v_proj	0	<BOS>	3.0000
addsub-05-filter-last-pos-ceiling	layers.15.self_attn.v_proj	15	self_attn.v_proj	1	a	1.0705
addsub-05-filter-last-pos-ceiling	layers.15.self_attn.v_proj	15	self_attn.v_proj	2	op	1.1535
addsub-05-filter-last-pos-ceiling	layers.15.self_attn.v_proj	15	self_attn.v_proj	3	b	9.8060
addsub-05-filter-last-pos-ceiling	layers.15.self_attn.v_proj	15	self_attn.v_proj	4	=	0.9570
addsub-05-filter-last-pos-ceiling	layers.16.mlp.down_proj	16	mlp.down_proj	0	<BOS>	2.0000
addsub-05-filter-last-pos-ceiling	layers.16.mlp.down_proj	16	mlp.down_proj	1	a	6.5708
addsub-05-filter-last-pos-ceiling	layers.16.mlp.down_proj	16	mlp.down_proj	2	op	4.7775
addsub-05-filter-last-pos-ceiling	layers.16.mlp.down_proj	16	mlp.down_proj	3	b	6.4278
addsub-05-filter-last-pos-ceiling	layers.16.mlp.down_proj	16	mlp.down_proj	4	=	9.3105
addsub-05-filter-last-pos-ceiling	layers.16.mlp.gate_proj	16	mlp.gate_proj	0	<BOS>	2.0000
addsub-05-filter-last-pos-ceiling	layers.16.mlp.gate_proj	16	mlp.gate_proj	1	a	3.7805
addsub-05-filter-last-pos-ceiling	layers.16.mlp.gate_proj	16	mlp.gate_proj	2	op	2.9160
addsub-05-filter-last-pos-ceiling	layers.16.mlp.gate_proj	16	mlp.gate_proj	3	b	4.5185
addsub-05-filter-last-pos-ceiling	layers.16.mlp.gate_proj	16	mlp.gate_proj	4	=	7.3375
addsub-05-filter-last-pos-ceiling	layers.16.mlp.up_proj	16	mlp.up_proj	0	<BOS>	1.0000
addsub-05-filter-last-pos-ceiling	layers.16.mlp.up_proj	16	mlp.up_proj	1	a	3.0912
addsub-05-filter-last-pos-ceiling	layers.16.mlp.up_proj	16	mlp.up_proj	2	op	3.2443
addsub-05-filter-last-pos-ceiling	layers.16.mlp.up_proj	16	mlp.up_proj	3	b	4.2515
addsub-05-filter-last-pos-ceiling	layers.16.mlp.up_proj	16	mlp.up_proj	4	=	6.4538
addsub-05-filter-last-pos-ceiling	layers.16.self_attn.k_proj	16	self_attn.k_proj	0	<BOS>	1.0000
addsub-05-filter-last-pos-ceiling	layers.16.self_attn.k_proj	16	self_attn.k_proj	1	a	1.0007
addsub-05-filter-last-pos-ceiling	layers.16.self_attn.k_proj	16	self_attn.k_proj	2	op	1.0057
addsub-05-filter-last-pos-ceiling	layers.16.self_attn.k_proj	16	self_attn.k_proj	3	b	1.6135
addsub-05-filter-last-pos-ceiling	layers.16.self_attn.k_proj	16	self_attn.k_proj	4	=	1.0002
addsub-05-filter-last-pos-ceiling	layers.16.self_attn.o_proj	16	self_attn.o_proj	0	<BOS>	1.0000
addsub-05-filter-last-pos-ceiling	layers.16.self_attn.o_proj	16	self_attn.o_proj	1	a	1.2663
addsub-05-filter-last-pos-ceiling	layers.16.self_attn.o_proj	16	self_attn.o_proj	2	op	4.0233
addsub-05-filter-last-pos-ceiling	layers.16.self_attn.o_proj	16	self_attn.o_proj	3	b	3.2043
addsub-05-filter-last-pos-ceiling	layers.16.self_attn.o_proj	16	self_attn.o_proj	4	=	11.3597
addsub-05-filter-last-pos-ceiling	layers.16.self_attn.q_proj	16	self_attn.q_proj	0	<BOS>	0.0000
addsub-05-filter-last-pos-ceiling	layers.16.self_attn.q_proj	16	self_attn.q_proj	1	a	1.0000
addsub-05-filter-last-pos-ceiling	layers.16.self_attn.q_proj	16	self_attn.q_proj	2	op	1.7600
addsub-05-filter-last-pos-ceiling	layers.16.self_attn.q_proj	16	self_attn.q_proj	3	b	1.2988
addsub-05-filter-last-pos-ceiling	layers.16.self_attn.q_proj	16	self_attn.q_proj	4	=	1.9998
addsub-05-filter-last-pos-ceiling	layers.16.self_attn.v_proj	16	self_attn.v_proj	0	<BOS>	1.0000
addsub-05-filter-last-pos-ceiling	layers.16.self_attn.v_proj	16	self_attn.v_proj	1	a	7.9205
addsub-05-filter-last-pos-ceiling	layers.16.self_attn.v_proj	16	self_attn.v_proj	2	op	2.0985
addsub-05-filter-last-pos-ceiling	layers.16.self_attn.v_proj	16	self_attn.v_proj	3	b	2.3075
addsub-05-filter-last-pos-ceiling	layers.16.self_attn.v_proj	16	self_attn.v_proj	4	=	1.0000
addsub-05-filter-last-pos-ceiling	layers.17.mlp.down_proj	17	mlp.down_proj	0	<BOS>	2.0000
addsub-05-filter-last-pos-ceiling	layers.17.mlp.down_proj	17	mlp.down_proj	1	a	4.2222
addsub-05-filter-last-pos-ceiling	layers.17.mlp.down_proj	17	mlp.down_proj	2	op	3.3255
addsub-05-filter-last-pos-ceiling	layers.17.mlp.down_proj	17	mlp.down_proj	3	b	5.9245
addsub-05-filter-last-pos-ceiling	layers.17.mlp.down_proj	17	mlp.down_proj	4	=	8.4600
addsub-05-filter-last-pos-ceiling	layers.17.mlp.gate_proj	17	mlp.gate_proj	0	<BOS>	2.0000
addsub-05-filter-last-pos-ceiling	layers.17.mlp.gate_proj	17	mlp.gate_proj	1	a	3.8537
addsub-05-filter-last-pos-ceiling	layers.17.mlp.gate_proj	17	mlp.gate_proj	2	op	3.4118
addsub-05-filter-last-pos-ceiling	layers.17.mlp.gate_proj	17	mlp.gate_proj	3	b	4.5740
addsub-05-filter-last-pos-ceiling	layers.17.mlp.gate_proj	17	mlp.gate_proj	4	=	5.3302
addsub-05-filter-last-pos-ceiling	layers.17.mlp.up_proj	17	mlp.up_proj	0	<BOS>	1.0000
addsub-05-filter-last-pos-ceiling	layers.17.mlp.up_proj	17	mlp.up_proj	1	a	2.6093
addsub-05-filter-last-pos-ceiling	layers.17.mlp.up_proj	17	mlp.up_proj	2	op	2.9992
addsub-05-filter-last-pos-ceiling	layers.17.mlp.up_proj	17	mlp.up_proj	3	b	3.4330
addsub-05-filter-last-pos-ceiling	layers.17.mlp.up_proj	17	mlp.up_proj	4	=	7.0188
addsub-05-filter-last-pos-ceiling	layers.17.self_attn.k_proj	17	self_attn.k_proj	0	<BOS>	1.0000
addsub-05-filter-last-pos-ceiling	layers.17.self_attn.k_proj	17	self_attn.k_proj	1	a	1.0000
addsub-05-filter-last-pos-ceiling	layers.17.self_attn.k_proj	17	self_attn.k_proj	2	op	0.9995
addsub-05-filter-last-pos-ceiling	layers.17.self_attn.k_proj	17	self_attn.k_proj	3	b	0.9247
addsub-05-filter-last-pos-ceiling	layers.17.self_attn.k_proj	17	self_attn.k_proj	4	=	0.0010
addsub-05-filter-last-pos-ceiling	layers.17.self_attn.o_proj	17	self_attn.o_proj	0	<BOS>	1.0000
addsub-05-filter-last-pos-ceiling	layers.17.self_attn.o_proj	17	self_attn.o_proj	1	a	1.0000
addsub-05-filter-last-pos-ceiling	layers.17.self_attn.o_proj	17	self_attn.o_proj	2	op	1.0370
addsub-05-filter-last-pos-ceiling	layers.17.self_attn.o_proj	17	self_attn.o_proj	3	b	2.8157
addsub-05-filter-last-pos-ceiling	layers.17.self_attn.o_proj	17	self_attn.o_proj	4	=	1.0015
addsub-05-filter-last-pos-ceiling	layers.17.self_attn.q_proj	17	self_attn.q_proj	0	<BOS>	0.0000
addsub-05-filter-last-pos-ceiling	layers.17.self_attn.q_proj	17	self_attn.q_proj	1	a	1.0000
addsub-05-filter-last-pos-ceiling	layers.17.self_attn.q_proj	17	self_attn.q_proj	2	op	1.0000
addsub-05-filter-last-pos-ceiling	layers.17.self_attn.q_proj	17	self_attn.q_proj	3	b	1.9945
addsub-05-filter-last-pos-ceiling	layers.17.self_attn.q_proj	17	self_attn.q_proj	4	=	1.0005
addsub-05-filter-last-pos-ceiling	layers.17.self_attn.v_proj	17	self_attn.v_proj	0	<BOS>	2.0000
addsub-05-filter-last-pos-ceiling	layers.17.self_attn.v_proj	17	self_attn.v_proj	1	a	1.0000
addsub-05-filter-last-pos-ceiling	layers.17.self_attn.v_proj	17	self_attn.v_proj	2	op	2.2465
addsub-05-filter-last-pos-ceiling	layers.17.self_attn.v_proj	17	self_attn.v_proj	3	b	1.6372
addsub-05-filter-last-pos-ceiling	layers.17.self_attn.v_proj	17	self_attn.v_proj	4	=	0.2645
addsub-05-filter-last-pos-ceiling	layers.18.mlp.down_proj	18	mlp.down_proj	0	<BOS>	1.0000
addsub-05-filter-last-pos-ceiling	layers.18.mlp.down_proj	18	mlp.down_proj	1	a	4.3065
addsub-05-filter-last-pos-ceiling	layers.18.mlp.down_proj	18	mlp.down_proj	2	op	4.9633
addsub-05-filter-last-pos-ceiling	layers.18.mlp.down_proj	18	mlp.down_proj	3	b	4.3203
addsub-05-filter-last-pos-ceiling	layers.18.mlp.down_proj	18	mlp.down_proj	4	=	14.2137
addsub-05-filter-last-pos-ceiling	layers.18.mlp.gate_proj	18	mlp.gate_proj	0	<BOS>	2.0000
addsub-05-filter-last-pos-ceiling	layers.18.mlp.gate_proj	18	mlp.gate_proj	1	a	3.3668
addsub-05-filter-last-pos-ceiling	layers.18.mlp.gate_proj	18	mlp.gate_proj	2	op	4.2283
addsub-05-filter-last-pos-ceiling	layers.18.mlp.gate_proj	18	mlp.gate_proj	3	b	4.3045
addsub-05-filter-last-pos-ceiling	layers.18.mlp.gate_proj	18	mlp.gate_proj	4	=	11.9303
addsub-05-filter-last-pos-ceiling	layers.18.mlp.up_proj	18	mlp.up_proj	0	<BOS>	1.0000
addsub-05-filter-last-pos-ceiling	layers.18.mlp.up_proj	18	mlp.up_proj	1	a	3.1957
addsub-05-filter-last-pos-ceiling	layers.18.mlp.up_proj	18	mlp.up_proj	2	op	3.1990
addsub-05-filter-last-pos-ceiling	layers.18.mlp.up_proj	18	mlp.up_proj	3	b	3.2898
addsub-05-filter-last-pos-ceiling	layers.18.mlp.up_proj	18	mlp.up_proj	4	=	12.6252
addsub-05-filter-last-pos-ceiling	layers.18.self_attn.k_proj	18	self_attn.k_proj	0	<BOS>	1.0000
addsub-05-filter-last-pos-ceiling	layers.18.self_attn.k_proj	18	self_attn.k_proj	1	a	1.0060
addsub-05-filter-last-pos-ceiling	layers.18.self_attn.k_proj	18	self_attn.k_proj	2	op	1.4050
addsub-05-filter-last-pos-ceiling	layers.18.self_attn.k_proj	18	self_attn.k_proj	3	b	1.0025
addsub-05-filter-last-pos-ceiling	layers.18.self_attn.k_proj	18	self_attn.k_proj	4	=	0.6345
addsub-05-filter-last-pos-ceiling	layers.18.self_attn.o_proj	18	self_attn.o_proj	0	<BOS>	1.0000
addsub-05-filter-last-pos-ceiling	layers.18.self_attn.o_proj	18	self_attn.o_proj	1	a	1.0000
addsub-05-filter-last-pos-ceiling	layers.18.self_attn.o_proj	18	self_attn.o_proj	2	op	4.5060
addsub-05-filter-last-pos-ceiling	layers.18.self_attn.o_proj	18	self_attn.o_proj	3	b	1.0562
addsub-05-filter-last-pos-ceiling	layers.18.self_attn.o_proj	18	self_attn.o_proj	4	=	4.9515
addsub-05-filter-last-pos-ceiling	layers.18.self_attn.q_proj	18	self_attn.q_proj	0	<BOS>	0.0000
addsub-05-filter-last-pos-ceiling	layers.18.self_attn.q_proj	18	self_attn.q_proj	1	a	1.0000
addsub-05-filter-last-pos-ceiling	layers.18.self_attn.q_proj	18	self_attn.q_proj	2	op	1.6370
addsub-05-filter-last-pos-ceiling	layers.18.self_attn.q_proj	18	self_attn.q_proj	3	b	1.0315
addsub-05-filter-last-pos-ceiling	layers.18.self_attn.q_proj	18	self_attn.q_proj	4	=	2.0322
addsub-05-filter-last-pos-ceiling	layers.18.self_attn.v_proj	18	self_attn.v_proj	0	<BOS>	1.0000
addsub-05-filter-last-pos-ceiling	layers.18.self_attn.v_proj	18	self_attn.v_proj	1	a	3.9550
addsub-05-filter-last-pos-ceiling	layers.18.self_attn.v_proj	18	self_attn.v_proj	2	op	1.1193
addsub-05-filter-last-pos-ceiling	layers.18.self_attn.v_proj	18	self_attn.v_proj	3	b	3.0580
addsub-05-filter-last-pos-ceiling	layers.18.self_attn.v_proj	18	self_attn.v_proj	4	=	0.0005
addsub-05-filter-last-pos-ceiling	layers.19.mlp.down_proj	19	mlp.down_proj	0	<BOS>	2.0000
addsub-05-filter-last-pos-ceiling	layers.19.mlp.down_proj	19	mlp.down_proj	1	a	4.5890
addsub-05-filter-last-pos-ceiling	layers.19.mlp.down_proj	19	mlp.down_proj	2	op	4.6030
addsub-05-filter-last-pos-ceiling	layers.19.mlp.down_proj	19	mlp.down_proj	3	b	4.6905
addsub-05-filter-last-pos-ceiling	layers.19.mlp.down_proj	19	mlp.down_proj	4	=	8.0933
addsub-05-filter-last-pos-ceiling	layers.19.mlp.gate_proj	19	mlp.gate_proj	0	<BOS>	1.0000
addsub-05-filter-last-pos-ceiling	layers.19.mlp.gate_proj	19	mlp.gate_proj	1	a	3.0225
addsub-05-filter-last-pos-ceiling	layers.19.mlp.gate_proj	19	mlp.gate_proj	2	op	3.1170
addsub-05-filter-last-pos-ceiling	layers.19.mlp.gate_proj	19	mlp.gate_proj	3	b	3.3173
addsub-05-filter-last-pos-ceiling	layers.19.mlp.gate_proj	19	mlp.gate_proj	4	=	6.1620
addsub-05-filter-last-pos-ceiling	layers.19.mlp.up_proj	19	mlp.up_proj	0	<BOS>	1.0000
addsub-05-filter-last-pos-ceiling	layers.19.mlp.up_proj	19	mlp.up_proj	1	a	2.5520
addsub-05-filter-last-pos-ceiling	layers.19.mlp.up_proj	19	mlp.up_proj	2	op	3.2587
addsub-05-filter-last-pos-ceiling	layers.19.mlp.up_proj	19	mlp.up_proj	3	b	2.8863
addsub-05-filter-last-pos-ceiling	layers.19.mlp.up_proj	19	mlp.up_proj	4	=	6.1277
addsub-05-filter-last-pos-ceiling	layers.19.self_attn.k_proj	19	self_attn.k_proj	0	<BOS>	2.0000
addsub-05-filter-last-pos-ceiling	layers.19.self_attn.k_proj	19	self_attn.k_proj	1	a	1.0000
addsub-05-filter-last-pos-ceiling	layers.19.self_attn.k_proj	19	self_attn.k_proj	2	op	1.0000
addsub-05-filter-last-pos-ceiling	layers.19.self_attn.k_proj	19	self_attn.k_proj	3	b	0.9682
addsub-05-filter-last-pos-ceiling	layers.19.self_attn.k_proj	19	self_attn.k_proj	4	=	0.0025
addsub-05-filter-last-pos-ceiling	layers.19.self_attn.o_proj	19	self_attn.o_proj	0	<BOS>	1.0000
addsub-05-filter-last-pos-ceiling	layers.19.self_attn.o_proj	19	self_attn.o_proj	1	a	1.0000
addsub-05-filter-last-pos-ceiling	layers.19.self_attn.o_proj	19	self_attn.o_proj	2	op	1.0000
addsub-05-filter-last-pos-ceiling	layers.19.self_attn.o_proj	19	self_attn.o_proj	3	b	1.0000
addsub-05-filter-last-pos-ceiling	layers.19.self_attn.o_proj	19	self_attn.o_proj	4	=	1.0000
addsub-05-filter-last-pos-ceiling	layers.19.self_attn.q_proj	19	self_attn.q_proj	0	<BOS>	0.0000
addsub-05-filter-last-pos-ceiling	layers.19.self_attn.q_proj	19	self_attn.q_proj	1	a	1.0000
addsub-05-filter-last-pos-ceiling	layers.19.self_attn.q_proj	19	self_attn.q_proj	2	op	1.0000
addsub-05-filter-last-pos-ceiling	layers.19.self_attn.q_proj	19	self_attn.q_proj	3	b	1.0000
addsub-05-filter-last-pos-ceiling	layers.19.self_attn.q_proj	19	self_attn.q_proj	4	=	1.0000
addsub-05-filter-last-pos-ceiling	layers.19.self_attn.v_proj	19	self_attn.v_proj	0	<BOS>	1.0000
addsub-05-filter-last-pos-ceiling	layers.19.self_attn.v_proj	19	self_attn.v_proj	1	a	1.0002
addsub-05-filter-last-pos-ceiling	layers.19.self_attn.v_proj	19	self_attn.v_proj	2	op	0.9588
addsub-05-filter-last-pos-ceiling	layers.19.self_attn.v_proj	19	self_attn.v_proj	3	b	0.1560
addsub-05-filter-last-pos-ceiling	layers.19.self_attn.v_proj	19	self_attn.v_proj	4	=	0.0000
addsub-05-filter-last-pos-ceiling	layers.2.mlp.down_proj	2	mlp.down_proj	0	<BOS>	2.0000
addsub-05-filter-last-pos-ceiling	layers.2.mlp.down_proj	2	mlp.down_proj	1	a	4.4920
addsub-05-filter-last-pos-ceiling	layers.2.mlp.down_proj	2	mlp.down_proj	2	op	3.9827
addsub-05-filter-last-pos-ceiling	layers.2.mlp.down_proj	2	mlp.down_proj	3	b	7.1898
addsub-05-filter-last-pos-ceiling	layers.2.mlp.down_proj	2	mlp.down_proj	4	=	2.0000
addsub-05-filter-last-pos-ceiling	layers.2.mlp.gate_proj	2	mlp.gate_proj	0	<BOS>	1.0000
addsub-05-filter-last-pos-ceiling	layers.2.mlp.gate_proj	2	mlp.gate_proj	1	a	3.2238
addsub-05-filter-last-pos-ceiling	layers.2.mlp.gate_proj	2	mlp.gate_proj	2	op	3.4537
addsub-05-filter-last-pos-ceiling	layers.2.mlp.gate_proj	2	mlp.gate_proj	3	b	4.6262
addsub-05-filter-last-pos-ceiling	layers.2.mlp.gate_proj	2	mlp.gate_proj	4	=	1.9940
addsub-05-filter-last-pos-ceiling	layers.2.mlp.up_proj	2	mlp.up_proj	0	<BOS>	3.0000
addsub-05-filter-last-pos-ceiling	layers.2.mlp.up_proj	2	mlp.up_proj	1	a	3.6228
addsub-05-filter-last-pos-ceiling	layers.2.mlp.up_proj	2	mlp.up_proj	2	op	3.1037
addsub-05-filter-last-pos-ceiling	layers.2.mlp.up_proj	2	mlp.up_proj	3	b	5.3108
addsub-05-filter-last-pos-ceiling	layers.2.mlp.up_proj	2	mlp.up_proj	4	=	1.0000
addsub-05-filter-last-pos-ceiling	layers.2.self_attn.k_proj	2	self_attn.k_proj	0	<BOS>	3.0000
addsub-05-filter-last-pos-ceiling	layers.2.self_attn.k_proj	2	self_attn.k_proj	1	a	2.0938
addsub-05-filter-last-pos-ceiling	layers.2.self_attn.k_proj	2	self_attn.k_proj	2	op	3.0582
addsub-05-filter-last-pos-ceiling	layers.2.self_attn.k_proj	2	self_attn.k_proj	3	b	1.0420
addsub-05-filter-last-pos-ceiling	layers.2.self_attn.k_proj	2	self_attn.k_proj	4	=	1.0000
addsub-05-filter-last-pos-ceiling	layers.2.self_attn.o_proj	2	self_attn.o_proj	0	<BOS>	0.0000
addsub-05-filter-last-pos-ceiling	layers.2.self_attn.o_proj	2	self_attn.o_proj	1	a	1.0000
addsub-05-filter-last-pos-ceiling	layers.2.self_attn.o_proj	2	self_attn.o_proj	2	op	2.0900
addsub-05-filter-last-pos-ceiling	layers.2.self_attn.o_proj	2	self_attn.o_proj	3	b	4.2375
addsub-05-filter-last-pos-ceiling	layers.2.self_attn.o_proj	2	self_attn.o_proj	4	=	3.5738
addsub-05-filter-last-pos-ceiling	layers.2.self_attn.q_proj	2	self_attn.q_proj	0	<BOS>	0.0000
addsub-05-filter-last-pos-ceiling	layers.2.self_attn.q_proj	2	self_attn.q_proj	1	a	1.0000
addsub-05-filter-last-pos-ceiling	layers.2.self_attn.q_proj	2	self_attn.q_proj	2	op	2.1490
addsub-05-filter-last-pos-ceiling	layers.2.self_attn.q_proj	2	self_attn.q_proj	3	b	4.5380
addsub-05-filter-last-pos-ceiling	layers.2.self_attn.q_proj	2	self_attn.q_proj	4	=	3.0000
addsub-05-filter-last-pos-ceiling	layers.2.self_attn.v_proj	2	self_attn.v_proj	0	<BOS>	2.0000
addsub-05-filter-last-pos-ceiling	layers.2.self_attn.v_proj	2	self_attn.v_proj	1	a	2.0320
addsub-05-filter-last-pos-ceiling	layers.2.self_attn.v_proj	2	self_attn.v_proj	2	op	4.2225
addsub-05-filter-last-pos-ceiling	layers.2.self_attn.v_proj	2	self_attn.v_proj	3	b	0.8435
addsub-05-filter-last-pos-ceiling	layers.2.self_attn.v_proj	2	self_attn.v_proj	4	=	1.0000
addsub-05-filter-last-pos-ceiling	layers.20.mlp.down_proj	20	mlp.down_proj	0	<BOS>	1.0000
addsub-05-filter-last-pos-ceiling	layers.20.mlp.down_proj	20	mlp.down_proj	1	a	4.4237
addsub-05-filter-last-pos-ceiling	layers.20.mlp.down_proj	20	mlp.down_proj	2	op	4.2190
addsub-05-filter-last-pos-ceiling	layers.20.mlp.down_proj	20	mlp.down_proj	3	b	4.5792
addsub-05-filter-last-pos-ceiling	layers.20.mlp.down_proj	20	mlp.down_proj	4	=	8.8702
addsub-05-filter-last-pos-ceiling	layers.20.mlp.gate_proj	20	mlp.gate_proj	0	<BOS>	3.0000
addsub-05-filter-last-pos-ceiling	layers.20.mlp.gate_proj	20	mlp.gate_proj	1	a	3.5305
addsub-05-filter-last-pos-ceiling	layers.20.mlp.gate_proj	20	mlp.gate_proj	2	op	3.8142
addsub-05-filter-last-pos-ceiling	layers.20.mlp.gate_proj	20	mlp.gate_proj	3	b	3.7170
addsub-05-filter-last-pos-ceiling	layers.20.mlp.gate_proj	20	mlp.gate_proj	4	=	4.9773
addsub-05-filter-last-pos-ceiling	layers.20.mlp.up_proj	20	mlp.up_proj	0	<BOS>	2.0000
addsub-05-filter-last-pos-ceiling	layers.20.mlp.up_proj	20	mlp.up_proj	1	a	3.1052
addsub-05-filter-last-pos-ceiling	layers.20.mlp.up_proj	20	mlp.up_proj	2	op	3.5470
addsub-05-filter-last-pos-ceiling	layers.20.mlp.up_proj	20	mlp.up_proj	3	b	3.2790
addsub-05-filter-last-pos-ceiling	layers.20.mlp.up_proj	20	mlp.up_proj	4	=	7.3630
addsub-05-filter-last-pos-ceiling	layers.20.self_attn.k_proj	20	self_attn.k_proj	0	<BOS>	1.0000
addsub-05-filter-last-pos-ceiling	layers.20.self_attn.k_proj	20	self_attn.k_proj	1	a	1.0197
addsub-05-filter-last-pos-ceiling	layers.20.self_attn.k_proj	20	self_attn.k_proj	2	op	1.1425
addsub-05-filter-last-pos-ceiling	layers.20.self_attn.k_proj	20	self_attn.k_proj	3	b	1.0040
addsub-05-filter-last-pos-ceiling	layers.20.self_attn.k_proj	20	self_attn.k_proj	4	=	0.0370
addsub-05-filter-last-pos-ceiling	layers.20.self_attn.o_proj	20	self_attn.o_proj	0	<BOS>	0.0000
addsub-05-filter-last-pos-ceiling	layers.20.self_attn.o_proj	20	self_attn.o_proj	1	a	0.9622
addsub-05-filter-last-pos-ceiling	layers.20.self_attn.o_proj	20	self_attn.o_proj	2	op	1.0912
addsub-05-filter-last-pos-ceiling	layers.20.self_attn.o_proj	20	self_attn.o_proj	3	b	0.9105
addsub-05-filter-last-pos-ceiling	layers.20.self_attn.o_proj	20	self_attn.o_proj	4	=	1.1145
addsub-05-filter-last-pos-ceiling	layers.20.self_attn.q_proj	20	self_attn.q_proj	0	<BOS>	0.0000
addsub-05-filter-last-pos-ceiling	layers.20.self_attn.q_proj	20	self_attn.q_proj	1	a	1.0187
addsub-05-filter-last-pos-ceiling	layers.20.self_attn.q_proj	20	self_attn.q_proj	2	op	1.1630
addsub-05-filter-last-pos-ceiling	layers.20.self_attn.q_proj	20	self_attn.q_proj	3	b	1.5757
addsub-05-filter-last-pos-ceiling	layers.20.self_attn.q_proj	20	self_attn.q_proj	4	=	1.4335
addsub-05-filter-last-pos-ceiling	layers.20.self_attn.v_proj	20	self_attn.v_proj	0	<BOS>	1.0000
addsub-05-filter-last-pos-ceiling	layers.20.self_attn.v_proj	20	self_attn.v_proj	1	a	1.5965
addsub-05-filter-last-pos-ceiling	layers.20.self_attn.v_proj	20	self_attn.v_proj	2	op	0.9440
addsub-05-filter-last-pos-ceiling	layers.20.self_attn.v_proj	20	self_attn.v_proj	3	b	1.1027
addsub-05-filter-last-pos-ceiling	layers.20.self_attn.v_proj	20	self_attn.v_proj	4	=	0.0000
addsub-05-filter-last-pos-ceiling	layers.21.mlp.down_proj	21	mlp.down_proj	0	<BOS>	1.0000
addsub-05-filter-last-pos-ceiling	layers.21.mlp.down_proj	21	mlp.down_proj	1	a	4.4548
addsub-05-filter-last-pos-ceiling	layers.21.mlp.down_proj	21	mlp.down_proj	2	op	4.4360
addsub-05-filter-last-pos-ceiling	layers.21.mlp.down_proj	21	mlp.down_proj	3	b	5.6885
addsub-05-filter-last-pos-ceiling	layers.21.mlp.down_proj	21	mlp.down_proj	4	=	7.5325
addsub-05-filter-last-pos-ceiling	layers.21.mlp.gate_proj	21	mlp.gate_proj	0	<BOS>	2.0000
addsub-05-filter-last-pos-ceiling	layers.21.mlp.gate_proj	21	mlp.gate_proj	1	a	3.2205
addsub-05-filter-last-pos-ceiling	layers.21.mlp.gate_proj	21	mlp.gate_proj	2	op	2.9465
addsub-05-filter-last-pos-ceiling	layers.21.mlp.gate_proj	21	mlp.gate_proj	3	b	4.3430
addsub-05-filter-last-pos-ceiling	layers.21.mlp.gate_proj	21	mlp.gate_proj	4	=	5.8070
addsub-05-filter-last-pos-ceiling	layers.21.mlp.up_proj	21	mlp.up_proj	0	<BOS>	2.0000
addsub-05-filter-last-pos-ceiling	layers.21.mlp.up_proj	21	mlp.up_proj	1	a	2.5805
addsub-05-filter-last-pos-ceiling	layers.21.mlp.up_proj	21	mlp.up_proj	2	op	3.2578
addsub-05-filter-last-pos-ceiling	layers.21.mlp.up_proj	21	mlp.up_proj	3	b	2.9643
addsub-05-filter-last-pos-ceiling	layers.21.mlp.up_proj	21	mlp.up_proj	4	=	6.3365
addsub-05-filter-last-pos-ceiling	layers.21.self_attn.k_proj	21	self_attn.k_proj	0	<BOS>	1.0000
addsub-05-filter-last-pos-ceiling	layers.21.self_attn.k_proj	21	self_attn.k_proj	1	a	1.0000
addsub-05-filter-last-pos-ceiling	layers.21.self_attn.k_proj	21	self_attn.k_proj	2	op	1.0002
addsub-05-filter-last-pos-ceiling	layers.21.self_attn.k_proj	21	self_attn.k_proj	3	b	0.7730
addsub-05-filter-last-pos-ceiling	layers.21.self_attn.k_proj	21	self_attn.k_proj	4	=	0.0020
addsub-05-filter-last-pos-ceiling	layers.21.self_attn.o_proj	21	self_attn.o_proj	0	<BOS>	1.0000
addsub-05-filter-last-pos-ceiling	layers.21.self_attn.o_proj	21	self_attn.o_proj	1	a	1.0000
addsub-05-filter-last-pos-ceiling	layers.21.self_attn.o_proj	21	self_attn.o_proj	2	op	1.5195
addsub-05-filter-last-pos-ceiling	layers.21.self_attn.o_proj	21	self_attn.o_proj	3	b	1.4350
addsub-05-filter-last-pos-ceiling	layers.21.self_attn.o_proj	21	self_attn.o_proj	4	=	1.0007
addsub-05-filter-last-pos-ceiling	layers.21.self_attn.q_proj	21	self_attn.q_proj	0	<BOS>	0.0000
addsub-05-filter-last-pos-ceiling	layers.21.self_attn.q_proj	21	self_attn.q_proj	1	a	1.0000
addsub-05-filter-last-pos-ceiling	layers.21.self_attn.q_proj	21	self_attn.q_proj	2	op	1.0000
addsub-05-filter-last-pos-ceiling	layers.21.self_attn.q_proj	21	self_attn.q_proj	3	b	1.3695
addsub-05-filter-last-pos-ceiling	layers.21.self_attn.q_proj	21	self_attn.q_proj	4	=	1.0000
addsub-05-filter-last-pos-ceiling	layers.21.self_attn.v_proj	21	self_attn.v_proj	0	<BOS>	1.0000
addsub-05-filter-last-pos-ceiling	layers.21.self_attn.v_proj	21	self_attn.v_proj	1	a	1.0000
addsub-05-filter-last-pos-ceiling	layers.21.self_attn.v_proj	21	self_attn.v_proj	2	op	1.0608
addsub-05-filter-last-pos-ceiling	layers.21.self_attn.v_proj	21	self_attn.v_proj	3	b	0.4955
addsub-05-filter-last-pos-ceiling	layers.21.self_attn.v_proj	21	self_attn.v_proj	4	=	0.2805
addsub-05-filter-last-pos-ceiling	layers.22.mlp.down_proj	22	mlp.down_proj	0	<BOS>	1.0000
addsub-05-filter-last-pos-ceiling	layers.22.mlp.down_proj	22	mlp.down_proj	1	a	4.1042
addsub-05-filter-last-pos-ceiling	layers.22.mlp.down_proj	22	mlp.down_proj	2	op	4.0060
addsub-05-filter-last-pos-ceiling	layers.22.mlp.down_proj	22	mlp.down_proj	3	b	5.0430
addsub-05-filter-last-pos-ceiling	layers.22.mlp.down_proj	22	mlp.down_proj	4	=	5.7095
addsub-05-filter-last-pos-ceiling	layers.22.mlp.gate_proj	22	mlp.gate_proj	0	<BOS>	2.0000
addsub-05-filter-last-pos-ceiling	layers.22.mlp.gate_proj	22	mlp.gate_proj	1	a	2.2522
addsub-05-filter-last-pos-ceiling	layers.22.mlp.gate_proj	22	mlp.gate_proj	2	op	2.9903
addsub-05-filter-last-pos-ceiling	layers.22.mlp.gate_proj	22	mlp.gate_proj	3	b	3.0298
addsub-05-filter-last-pos-ceiling	layers.22.mlp.gate_proj	22	mlp.gate_proj	4	=	3.7610
addsub-05-filter-last-pos-ceiling	layers.22.mlp.up_proj	22	mlp.up_proj	0	<BOS>	1.0000
addsub-05-filter-last-pos-ceiling	layers.22.mlp.up_proj	22	mlp.up_proj	1	a	2.3777
addsub-05-filter-last-pos-ceiling	layers.22.mlp.up_proj	22	mlp.up_proj	2	op	3.2878
addsub-05-filter-last-pos-ceiling	layers.22.mlp.up_proj	22	mlp.up_proj	3	b	3.2515
addsub-05-filter-last-pos-ceiling	layers.22.mlp.up_proj	22	mlp.up_proj	4	=	5.0030
addsub-05-filter-last-pos-ceiling	layers.22.self_attn.k_proj	22	self_attn.k_proj	0	<BOS>	1.0000
addsub-05-filter-last-pos-ceiling	layers.22.self_attn.k_proj	22	self_attn.k_proj	1	a	1.1022
addsub-05-filter-last-pos-ceiling	layers.22.self_attn.k_proj	22	self_attn.k_proj	2	op	1.0360
addsub-05-filter-last-pos-ceiling	layers.22.self_attn.k_proj	22	self_attn.k_proj	3	b	0.7952
addsub-05-filter-last-pos-ceiling	layers.22.self_attn.k_proj	22	self_attn.k_proj	4	=	0.0027
addsub-05-filter-last-pos-ceiling	layers.22.self_attn.o_proj	22	self_attn.o_proj	0	<BOS>	0.0000
addsub-05-filter-last-pos-ceiling	layers.22.self_attn.o_proj	22	self_attn.o_proj	1	a	0.1103
addsub-05-filter-last-pos-ceiling	layers.22.self_attn.o_proj	22	self_attn.o_proj	2	op	2.2162
addsub-05-filter-last-pos-ceiling	layers.22.self_attn.o_proj	22	self_attn.o_proj	3	b	1.4550
addsub-05-filter-last-pos-ceiling	layers.22.self_attn.o_proj	22	self_attn.o_proj	4	=	0.7812
addsub-05-filter-last-pos-ceiling	layers.22.self_attn.q_proj	22	self_attn.q_proj	0	<BOS>	0.0000
addsub-05-filter-last-pos-ceiling	layers.22.self_attn.q_proj	22	self_attn.q_proj	1	a	1.0000
addsub-05-filter-last-pos-ceiling	layers.22.self_attn.q_proj	22	self_attn.q_proj	2	op	1.4295
addsub-05-filter-last-pos-ceiling	layers.22.self_attn.q_proj	22	self_attn.q_proj	3	b	1.5420
addsub-05-filter-last-pos-ceiling	layers.22.self_attn.q_proj	22	self_attn.q_proj	4	=	1.4070
addsub-05-filter-last-pos-ceiling	layers.22.self_attn.v_proj	22	self_attn.v_proj	0	<BOS>	1.0000
addsub-05-filter-last-pos-ceiling	layers.22.self_attn.v_proj	22	self_attn.v_proj	1	a	2.8043
addsub-05-filter-last-pos-ceiling	layers.22.self_attn.v_proj	22	self_attn.v_proj	2	op	1.1655
addsub-05-filter-last-pos-ceiling	layers.22.self_attn.v_proj	22	self_attn.v_proj	3	b	0.7905
addsub-05-filter-last-pos-ceiling	layers.22.self_attn.v_proj	22	self_attn.v_proj	4	=	0.0000
addsub-05-filter-last-pos-ceiling	layers.23.mlp.down_proj	23	mlp.down_proj	0	<BOS>	1.0000
addsub-05-filter-last-pos-ceiling	layers.23.mlp.down_proj	23	mlp.down_proj	1	a	4.4720
addsub-05-filter-last-pos-ceiling	layers.23.mlp.down_proj	23	mlp.down_proj	2	op	4.6695
addsub-05-filter-last-pos-ceiling	layers.23.mlp.down_proj	23	mlp.down_proj	3	b	4.5375
addsub-05-filter-last-pos-ceiling	layers.23.mlp.down_proj	23	mlp.down_proj	4	=	5.8210
addsub-05-filter-last-pos-ceiling	layers.23.mlp.gate_proj	23	mlp.gate_proj	0	<BOS>	2.0000
addsub-05-filter-last-pos-ceiling	layers.23.mlp.gate_proj	23	mlp.gate_proj	1	a	2.8440
addsub-05-filter-last-pos-ceiling	layers.23.mlp.gate_proj	23	mlp.gate_proj	2	op	3.5247
addsub-05-filter-last-pos-ceiling	layers.23.mlp.gate_proj	23	mlp.gate_proj	3	b	3.2165
addsub-05-filter-last-pos-ceiling	layers.23.mlp.gate_proj	23	mlp.gate_proj	4	=	5.3780
addsub-05-filter-last-pos-ceiling	layers.23.mlp.up_proj	23	mlp.up_proj	0	<BOS>	2.0000
addsub-05-filter-last-pos-ceiling	layers.23.mlp.up_proj	23	mlp.up_proj	1	a	2.5758
addsub-05-filter-last-pos-ceiling	layers.23.mlp.up_proj	23	mlp.up_proj	2	op	3.4080
addsub-05-filter-last-pos-ceiling	layers.23.mlp.up_proj	23	mlp.up_proj	3	b	3.2330
addsub-05-filter-last-pos-ceiling	layers.23.mlp.up_proj	23	mlp.up_proj	4	=	5.6698
addsub-05-filter-last-pos-ceiling	layers.23.self_attn.k_proj	23	self_attn.k_proj	0	<BOS>	1.0000
addsub-05-filter-last-pos-ceiling	layers.23.self_attn.k_proj	23	self_attn.k_proj	1	a	1.0660
addsub-05-filter-last-pos-ceiling	layers.23.self_attn.k_proj	23	self_attn.k_proj	2	op	0.4473
addsub-05-filter-last-pos-ceiling	layers.23.self_attn.k_proj	23	self_attn.k_proj	3	b	0.4087
addsub-05-filter-last-pos-ceiling	layers.23.self_attn.k_proj	23	self_attn.k_proj	4	=	0.0005
addsub-05-filter-last-pos-ceiling	layers.23.self_attn.o_proj	23	self_attn.o_proj	0	<BOS>	0.0000
addsub-05-filter-last-pos-ceiling	layers.23.self_attn.o_proj	23	self_attn.o_proj	1	a	0.0510
addsub-05-filter-last-pos-ceiling	layers.23.self_attn.o_proj	23	self_attn.o_proj	2	op	0.5985
addsub-05-filter-last-pos-ceiling	layers.23.self_attn.o_proj	23	self_attn.o_proj	3	b	0.4905
addsub-05-filter-last-pos-ceiling	layers.23.self_attn.o_proj	23	self_attn.o_proj	4	=	1.2590
addsub-05-filter-last-pos-ceiling	layers.23.self_attn.q_proj	23	self_attn.q_proj	0	<BOS>	0.0000
addsub-05-filter-last-pos-ceiling	layers.23.self_attn.q_proj	23	self_attn.q_proj	1	a	1.0000
addsub-05-filter-last-pos-ceiling	layers.23.self_attn.q_proj	23	self_attn.q_proj	2	op	1.0690
addsub-05-filter-last-pos-ceiling	layers.23.self_attn.q_proj	23	self_attn.q_proj	3	b	1.0035
addsub-05-filter-last-pos-ceiling	layers.23.self_attn.q_proj	23	self_attn.q_proj	4	=	1.0000
addsub-05-filter-last-pos-ceiling	layers.23.self_attn.v_proj	23	self_attn.v_proj	0	<BOS>	1.0000
addsub-05-filter-last-pos-ceiling	layers.23.self_attn.v_proj	23	self_attn.v_proj	1	a	1.4440
addsub-05-filter-last-pos-ceiling	layers.23.self_attn.v_proj	23	self_attn.v_proj	2	op	0.8695
addsub-05-filter-last-pos-ceiling	layers.23.self_attn.v_proj	23	self_attn.v_proj	3	b	0.4908
addsub-05-filter-last-pos-ceiling	layers.23.self_attn.v_proj	23	self_attn.v_proj	4	=	0.0000
addsub-05-filter-last-pos-ceiling	layers.24.mlp.down_proj	24	mlp.down_proj	0	<BOS>	1.0000
addsub-05-filter-last-pos-ceiling	layers.24.mlp.down_proj	24	mlp.down_proj	1	a	3.7708
addsub-05-filter-last-pos-ceiling	layers.24.mlp.down_proj	24	mlp.down_proj	2	op	4.0900
addsub-05-filter-last-pos-ceiling	layers.24.mlp.down_proj	24	mlp.down_proj	3	b	5.0095
addsub-05-filter-last-pos-ceiling	layers.24.mlp.down_proj	24	mlp.down_proj	4	=	6.2130
addsub-05-filter-last-pos-ceiling	layers.24.mlp.gate_proj	24	mlp.gate_proj	0	<BOS>	2.0000
addsub-05-filter-last-pos-ceiling	layers.24.mlp.gate_proj	24	mlp.gate_proj	1	a	3.0347
addsub-05-filter-last-pos-ceiling	layers.24.mlp.gate_proj	24	mlp.gate_proj	2	op	3.2403
addsub-05-filter-last-pos-ceiling	layers.24.mlp.gate_proj	24	mlp.gate_proj	3	b	3.0168
addsub-05-filter-last-pos-ceiling	layers.24.mlp.gate_proj	24	mlp.gate_proj	4	=	6.4725
addsub-05-filter-last-pos-ceiling	layers.24.mlp.up_proj	24	mlp.up_proj	0	<BOS>	2.0000
addsub-05-filter-last-pos-ceiling	layers.24.mlp.up_proj	24	mlp.up_proj	1	a	2.2527
addsub-05-filter-last-pos-ceiling	layers.24.mlp.up_proj	24	mlp.up_proj	2	op	2.9673
addsub-05-filter-last-pos-ceiling	layers.24.mlp.up_proj	24	mlp.up_proj	3	b	3.5087
addsub-05-filter-last-pos-ceiling	layers.24.mlp.up_proj	24	mlp.up_proj	4	=	5.4855
addsub-05-filter-last-pos-ceiling	layers.24.self_attn.k_proj	24	self_attn.k_proj	0	<BOS>	1.0000
addsub-05-filter-last-pos-ceiling	layers.24.self_attn.k_proj	24	self_attn.k_proj	1	a	1.0000
addsub-05-filter-last-pos-ceiling	layers.24.self_attn.k_proj	24	self_attn.k_proj	2	op	0.9948
addsub-05-filter-last-pos-ceiling	layers.24.self_attn.k_proj	24	self_attn.k_proj	3	b	0.1258
addsub-05-filter-last-pos-ceiling	layers.24.self_attn.k_proj	24	self_attn.k_proj	4	=	0.0005
addsub-05-filter-last-pos-ceiling	layers.24.self_attn.o_proj	24	self_attn.o_proj	0	<BOS>	0.0000
addsub-05-filter-last-pos-ceiling	layers.24.self_attn.o_proj	24	self_attn.o_proj	1	a	1.0000
addsub-05-filter-last-pos-ceiling	layers.24.self_attn.o_proj	24	self_attn.o_proj	2	op	0.6915
addsub-05-filter-last-pos-ceiling	layers.24.self_attn.o_proj	24	self_attn.o_proj	3	b	1.3160
addsub-05-filter-last-pos-ceiling	layers.24.self_attn.o_proj	24	self_attn.o_proj	4	=	0.7968
addsub-05-filter-last-pos-ceiling	layers.24.self_attn.q_proj	24	self_attn.q_proj	0	<BOS>	0.0000
addsub-05-filter-last-pos-ceiling	layers.24.self_attn.q_proj	24	self_attn.q_proj	1	a	1.0000
addsub-05-filter-last-pos-ceiling	layers.24.self_attn.q_proj	24	self_attn.q_proj	2	op	1.5078
addsub-05-filter-last-pos-ceiling	layers.24.self_attn.q_proj	24	self_attn.q_proj	3	b	1.3025
addsub-05-filter-last-pos-ceiling	layers.24.self_attn.q_proj	24	self_attn.q_proj	4	=	1.0000
addsub-05-filter-last-pos-ceiling	layers.24.self_attn.v_proj	24	self_attn.v_proj	0	<BOS>	1.0000
addsub-05-filter-last-pos-ceiling	layers.24.self_attn.v_proj	24	self_attn.v_proj	1	a	1.0705
addsub-05-filter-last-pos-ceiling	layers.24.self_attn.v_proj	24	self_attn.v_proj	2	op	1.1000
addsub-05-filter-last-pos-ceiling	layers.24.self_attn.v_proj	24	self_attn.v_proj	3	b	0.0025
addsub-05-filter-last-pos-ceiling	layers.24.self_attn.v_proj	24	self_attn.v_proj	4	=	0.0000
addsub-05-filter-last-pos-ceiling	layers.25.mlp.down_proj	25	mlp.down_proj	0	<BOS>	1.0000
addsub-05-filter-last-pos-ceiling	layers.25.mlp.down_proj	25	mlp.down_proj	1	a	3.3423
addsub-05-filter-last-pos-ceiling	layers.25.mlp.down_proj	25	mlp.down_proj	2	op	3.0603
addsub-05-filter-last-pos-ceiling	layers.25.mlp.down_proj	25	mlp.down_proj	3	b	4.8463
addsub-05-filter-last-pos-ceiling	layers.25.mlp.down_proj	25	mlp.down_proj	4	=	4.7778
addsub-05-filter-last-pos-ceiling	layers.25.mlp.gate_proj	25	mlp.gate_proj	0	<BOS>	2.0000
addsub-05-filter-last-pos-ceiling	layers.25.mlp.gate_proj	25	mlp.gate_proj	1	a	2.4318
addsub-05-filter-last-pos-ceiling	layers.25.mlp.gate_proj	25	mlp.gate_proj	2	op	2.4177
addsub-05-filter-last-pos-ceiling	layers.25.mlp.gate_proj	25	mlp.gate_proj	3	b	4.6737
addsub-05-filter-last-pos-ceiling	layers.25.mlp.gate_proj	25	mlp.gate_proj	4	=	5.1170
addsub-05-filter-last-pos-ceiling	layers.25.mlp.up_proj	25	mlp.up_proj	0	<BOS>	2.0000
addsub-05-filter-last-pos-ceiling	layers.25.mlp.up_proj	25	mlp.up_proj	1	a	2.2750
addsub-05-filter-last-pos-ceiling	layers.25.mlp.up_proj	25	mlp.up_proj	2	op	3.0945
addsub-05-filter-last-pos-ceiling	layers.25.mlp.up_proj	25	mlp.up_proj	3	b	2.7915
addsub-05-filter-last-pos-ceiling	layers.25.mlp.up_proj	25	mlp.up_proj	4	=	4.5367
addsub-05-filter-last-pos-ceiling	layers.25.self_attn.k_proj	25	self_attn.k_proj	0	<BOS>	1.0000
addsub-05-filter-last-pos-ceiling	layers.25.self_attn.k_proj	25	self_attn.k_proj	1	a	1.0000
addsub-05-filter-last-pos-ceiling	layers.25.self_attn.k_proj	25	self_attn.k_proj	2	op	1.2307
addsub-05-filter-last-pos-ceiling	layers.25.self_attn.k_proj	25	self_attn.k_proj	3	b	0.9222
addsub-05-filter-last-pos-ceiling	layers.25.self_attn.k_proj	25	self_attn.k_proj	4	=	0.0015
addsub-05-filter-last-pos-ceiling	layers.25.self_attn.o_proj	25	self_attn.o_proj	0	<BOS>	0.0000
addsub-05-filter-last-pos-ceiling	layers.25.self_attn.o_proj	25	self_attn.o_proj	1	a	1.0000
addsub-05-filter-last-pos-ceiling	layers.25.self_attn.o_proj	25	self_attn.o_proj	2	op	1.4208
addsub-05-filter-last-pos-ceiling	layers.25.self_attn.o_proj	25	self_attn.o_proj	3	b	1.8527
addsub-05-filter-last-pos-ceiling	layers.25.self_attn.o_proj	25	self_attn.o_proj	4	=	1.0000
addsub-05-filter-last-pos-ceiling	layers.25.self_attn.q_proj	25	self_attn.q_proj	0	<BOS>	0.0000
addsub-05-filter-last-pos-ceiling	layers.25.self_attn.q_proj	25	self_attn.q_proj	1	a	1.0000
addsub-05-filter-last-pos-ceiling	layers.25.self_attn.q_proj	25	self_attn.q_proj	2	op	1.4380
addsub-05-filter-last-pos-ceiling	layers.25.self_attn.q_proj	25	self_attn.q_proj	3	b	1.4607
addsub-05-filter-last-pos-ceiling	layers.25.self_attn.q_proj	25	self_attn.q_proj	4	=	1.0000
addsub-05-filter-last-pos-ceiling	layers.25.self_attn.v_proj	25	self_attn.v_proj	0	<BOS>	1.0000
addsub-05-filter-last-pos-ceiling	layers.25.self_attn.v_proj	25	self_attn.v_proj	1	a	1.0000
addsub-05-filter-last-pos-ceiling	layers.25.self_attn.v_proj	25	self_attn.v_proj	2	op	1.2180
addsub-05-filter-last-pos-ceiling	layers.25.self_attn.v_proj	25	self_attn.v_proj	3	b	1.0977
addsub-05-filter-last-pos-ceiling	layers.25.self_attn.v_proj	25	self_attn.v_proj	4	=	0.0000
addsub-05-filter-last-pos-ceiling	layers.26.mlp.down_proj	26	mlp.down_proj	0	<BOS>	1.0000
addsub-05-filter-last-pos-ceiling	layers.26.mlp.down_proj	26	mlp.down_proj	1	a	4.0320
addsub-05-filter-last-pos-ceiling	layers.26.mlp.down_proj	26	mlp.down_proj	2	op	3.5622
addsub-05-filter-last-pos-ceiling	layers.26.mlp.down_proj	26	mlp.down_proj	3	b	4.8317
addsub-05-filter-last-pos-ceiling	layers.26.mlp.down_proj	26	mlp.down_proj	4	=	5.5515
addsub-05-filter-last-pos-ceiling	layers.26.mlp.gate_proj	26	mlp.gate_proj	0	<BOS>	2.0000
addsub-05-filter-last-pos-ceiling	layers.26.mlp.gate_proj	26	mlp.gate_proj	1	a	3.0965
addsub-05-filter-last-pos-ceiling	layers.26.mlp.gate_proj	26	mlp.gate_proj	2	op	2.7800
addsub-05-filter-last-pos-ceiling	layers.26.mlp.gate_proj	26	mlp.gate_proj	3	b	3.6112
addsub-05-filter-last-pos-ceiling	layers.26.mlp.gate_proj	26	mlp.gate_proj	4	=	4.7915
addsub-05-filter-last-pos-ceiling	layers.26.mlp.up_proj	26	mlp.up_proj	0	<BOS>	2.0000
addsub-05-filter-last-pos-ceiling	layers.26.mlp.up_proj	26	mlp.up_proj	1	a	2.3523
addsub-05-filter-last-pos-ceiling	layers.26.mlp.up_proj	26	mlp.up_proj	2	op	3.2917
addsub-05-filter-last-pos-ceiling	layers.26.mlp.up_proj	26	mlp.up_proj	3	b	2.7963
addsub-05-filter-last-pos-ceiling	layers.26.mlp.up_proj	26	mlp.up_proj	4	=	4.8965
addsub-05-filter-last-pos-ceiling	layers.26.self_attn.k_proj	26	self_attn.k_proj	0	<BOS>	2.0000
addsub-05-filter-last-pos-ceiling	layers.26.self_attn.k_proj	26	self_attn.k_proj	1	a	1.0000
addsub-05-filter-last-pos-ceiling	layers.26.self_attn.k_proj	26	self_attn.k_proj	2	op	0.0290
addsub-05-filter-last-pos-ceiling	layers.26.self_attn.k_proj	26	self_attn.k_proj	3	b	0.0223
addsub-05-filter-last-pos-ceiling	layers.26.self_attn.k_proj	26	self_attn.k_proj	4	=	0.0000
addsub-05-filter-last-pos-ceiling	layers.26.self_attn.o_proj	26	self_attn.o_proj	0	<BOS>	0.0000
addsub-05-filter-last-pos-ceiling	layers.26.self_attn.o_proj	26	self_attn.o_proj	1	a	1.0000
addsub-05-filter-last-pos-ceiling	layers.26.self_attn.o_proj	26	self_attn.o_proj	2	op	1.0000
addsub-05-filter-last-pos-ceiling	layers.26.self_attn.o_proj	26	self_attn.o_proj	3	b	1.0000
addsub-05-filter-last-pos-ceiling	layers.26.self_attn.o_proj	26	self_attn.o_proj	4	=	1.0300
addsub-05-filter-last-pos-ceiling	layers.26.self_attn.q_proj	26	self_attn.q_proj	0	<BOS>	0.0000
addsub-05-filter-last-pos-ceiling	layers.26.self_attn.q_proj	26	self_attn.q_proj	1	a	1.0000
addsub-05-filter-last-pos-ceiling	layers.26.self_attn.q_proj	26	self_attn.q_proj	2	op	1.0000
addsub-05-filter-last-pos-ceiling	layers.26.self_attn.q_proj	26	self_attn.q_proj	3	b	1.0000
addsub-05-filter-last-pos-ceiling	layers.26.self_attn.q_proj	26	self_attn.q_proj	4	=	1.0000
addsub-05-filter-last-pos-ceiling	layers.26.self_attn.v_proj	26	self_attn.v_proj	0	<BOS>	1.0000
addsub-05-filter-last-pos-ceiling	layers.26.self_attn.v_proj	26	self_attn.v_proj	1	a	1.0000
addsub-05-filter-last-pos-ceiling	layers.26.self_attn.v_proj	26	self_attn.v_proj	2	op	0.4880
addsub-05-filter-last-pos-ceiling	layers.26.self_attn.v_proj	26	self_attn.v_proj	3	b	0.0005
addsub-05-filter-last-pos-ceiling	layers.26.self_attn.v_proj	26	self_attn.v_proj	4	=	0.0000
addsub-05-filter-last-pos-ceiling	layers.27.mlp.down_proj	27	mlp.down_proj	0	<BOS>	1.0000
addsub-05-filter-last-pos-ceiling	layers.27.mlp.down_proj	27	mlp.down_proj	1	a	3.8720
addsub-05-filter-last-pos-ceiling	layers.27.mlp.down_proj	27	mlp.down_proj	2	op	4.1950
addsub-05-filter-last-pos-ceiling	layers.27.mlp.down_proj	27	mlp.down_proj	3	b	4.7032
addsub-05-filter-last-pos-ceiling	layers.27.mlp.down_proj	27	mlp.down_proj	4	=	5.5595
addsub-05-filter-last-pos-ceiling	layers.27.mlp.gate_proj	27	mlp.gate_proj	0	<BOS>	2.0000
addsub-05-filter-last-pos-ceiling	layers.27.mlp.gate_proj	27	mlp.gate_proj	1	a	2.5027
addsub-05-filter-last-pos-ceiling	layers.27.mlp.gate_proj	27	mlp.gate_proj	2	op	3.1610
addsub-05-filter-last-pos-ceiling	layers.27.mlp.gate_proj	27	mlp.gate_proj	3	b	3.4920
addsub-05-filter-last-pos-ceiling	layers.27.mlp.gate_proj	27	mlp.gate_proj	4	=	4.0722
addsub-05-filter-last-pos-ceiling	layers.27.mlp.up_proj	27	mlp.up_proj	0	<BOS>	2.0000
addsub-05-filter-last-pos-ceiling	layers.27.mlp.up_proj	27	mlp.up_proj	1	a	2.2300
addsub-05-filter-last-pos-ceiling	layers.27.mlp.up_proj	27	mlp.up_proj	2	op	3.0833
addsub-05-filter-last-pos-ceiling	layers.27.mlp.up_proj	27	mlp.up_proj	3	b	3.0327
addsub-05-filter-last-pos-ceiling	layers.27.mlp.up_proj	27	mlp.up_proj	4	=	4.9348
addsub-05-filter-last-pos-ceiling	layers.27.self_attn.k_proj	27	self_attn.k_proj	0	<BOS>	1.0000
addsub-05-filter-last-pos-ceiling	layers.27.self_attn.k_proj	27	self_attn.k_proj	1	a	1.0000
addsub-05-filter-last-pos-ceiling	layers.27.self_attn.k_proj	27	self_attn.k_proj	2	op	0.9950
addsub-05-filter-last-pos-ceiling	layers.27.self_attn.k_proj	27	self_attn.k_proj	3	b	0.8533
addsub-05-filter-last-pos-ceiling	layers.27.self_attn.k_proj	27	self_attn.k_proj	4	=	0.0003
addsub-05-filter-last-pos-ceiling	layers.27.self_attn.o_proj	27	self_attn.o_proj	0	<BOS>	0.0000
addsub-05-filter-last-pos-ceiling	layers.27.self_attn.o_proj	27	self_attn.o_proj	1	a	1.0000
addsub-05-filter-last-pos-ceiling	layers.27.self_attn.o_proj	27	self_attn.o_proj	2	op	1.5217
addsub-05-filter-last-pos-ceiling	layers.27.self_attn.o_proj	27	self_attn.o_proj	3	b	0.9980
addsub-05-filter-last-pos-ceiling	layers.27.self_attn.o_proj	27	self_attn.o_proj	4	=	1.0010
addsub-05-filter-last-pos-ceiling	layers.27.self_attn.q_proj	27	self_attn.q_proj	0	<BOS>	0.0000
addsub-05-filter-last-pos-ceiling	layers.27.self_attn.q_proj	27	self_attn.q_proj	1	a	1.0000
addsub-05-filter-last-pos-ceiling	layers.27.self_attn.q_proj	27	self_attn.q_proj	2	op	1.5030
addsub-05-filter-last-pos-ceiling	layers.27.self_attn.q_proj	27	self_attn.q_proj	3	b	1.0000
addsub-05-filter-last-pos-ceiling	layers.27.self_attn.q_proj	27	self_attn.q_proj	4	=	1.0000
addsub-05-filter-last-pos-ceiling	layers.27.self_attn.v_proj	27	self_attn.v_proj	0	<BOS>	1.0000
addsub-05-filter-last-pos-ceiling	layers.27.self_attn.v_proj	27	self_attn.v_proj	1	a	1.0612
addsub-05-filter-last-pos-ceiling	layers.27.self_attn.v_proj	27	self_attn.v_proj	2	op	0.9710
addsub-05-filter-last-pos-ceiling	layers.27.self_attn.v_proj	27	self_attn.v_proj	3	b	1.3123
addsub-05-filter-last-pos-ceiling	layers.27.self_attn.v_proj	27	self_attn.v_proj	4	=	0.3115
addsub-05-filter-last-pos-ceiling	layers.28.mlp.down_proj	28	mlp.down_proj	0	<BOS>	1.0000
addsub-05-filter-last-pos-ceiling	layers.28.mlp.down_proj	28	mlp.down_proj	1	a	2.8753
addsub-05-filter-last-pos-ceiling	layers.28.mlp.down_proj	28	mlp.down_proj	2	op	5.5887
addsub-05-filter-last-pos-ceiling	layers.28.mlp.down_proj	28	mlp.down_proj	3	b	5.3408
addsub-05-filter-last-pos-ceiling	layers.28.mlp.down_proj	28	mlp.down_proj	4	=	7.5802
addsub-05-filter-last-pos-ceiling	layers.28.mlp.gate_proj	28	mlp.gate_proj	0	<BOS>	2.0000
addsub-05-filter-last-pos-ceiling	layers.28.mlp.gate_proj	28	mlp.gate_proj	1	a	3.2762
addsub-05-filter-last-pos-ceiling	layers.28.mlp.gate_proj	28	mlp.gate_proj	2	op	3.8475
addsub-05-filter-last-pos-ceiling	layers.28.mlp.gate_proj	28	mlp.gate_proj	3	b	4.1937
addsub-05-filter-last-pos-ceiling	layers.28.mlp.gate_proj	28	mlp.gate_proj	4	=	6.5440
addsub-05-filter-last-pos-ceiling	layers.28.mlp.up_proj	28	mlp.up_proj	0	<BOS>	2.0000
addsub-05-filter-last-pos-ceiling	layers.28.mlp.up_proj	28	mlp.up_proj	1	a	1.8085
addsub-05-filter-last-pos-ceiling	layers.28.mlp.up_proj	28	mlp.up_proj	2	op	3.3620
addsub-05-filter-last-pos-ceiling	layers.28.mlp.up_proj	28	mlp.up_proj	3	b	3.5422
addsub-05-filter-last-pos-ceiling	layers.28.mlp.up_proj	28	mlp.up_proj	4	=	5.3878
addsub-05-filter-last-pos-ceiling	layers.28.self_attn.k_proj	28	self_attn.k_proj	0	<BOS>	2.0000
addsub-05-filter-last-pos-ceiling	layers.28.self_attn.k_proj	28	self_attn.k_proj	1	a	1.0000
addsub-05-filter-last-pos-ceiling	layers.28.self_attn.k_proj	28	self_attn.k_proj	2	op	1.0000
addsub-05-filter-last-pos-ceiling	layers.28.self_attn.k_proj	28	self_attn.k_proj	3	b	1.0000
addsub-05-filter-last-pos-ceiling	layers.28.self_attn.k_proj	28	self_attn.k_proj	4	=	1.0000
addsub-05-filter-last-pos-ceiling	layers.28.self_attn.o_proj	28	self_attn.o_proj	0	<BOS>	1.0000
addsub-05-filter-last-pos-ceiling	layers.28.self_attn.o_proj	28	self_attn.o_proj	1	a	1.0000
addsub-05-filter-last-pos-ceiling	layers.28.self_attn.o_proj	28	self_attn.o_proj	2	op	1.5030
addsub-05-filter-last-pos-ceiling	layers.28.self_attn.o_proj	28	self_attn.o_proj	3	b	1.3455
addsub-05-filter-last-pos-ceiling	layers.28.self_attn.o_proj	28	self_attn.o_proj	4	=	1.0000
addsub-05-filter-last-pos-ceiling	layers.28.self_attn.q_proj	28	self_attn.q_proj	0	<BOS>	0.0000
addsub-05-filter-last-pos-ceiling	layers.28.self_attn.q_proj	28	self_attn.q_proj	1	a	1.0080
addsub-05-filter-last-pos-ceiling	layers.28.self_attn.q_proj	28	self_attn.q_proj	2	op	1.6293
addsub-05-filter-last-pos-ceiling	layers.28.self_attn.q_proj	28	self_attn.q_proj	3	b	1.0002
addsub-05-filter-last-pos-ceiling	layers.28.self_attn.q_proj	28	self_attn.q_proj	4	=	1.0000
addsub-05-filter-last-pos-ceiling	layers.28.self_attn.v_proj	28	self_attn.v_proj	0	<BOS>	1.0000
addsub-05-filter-last-pos-ceiling	layers.28.self_attn.v_proj	28	self_attn.v_proj	1	a	1.0000
addsub-05-filter-last-pos-ceiling	layers.28.self_attn.v_proj	28	self_attn.v_proj	2	op	0.9955
addsub-05-filter-last-pos-ceiling	layers.28.self_attn.v_proj	28	self_attn.v_proj	3	b	0.8892
addsub-05-filter-last-pos-ceiling	layers.28.self_attn.v_proj	28	self_attn.v_proj	4	=	0.0008
addsub-05-filter-last-pos-ceiling	layers.29.mlp.down_proj	29	mlp.down_proj	0	<BOS>	3.0000
addsub-05-filter-last-pos-ceiling	layers.29.mlp.down_proj	29	mlp.down_proj	1	a	4.1227
addsub-05-filter-last-pos-ceiling	layers.29.mlp.down_proj	29	mlp.down_proj	2	op	6.2213
addsub-05-filter-last-pos-ceiling	layers.29.mlp.down_proj	29	mlp.down_proj	3	b	6.9748
addsub-05-filter-last-pos-ceiling	layers.29.mlp.down_proj	29	mlp.down_proj	4	=	8.5913
addsub-05-filter-last-pos-ceiling	layers.29.mlp.gate_proj	29	mlp.gate_proj	0	<BOS>	4.0000
addsub-05-filter-last-pos-ceiling	layers.29.mlp.gate_proj	29	mlp.gate_proj	1	a	3.8433
addsub-05-filter-last-pos-ceiling	layers.29.mlp.gate_proj	29	mlp.gate_proj	2	op	5.0833
addsub-05-filter-last-pos-ceiling	layers.29.mlp.gate_proj	29	mlp.gate_proj	3	b	4.9598
addsub-05-filter-last-pos-ceiling	layers.29.mlp.gate_proj	29	mlp.gate_proj	4	=	9.4692
addsub-05-filter-last-pos-ceiling	layers.29.mlp.up_proj	29	mlp.up_proj	0	<BOS>	9.0000
addsub-05-filter-last-pos-ceiling	layers.29.mlp.up_proj	29	mlp.up_proj	1	a	3.0907
addsub-05-filter-last-pos-ceiling	layers.29.mlp.up_proj	29	mlp.up_proj	2	op	3.1335
addsub-05-filter-last-pos-ceiling	layers.29.mlp.up_proj	29	mlp.up_proj	3	b	2.6098
addsub-05-filter-last-pos-ceiling	layers.29.mlp.up_proj	29	mlp.up_proj	4	=	6.8847
addsub-05-filter-last-pos-ceiling	layers.29.self_attn.k_proj	29	self_attn.k_proj	0	<BOS>	1.0000
addsub-05-filter-last-pos-ceiling	layers.29.self_attn.k_proj	29	self_attn.k_proj	1	a	1.0000
addsub-05-filter-last-pos-ceiling	layers.29.self_attn.k_proj	29	self_attn.k_proj	2	op	1.0000
addsub-05-filter-last-pos-ceiling	layers.29.self_attn.k_proj	29	self_attn.k_proj	3	b	1.0000
addsub-05-filter-last-pos-ceiling	layers.29.self_attn.k_proj	29	self_attn.k_proj	4	=	1.0000
addsub-05-filter-last-pos-ceiling	layers.29.self_attn.o_proj	29	self_attn.o_proj	0	<BOS>	1.0000
addsub-05-filter-last-pos-ceiling	layers.29.self_attn.o_proj	29	self_attn.o_proj	1	a	1.0000
addsub-05-filter-last-pos-ceiling	layers.29.self_attn.o_proj	29	self_attn.o_proj	2	op	1.0000
addsub-05-filter-last-pos-ceiling	layers.29.self_attn.o_proj	29	self_attn.o_proj	3	b	1.0165
addsub-05-filter-last-pos-ceiling	layers.29.self_attn.o_proj	29	self_attn.o_proj	4	=	1.0005
addsub-05-filter-last-pos-ceiling	layers.29.self_attn.q_proj	29	self_attn.q_proj	0	<BOS>	0.0000
addsub-05-filter-last-pos-ceiling	layers.29.self_attn.q_proj	29	self_attn.q_proj	1	a	1.0007
addsub-05-filter-last-pos-ceiling	layers.29.self_attn.q_proj	29	self_attn.q_proj	2	op	1.0000
addsub-05-filter-last-pos-ceiling	layers.29.self_attn.q_proj	29	self_attn.q_proj	3	b	1.0000
addsub-05-filter-last-pos-ceiling	layers.29.self_attn.q_proj	29	self_attn.q_proj	4	=	1.0002
addsub-05-filter-last-pos-ceiling	layers.29.self_attn.v_proj	29	self_attn.v_proj	0	<BOS>	3.0000
addsub-05-filter-last-pos-ceiling	layers.29.self_attn.v_proj	29	self_attn.v_proj	1	a	1.0000
addsub-05-filter-last-pos-ceiling	layers.29.self_attn.v_proj	29	self_attn.v_proj	2	op	1.0052
addsub-05-filter-last-pos-ceiling	layers.29.self_attn.v_proj	29	self_attn.v_proj	3	b	1.4377
addsub-05-filter-last-pos-ceiling	layers.29.self_attn.v_proj	29	self_attn.v_proj	4	=	0.9998
addsub-05-filter-last-pos-ceiling	layers.3.mlp.down_proj	3	mlp.down_proj	0	<BOS>	1.0000
addsub-05-filter-last-pos-ceiling	layers.3.mlp.down_proj	3	mlp.down_proj	1	a	5.4412
addsub-05-filter-last-pos-ceiling	layers.3.mlp.down_proj	3	mlp.down_proj	2	op	4.2215
addsub-05-filter-last-pos-ceiling	layers.3.mlp.down_proj	3	mlp.down_proj	3	b	8.6777
addsub-05-filter-last-pos-ceiling	layers.3.mlp.down_proj	3	mlp.down_proj	4	=	1.5033
addsub-05-filter-last-pos-ceiling	layers.3.mlp.gate_proj	3	mlp.gate_proj	0	<BOS>	1.0000
addsub-05-filter-last-pos-ceiling	layers.3.mlp.gate_proj	3	mlp.gate_proj	1	a	6.1108
addsub-05-filter-last-pos-ceiling	layers.3.mlp.gate_proj	3	mlp.gate_proj	2	op	2.5698
addsub-05-filter-last-pos-ceiling	layers.3.mlp.gate_proj	3	mlp.gate_proj	3	b	6.7130
addsub-05-filter-last-pos-ceiling	layers.3.mlp.gate_proj	3	mlp.gate_proj	4	=	2.4970
addsub-05-filter-last-pos-ceiling	layers.3.mlp.up_proj	3	mlp.up_proj	0	<BOS>	1.0000
addsub-05-filter-last-pos-ceiling	layers.3.mlp.up_proj	3	mlp.up_proj	1	a	3.7403
addsub-05-filter-last-pos-ceiling	layers.3.mlp.up_proj	3	mlp.up_proj	2	op	3.4260
addsub-05-filter-last-pos-ceiling	layers.3.mlp.up_proj	3	mlp.up_proj	3	b	5.4938
addsub-05-filter-last-pos-ceiling	layers.3.mlp.up_proj	3	mlp.up_proj	4	=	1.0030
addsub-05-filter-last-pos-ceiling	layers.3.self_attn.k_proj	3	self_attn.k_proj	0	<BOS>	5.0000
addsub-05-filter-last-pos-ceiling	layers.3.self_attn.k_proj	3	self_attn.k_proj	1	a	2.1133
addsub-05-filter-last-pos-ceiling	layers.3.self_attn.k_proj	3	self_attn.k_proj	2	op	1.0000
addsub-05-filter-last-pos-ceiling	layers.3.self_attn.k_proj	3	self_attn.k_proj	3	b	1.0002
addsub-05-filter-last-pos-ceiling	layers.3.self_attn.k_proj	3	self_attn.k_proj	4	=	1.0000
addsub-05-filter-last-pos-ceiling	layers.3.self_attn.o_proj	3	self_attn.o_proj	0	<BOS>	0.0000
addsub-05-filter-last-pos-ceiling	layers.3.self_attn.o_proj	3	self_attn.o_proj	1	a	2.0870
addsub-05-filter-last-pos-ceiling	layers.3.self_attn.o_proj	3	self_attn.o_proj	2	op	4.9173
addsub-05-filter-last-pos-ceiling	layers.3.self_attn.o_proj	3	self_attn.o_proj	3	b	3.6240
addsub-05-filter-last-pos-ceiling	layers.3.self_attn.o_proj	3	self_attn.o_proj	4	=	1.6523
addsub-05-filter-last-pos-ceiling	layers.3.self_attn.q_proj	3	self_attn.q_proj	0	<BOS>	0.0000
addsub-05-filter-last-pos-ceiling	layers.3.self_attn.q_proj	3	self_attn.q_proj	1	a	1.1358
addsub-05-filter-last-pos-ceiling	layers.3.self_attn.q_proj	3	self_attn.q_proj	2	op	2.4970
addsub-05-filter-last-pos-ceiling	layers.3.self_attn.q_proj	3	self_attn.q_proj	3	b	2.0000
addsub-05-filter-last-pos-ceiling	layers.3.self_attn.q_proj	3	self_attn.q_proj	4	=	2.3120
addsub-05-filter-last-pos-ceiling	layers.3.self_attn.v_proj	3	self_attn.v_proj	0	<BOS>	2.0000
addsub-05-filter-last-pos-ceiling	layers.3.self_attn.v_proj	3	self_attn.v_proj	1	a	4.2535
addsub-05-filter-last-pos-ceiling	layers.3.self_attn.v_proj	3	self_attn.v_proj	2	op	2.0070
addsub-05-filter-last-pos-ceiling	layers.3.self_attn.v_proj	3	self_attn.v_proj	3	b	2.3712
addsub-05-filter-last-pos-ceiling	layers.3.self_attn.v_proj	3	self_attn.v_proj	4	=	1.0000
addsub-05-filter-last-pos-ceiling	layers.30.mlp.down_proj	30	mlp.down_proj	0	<BOS>	1.0000
addsub-05-filter-last-pos-ceiling	layers.30.mlp.down_proj	30	mlp.down_proj	1	a	4.7055
addsub-05-filter-last-pos-ceiling	layers.30.mlp.down_proj	30	mlp.down_proj	2	op	5.5865
addsub-05-filter-last-pos-ceiling	layers.30.mlp.down_proj	30	mlp.down_proj	3	b	8.7983
addsub-05-filter-last-pos-ceiling	layers.30.mlp.down_proj	30	mlp.down_proj	4	=	6.5110
addsub-05-filter-last-pos-ceiling	layers.30.mlp.gate_proj	30	mlp.gate_proj	0	<BOS>	2.0000
addsub-05-filter-last-pos-ceiling	layers.30.mlp.gate_proj	30	mlp.gate_proj	1	a	3.6475
addsub-05-filter-last-pos-ceiling	layers.30.mlp.gate_proj	30	mlp.gate_proj	2	op	5.4155
addsub-05-filter-last-pos-ceiling	layers.30.mlp.gate_proj	30	mlp.gate_proj	3	b	5.7700
addsub-05-filter-last-pos-ceiling	layers.30.mlp.gate_proj	30	mlp.gate_proj	4	=	9.0045
addsub-05-filter-last-pos-ceiling	layers.30.mlp.up_proj	30	mlp.up_proj	0	<BOS>	3.0000
addsub-05-filter-last-pos-ceiling	layers.30.mlp.up_proj	30	mlp.up_proj	1	a	2.8875
addsub-05-filter-last-pos-ceiling	layers.30.mlp.up_proj	30	mlp.up_proj	2	op	4.1238
addsub-05-filter-last-pos-ceiling	layers.30.mlp.up_proj	30	mlp.up_proj	3	b	4.9715
addsub-05-filter-last-pos-ceiling	layers.30.mlp.up_proj	30	mlp.up_proj	4	=	6.1848
addsub-05-filter-last-pos-ceiling	layers.30.self_attn.k_proj	30	self_attn.k_proj	0	<BOS>	1.0000
addsub-05-filter-last-pos-ceiling	layers.30.self_attn.k_proj	30	self_attn.k_proj	1	a	1.0000
addsub-05-filter-last-pos-ceiling	layers.30.self_attn.k_proj	30	self_attn.k_proj	2	op	0.6327
addsub-05-filter-last-pos-ceiling	layers.30.self_attn.k_proj	30	self_attn.k_proj	3	b	0.4918
addsub-05-filter-last-pos-ceiling	layers.30.self_attn.k_proj	30	self_attn.k_proj	4	=	0.0000
addsub-05-filter-last-pos-ceiling	layers.30.self_attn.o_proj	30	self_attn.o_proj	0	<BOS>	1.0000
addsub-05-filter-last-pos-ceiling	layers.30.self_attn.o_proj	30	self_attn.o_proj	1	a	1.0000
addsub-05-filter-last-pos-ceiling	layers.30.self_attn.o_proj	30	self_attn.o_proj	2	op	1.1250
addsub-05-filter-last-pos-ceiling	layers.30.self_attn.o_proj	30	self_attn.o_proj	3	b	1.1612
addsub-05-filter-last-pos-ceiling	layers.30.self_attn.o_proj	30	self_attn.o_proj	4	=	1.1305
addsub-05-filter-last-pos-ceiling	layers.30.self_attn.q_proj	30	self_attn.q_proj	0	<BOS>	0.0000
addsub-05-filter-last-pos-ceiling	layers.30.self_attn.q_proj	30	self_attn.q_proj	1	a	1.0000
addsub-05-filter-last-pos-ceiling	layers.30.self_attn.q_proj	30	self_attn.q_proj	2	op	1.0215
addsub-05-filter-last-pos-ceiling	layers.30.self_attn.q_proj	30	self_attn.q_proj	3	b	1.0000
addsub-05-filter-last-pos-ceiling	layers.30.self_attn.q_proj	30	self_attn.q_proj	4	=	1.0005
addsub-05-filter-last-pos-ceiling	layers.30.self_attn.v_proj	30	self_attn.v_proj	0	<BOS>	1.0000
addsub-05-filter-last-pos-ceiling	layers.30.self_attn.v_proj	30	self_attn.v_proj	1	a	1.2040
addsub-05-filter-last-pos-ceiling	layers.30.self_attn.v_proj	30	self_attn.v_proj	2	op	1.5428
addsub-05-filter-last-pos-ceiling	layers.30.self_attn.v_proj	30	self_attn.v_proj	3	b	0.9992
addsub-05-filter-last-pos-ceiling	layers.30.self_attn.v_proj	30	self_attn.v_proj	4	=	0.0008
addsub-05-filter-last-pos-ceiling	layers.31.mlp.down_proj	31	mlp.down_proj	0	<BOS>	0.0000
addsub-05-filter-last-pos-ceiling	layers.31.mlp.down_proj	31	mlp.down_proj	1	a	0.0022
addsub-05-filter-last-pos-ceiling	layers.31.mlp.down_proj	31	mlp.down_proj	2	op	0.0090
addsub-05-filter-last-pos-ceiling	layers.31.mlp.down_proj	31	mlp.down_proj	3	b	0.0465
addsub-05-filter-last-pos-ceiling	layers.31.mlp.down_proj	31	mlp.down_proj	4	=	20.0278
addsub-05-filter-last-pos-ceiling	layers.31.mlp.gate_proj	31	mlp.gate_proj	0	<BOS>	0.0000
addsub-05-filter-last-pos-ceiling	layers.31.mlp.gate_proj	31	mlp.gate_proj	1	a	0.0000
addsub-05-filter-last-pos-ceiling	layers.31.mlp.gate_proj	31	mlp.gate_proj	2	op	0.0022
addsub-05-filter-last-pos-ceiling	layers.31.mlp.gate_proj	31	mlp.gate_proj	3	b	0.0365
addsub-05-filter-last-pos-ceiling	layers.31.mlp.gate_proj	31	mlp.gate_proj	4	=	13.3410
addsub-05-filter-last-pos-ceiling	layers.31.mlp.up_proj	31	mlp.up_proj	0	<BOS>	0.0000
addsub-05-filter-last-pos-ceiling	layers.31.mlp.up_proj	31	mlp.up_proj	1	a	0.0000
addsub-05-filter-last-pos-ceiling	layers.31.mlp.up_proj	31	mlp.up_proj	2	op	0.0000
addsub-05-filter-last-pos-ceiling	layers.31.mlp.up_proj	31	mlp.up_proj	3	b	0.0253
addsub-05-filter-last-pos-ceiling	layers.31.mlp.up_proj	31	mlp.up_proj	4	=	12.8708
addsub-05-filter-last-pos-ceiling	layers.31.self_attn.k_proj	31	self_attn.k_proj	0	<BOS>	1.0000
addsub-05-filter-last-pos-ceiling	layers.31.self_attn.k_proj	31	self_attn.k_proj	1	a	1.0000
addsub-05-filter-last-pos-ceiling	layers.31.self_attn.k_proj	31	self_attn.k_proj	2	op	1.0000
addsub-05-filter-last-pos-ceiling	layers.31.self_attn.k_proj	31	self_attn.k_proj	3	b	1.0010
addsub-05-filter-last-pos-ceiling	layers.31.self_attn.k_proj	31	self_attn.k_proj	4	=	1.4645
addsub-05-filter-last-pos-ceiling	layers.31.self_attn.o_proj	31	self_attn.o_proj	0	<BOS>	0.0000
addsub-05-filter-last-pos-ceiling	layers.31.self_attn.o_proj	31	self_attn.o_proj	1	a	0.0000
addsub-05-filter-last-pos-ceiling	layers.31.self_attn.o_proj	31	self_attn.o_proj	2	op	0.0000
addsub-05-filter-last-pos-ceiling	layers.31.self_attn.o_proj	31	self_attn.o_proj	3	b	0.0035
addsub-05-filter-last-pos-ceiling	layers.31.self_attn.o_proj	31	self_attn.o_proj	4	=	2.6483
addsub-05-filter-last-pos-ceiling	layers.31.self_attn.q_proj	31	self_attn.q_proj	0	<BOS>	0.0000
addsub-05-filter-last-pos-ceiling	layers.31.self_attn.q_proj	31	self_attn.q_proj	1	a	0.0000
addsub-05-filter-last-pos-ceiling	layers.31.self_attn.q_proj	31	self_attn.q_proj	2	op	0.0055
addsub-05-filter-last-pos-ceiling	layers.31.self_attn.q_proj	31	self_attn.q_proj	3	b	0.0030
addsub-05-filter-last-pos-ceiling	layers.31.self_attn.q_proj	31	self_attn.q_proj	4	=	2.0000
addsub-05-filter-last-pos-ceiling	layers.31.self_attn.v_proj	31	self_attn.v_proj	0	<BOS>	1.0000
addsub-05-filter-last-pos-ceiling	layers.31.self_attn.v_proj	31	self_attn.v_proj	1	a	2.1683
addsub-05-filter-last-pos-ceiling	layers.31.self_attn.v_proj	31	self_attn.v_proj	2	op	2.0180
addsub-05-filter-last-pos-ceiling	layers.31.self_attn.v_proj	31	self_attn.v_proj	3	b	2.0475
addsub-05-filter-last-pos-ceiling	layers.31.self_attn.v_proj	31	self_attn.v_proj	4	=	1.8025
addsub-05-filter-last-pos-ceiling	layers.4.mlp.down_proj	4	mlp.down_proj	0	<BOS>	1.0000
addsub-05-filter-last-pos-ceiling	layers.4.mlp.down_proj	4	mlp.down_proj	1	a	5.2242
addsub-05-filter-last-pos-ceiling	layers.4.mlp.down_proj	4	mlp.down_proj	2	op	4.8412
addsub-05-filter-last-pos-ceiling	layers.4.mlp.down_proj	4	mlp.down_proj	3	b	7.8540
addsub-05-filter-last-pos-ceiling	layers.4.mlp.down_proj	4	mlp.down_proj	4	=	1.5987
addsub-05-filter-last-pos-ceiling	layers.4.mlp.gate_proj	4	mlp.gate_proj	0	<BOS>	1.0000
addsub-05-filter-last-pos-ceiling	layers.4.mlp.gate_proj	4	mlp.gate_proj	1	a	3.0347
addsub-05-filter-last-pos-ceiling	layers.4.mlp.gate_proj	4	mlp.gate_proj	2	op	4.1310
addsub-05-filter-last-pos-ceiling	layers.4.mlp.gate_proj	4	mlp.gate_proj	3	b	6.1978
addsub-05-filter-last-pos-ceiling	layers.4.mlp.gate_proj	4	mlp.gate_proj	4	=	1.5030
addsub-05-filter-last-pos-ceiling	layers.4.mlp.up_proj	4	mlp.up_proj	0	<BOS>	1.0000
addsub-05-filter-last-pos-ceiling	layers.4.mlp.up_proj	4	mlp.up_proj	1	a	2.9340
addsub-05-filter-last-pos-ceiling	layers.4.mlp.up_proj	4	mlp.up_proj	2	op	3.9183
addsub-05-filter-last-pos-ceiling	layers.4.mlp.up_proj	4	mlp.up_proj	3	b	6.4375
addsub-05-filter-last-pos-ceiling	layers.4.mlp.up_proj	4	mlp.up_proj	4	=	2.0003
addsub-05-filter-last-pos-ceiling	layers.4.self_attn.k_proj	4	self_attn.k_proj	0	<BOS>	3.0000
addsub-05-filter-last-pos-ceiling	layers.4.self_attn.k_proj	4	self_attn.k_proj	1	a	2.0000
addsub-05-filter-last-pos-ceiling	layers.4.self_attn.k_proj	4	self_attn.k_proj	2	op	1.9885
addsub-05-filter-last-pos-ceiling	layers.4.self_attn.k_proj	4	self_attn.k_proj	3	b	1.0002
addsub-05-filter-last-pos-ceiling	layers.4.self_attn.k_proj	4	self_attn.k_proj	4	=	1.0000
addsub-05-filter-last-pos-ceiling	layers.4.self_attn.o_proj	4	self_attn.o_proj	0	<BOS>	1.0000
addsub-05-filter-last-pos-ceiling	layers.4.self_attn.o_proj	4	self_attn.o_proj	1	a	1.3138
addsub-05-filter-last-pos-ceiling	layers.4.self_attn.o_proj	4	self_attn.o_proj	2	op	1.9868
addsub-05-filter-last-pos-ceiling	layers.4.self_attn.o_proj	4	self_attn.o_proj	3	b	2.1198
addsub-05-filter-last-pos-ceiling	layers.4.self_attn.o_proj	4	self_attn.o_proj	4	=	2.4978
addsub-05-filter-last-pos-ceiling	layers.4.self_attn.q_proj	4	self_attn.q_proj	0	<BOS>	0.0000
addsub-05-filter-last-pos-ceiling	layers.4.self_attn.q_proj	4	self_attn.q_proj	1	a	2.0000
addsub-05-filter-last-pos-ceiling	layers.4.self_attn.q_proj	4	self_attn.q_proj	2	op	2.0000
addsub-05-filter-last-pos-ceiling	layers.4.self_attn.q_proj	4	self_attn.q_proj	3	b	2.0000
addsub-05-filter-last-pos-ceiling	layers.4.self_attn.q_proj	4	self_attn.q_proj	4	=	3.0000
addsub-05-filter-last-pos-ceiling	layers.4.self_attn.v_proj	4	self_attn.v_proj	0	<BOS>	4.0000
addsub-05-filter-last-pos-ceiling	layers.4.self_attn.v_proj	4	self_attn.v_proj	1	a	1.0000
addsub-05-filter-last-pos-ceiling	layers.4.self_attn.v_proj	4	self_attn.v_proj	2	op	2.0882
addsub-05-filter-last-pos-ceiling	layers.4.self_attn.v_proj	4	self_attn.v_proj	3	b	1.4180
addsub-05-filter-last-pos-ceiling	layers.4.self_attn.v_proj	4	self_attn.v_proj	4	=	1.0000
addsub-05-filter-last-pos-ceiling	layers.5.mlp.down_proj	5	mlp.down_proj	0	<BOS>	1.0000
addsub-05-filter-last-pos-ceiling	layers.5.mlp.down_proj	5	mlp.down_proj	1	a	3.3110
addsub-05-filter-last-pos-ceiling	layers.5.mlp.down_proj	5	mlp.down_proj	2	op	4.4555
addsub-05-filter-last-pos-ceiling	layers.5.mlp.down_proj	5	mlp.down_proj	3	b	7.8092
addsub-05-filter-last-pos-ceiling	layers.5.mlp.down_proj	5	mlp.down_proj	4	=	3.0178
addsub-05-filter-last-pos-ceiling	layers.5.mlp.gate_proj	5	mlp.gate_proj	0	<BOS>	1.0000
addsub-05-filter-last-pos-ceiling	layers.5.mlp.gate_proj	5	mlp.gate_proj	1	a	2.3782
addsub-05-filter-last-pos-ceiling	layers.5.mlp.gate_proj	5	mlp.gate_proj	2	op	3.3265
addsub-05-filter-last-pos-ceiling	layers.5.mlp.gate_proj	5	mlp.gate_proj	3	b	6.3330
addsub-05-filter-last-pos-ceiling	layers.5.mlp.gate_proj	5	mlp.gate_proj	4	=	2.4970
addsub-05-filter-last-pos-ceiling	layers.5.mlp.up_proj	5	mlp.up_proj	0	<BOS>	1.0000
addsub-05-filter-last-pos-ceiling	layers.5.mlp.up_proj	5	mlp.up_proj	1	a	2.7898
addsub-05-filter-last-pos-ceiling	layers.5.mlp.up_proj	5	mlp.up_proj	2	op	3.6460
addsub-05-filter-last-pos-ceiling	layers.5.mlp.up_proj	5	mlp.up_proj	3	b	6.3113
addsub-05-filter-last-pos-ceiling	layers.5.mlp.up_proj	5	mlp.up_proj	4	=	2.0975
addsub-05-filter-last-pos-ceiling	layers.5.self_attn.k_proj	5	self_attn.k_proj	0	<BOS>	3.0000
addsub-05-filter-last-pos-ceiling	layers.5.self_attn.k_proj	5	self_attn.k_proj	1	a	2.0003
addsub-05-filter-last-pos-ceiling	layers.5.self_attn.k_proj	5	self_attn.k_proj	2	op	1.4955
addsub-05-filter-last-pos-ceiling	layers.5.self_attn.k_proj	5	self_attn.k_proj	3	b	1.8077
addsub-05-filter-last-pos-ceiling	layers.5.self_attn.k_proj	5	self_attn.k_proj	4	=	1.0000
addsub-05-filter-last-pos-ceiling	layers.5.self_attn.o_proj	5	self_attn.o_proj	0	<BOS>	1.0000
addsub-05-filter-last-pos-ceiling	layers.5.self_attn.o_proj	5	self_attn.o_proj	1	a	2.0000
addsub-05-filter-last-pos-ceiling	layers.5.self_attn.o_proj	5	self_attn.o_proj	2	op	2.0000
addsub-05-filter-last-pos-ceiling	layers.5.self_attn.o_proj	5	self_attn.o_proj	3	b	5.7248
addsub-05-filter-last-pos-ceiling	layers.5.self_attn.o_proj	5	self_attn.o_proj	4	=	2.9362
addsub-05-filter-last-pos-ceiling	layers.5.self_attn.q_proj	5	self_attn.q_proj	0	<BOS>	0.0000
addsub-05-filter-last-pos-ceiling	layers.5.self_attn.q_proj	5	self_attn.q_proj	1	a	1.0000
addsub-05-filter-last-pos-ceiling	layers.5.self_attn.q_proj	5	self_attn.q_proj	2	op	1.0000
addsub-05-filter-last-pos-ceiling	layers.5.self_attn.q_proj	5	self_attn.q_proj	3	b	2.0403
addsub-05-filter-last-pos-ceiling	layers.5.self_attn.q_proj	5	self_attn.q_proj	4	=	1.0000
addsub-05-filter-last-pos-ceiling	layers.5.self_attn.v_proj	5	self_attn.v_proj	0	<BOS>	4.0000
addsub-05-filter-last-pos-ceiling	layers.5.self_attn.v_proj	5	self_attn.v_proj	1	a	3.0655
addsub-05-filter-last-pos-ceiling	layers.5.self_attn.v_proj	5	self_attn.v_proj	2	op	1.8832
addsub-05-filter-last-pos-ceiling	layers.5.self_attn.v_proj	5	self_attn.v_proj	3	b	1.9455
addsub-05-filter-last-pos-ceiling	layers.5.self_attn.v_proj	5	self_attn.v_proj	4	=	1.0000
addsub-05-filter-last-pos-ceiling	layers.6.mlp.down_proj	6	mlp.down_proj	0	<BOS>	1.0000
addsub-05-filter-last-pos-ceiling	layers.6.mlp.down_proj	6	mlp.down_proj	1	a	2.8480
addsub-05-filter-last-pos-ceiling	layers.6.mlp.down_proj	6	mlp.down_proj	2	op	4.3885
addsub-05-filter-last-pos-ceiling	layers.6.mlp.down_proj	6	mlp.down_proj	3	b	6.0855
addsub-05-filter-last-pos-ceiling	layers.6.mlp.down_proj	6	mlp.down_proj	4	=	2.8458
addsub-05-filter-last-pos-ceiling	layers.6.mlp.gate_proj	6	mlp.gate_proj	0	<BOS>	1.0000
addsub-05-filter-last-pos-ceiling	layers.6.mlp.gate_proj	6	mlp.gate_proj	1	a	1.7118
addsub-05-filter-last-pos-ceiling	layers.6.mlp.gate_proj	6	mlp.gate_proj	2	op	3.2292
addsub-05-filter-last-pos-ceiling	layers.6.mlp.gate_proj	6	mlp.gate_proj	3	b	4.3197
addsub-05-filter-last-pos-ceiling	layers.6.mlp.gate_proj	6	mlp.gate_proj	4	=	2.0000
addsub-05-filter-last-pos-ceiling	layers.6.mlp.up_proj	6	mlp.up_proj	0	<BOS>	2.0000
addsub-05-filter-last-pos-ceiling	layers.6.mlp.up_proj	6	mlp.up_proj	1	a	2.4115
addsub-05-filter-last-pos-ceiling	layers.6.mlp.up_proj	6	mlp.up_proj	2	op	3.6463
addsub-05-filter-last-pos-ceiling	layers.6.mlp.up_proj	6	mlp.up_proj	3	b	4.5120
addsub-05-filter-last-pos-ceiling	layers.6.mlp.up_proj	6	mlp.up_proj	4	=	2.0003
addsub-05-filter-last-pos-ceiling	layers.6.self_attn.k_proj	6	self_attn.k_proj	0	<BOS>	3.0000
addsub-05-filter-last-pos-ceiling	layers.6.self_attn.k_proj	6	self_attn.k_proj	1	a	1.9998
addsub-05-filter-last-pos-ceiling	layers.6.self_attn.k_proj	6	self_attn.k_proj	2	op	1.0005
addsub-05-filter-last-pos-ceiling	layers.6.self_attn.k_proj	6	self_attn.k_proj	3	b	1.3778
addsub-05-filter-last-pos-ceiling	layers.6.self_attn.k_proj	6	self_attn.k_proj	4	=	1.5028
addsub-05-filter-last-pos-ceiling	layers.6.self_attn.o_proj	6	self_attn.o_proj	0	<BOS>	1.0000
addsub-05-filter-last-pos-ceiling	layers.6.self_attn.o_proj	6	self_attn.o_proj	1	a	1.0000
addsub-05-filter-last-pos-ceiling	layers.6.self_attn.o_proj	6	self_attn.o_proj	2	op	1.0002
addsub-05-filter-last-pos-ceiling	layers.6.self_attn.o_proj	6	self_attn.o_proj	3	b	3.0760
addsub-05-filter-last-pos-ceiling	layers.6.self_attn.o_proj	6	self_attn.o_proj	4	=	1.9280
addsub-05-filter-last-pos-ceiling	layers.6.self_attn.q_proj	6	self_attn.q_proj	0	<BOS>	0.0000
addsub-05-filter-last-pos-ceiling	layers.6.self_attn.q_proj	6	self_attn.q_proj	1	a	1.0000
addsub-05-filter-last-pos-ceiling	layers.6.self_attn.q_proj	6	self_attn.q_proj	2	op	1.0000
addsub-05-filter-last-pos-ceiling	layers.6.self_attn.q_proj	6	self_attn.q_proj	3	b	1.9775
addsub-05-filter-last-pos-ceiling	layers.6.self_attn.q_proj	6	self_attn.q_proj	4	=	1.0000
addsub-05-filter-last-pos-ceiling	layers.6.self_attn.v_proj	6	self_attn.v_proj	0	<BOS>	4.0000
addsub-05-filter-last-pos-ceiling	layers.6.self_attn.v_proj	6	self_attn.v_proj	1	a	1.0000
addsub-05-filter-last-pos-ceiling	layers.6.self_attn.v_proj	6	self_attn.v_proj	2	op	2.2202
addsub-05-filter-last-pos-ceiling	layers.6.self_attn.v_proj	6	self_attn.v_proj	3	b	1.3950
addsub-05-filter-last-pos-ceiling	layers.6.self_attn.v_proj	6	self_attn.v_proj	4	=	2.0000
addsub-05-filter-last-pos-ceiling	layers.7.mlp.down_proj	7	mlp.down_proj	0	<BOS>	1.0000
addsub-05-filter-last-pos-ceiling	layers.7.mlp.down_proj	7	mlp.down_proj	1	a	2.7812
addsub-05-filter-last-pos-ceiling	layers.7.mlp.down_proj	7	mlp.down_proj	2	op	4.2292
addsub-05-filter-last-pos-ceiling	layers.7.mlp.down_proj	7	mlp.down_proj	3	b	5.3515
addsub-05-filter-last-pos-ceiling	layers.7.mlp.down_proj	7	mlp.down_proj	4	=	3.0092
addsub-05-filter-last-pos-ceiling	layers.7.mlp.gate_proj	7	mlp.gate_proj	0	<BOS>	1.0000
addsub-05-filter-last-pos-ceiling	layers.7.mlp.gate_proj	7	mlp.gate_proj	1	a	3.3523
addsub-05-filter-last-pos-ceiling	layers.7.mlp.gate_proj	7	mlp.gate_proj	2	op	2.5508
addsub-05-filter-last-pos-ceiling	layers.7.mlp.gate_proj	7	mlp.gate_proj	3	b	3.8810
addsub-05-filter-last-pos-ceiling	layers.7.mlp.gate_proj	7	mlp.gate_proj	4	=	1.2195
addsub-05-filter-last-pos-ceiling	layers.7.mlp.up_proj	7	mlp.up_proj	0	<BOS>	1.0000
addsub-05-filter-last-pos-ceiling	layers.7.mlp.up_proj	7	mlp.up_proj	1	a	2.4675
addsub-05-filter-last-pos-ceiling	layers.7.mlp.up_proj	7	mlp.up_proj	2	op	2.8902
addsub-05-filter-last-pos-ceiling	layers.7.mlp.up_proj	7	mlp.up_proj	3	b	4.1192
addsub-05-filter-last-pos-ceiling	layers.7.mlp.up_proj	7	mlp.up_proj	4	=	2.1585
addsub-05-filter-last-pos-ceiling	layers.7.self_attn.k_proj	7	self_attn.k_proj	0	<BOS>	2.0000
addsub-05-filter-last-pos-ceiling	layers.7.self_attn.k_proj	7	self_attn.k_proj	1	a	1.0000
addsub-05-filter-last-pos-ceiling	layers.7.self_attn.k_proj	7	self_attn.k_proj	2	op	1.8835
addsub-05-filter-last-pos-ceiling	layers.7.self_attn.k_proj	7	self_attn.k_proj	3	b	1.4260
addsub-05-filter-last-pos-ceiling	layers.7.self_attn.k_proj	7	self_attn.k_proj	4	=	1.0000
addsub-05-filter-last-pos-ceiling	layers.7.self_attn.o_proj	7	self_attn.o_proj	0	<BOS>	0.0000
addsub-05-filter-last-pos-ceiling	layers.7.self_attn.o_proj	7	self_attn.o_proj	1	a	2.0000
addsub-05-filter-last-pos-ceiling	layers.7.self_attn.o_proj	7	self_attn.o_proj	2	op	2.6110
addsub-05-filter-last-pos-ceiling	layers.7.self_attn.o_proj	7	self_attn.o_proj	3	b	3.0287
addsub-05-filter-last-pos-ceiling	layers.7.self_attn.o_proj	7	self_attn.o_proj	4	=	1.9453
addsub-05-filter-last-pos-ceiling	layers.7.self_attn.q_proj	7	self_attn.q_proj	0	<BOS>	0.0000
addsub-05-filter-last-pos-ceiling	layers.7.self_attn.q_proj	7	self_attn.q_proj	1	a	1.0000
addsub-05-filter-last-pos-ceiling	layers.7.self_attn.q_proj	7	self_attn.q_proj	2	op	1.0208
addsub-05-filter-last-pos-ceiling	layers.7.self_attn.q_proj	7	self_attn.q_proj	3	b	2.0203
addsub-05-filter-last-pos-ceiling	layers.7.self_attn.q_proj	7	self_attn.q_proj	4	=	1.0000
addsub-05-filter-last-pos-ceiling	layers.7.self_attn.v_proj	7	self_attn.v_proj	0	<BOS>	5.0000
addsub-05-filter-last-pos-ceiling	layers.7.self_attn.v_proj	7	self_attn.v_proj	1	a	1.8967
addsub-05-filter-last-pos-ceiling	layers.7.self_attn.v_proj	7	self_attn.v_proj	2	op	1.6410
addsub-05-filter-last-pos-ceiling	layers.7.self_attn.v_proj	7	self_attn.v_proj	3	b	1.6560
addsub-05-filter-last-pos-ceiling	layers.7.self_attn.v_proj	7	self_attn.v_proj	4	=	1.0000
addsub-05-filter-last-pos-ceiling	layers.8.mlp.down_proj	8	mlp.down_proj	0	<BOS>	1.0000
addsub-05-filter-last-pos-ceiling	layers.8.mlp.down_proj	8	mlp.down_proj	1	a	2.2963
addsub-05-filter-last-pos-ceiling	layers.8.mlp.down_proj	8	mlp.down_proj	2	op	3.1677
addsub-05-filter-last-pos-ceiling	layers.8.mlp.down_proj	8	mlp.down_proj	3	b	5.3812
addsub-05-filter-last-pos-ceiling	layers.8.mlp.down_proj	8	mlp.down_proj	4	=	2.1063
addsub-05-filter-last-pos-ceiling	layers.8.mlp.gate_proj	8	mlp.gate_proj	0	<BOS>	2.0000
addsub-05-filter-last-pos-ceiling	layers.8.mlp.gate_proj	8	mlp.gate_proj	1	a	1.0920
addsub-05-filter-last-pos-ceiling	layers.8.mlp.gate_proj	8	mlp.gate_proj	2	op	2.8560
addsub-05-filter-last-pos-ceiling	layers.8.mlp.gate_proj	8	mlp.gate_proj	3	b	3.1225
addsub-05-filter-last-pos-ceiling	layers.8.mlp.gate_proj	8	mlp.gate_proj	4	=	2.5025
addsub-05-filter-last-pos-ceiling	layers.8.mlp.up_proj	8	mlp.up_proj	0	<BOS>	1.0000
addsub-05-filter-last-pos-ceiling	layers.8.mlp.up_proj	8	mlp.up_proj	1	a	1.2452
addsub-05-filter-last-pos-ceiling	layers.8.mlp.up_proj	8	mlp.up_proj	2	op	3.3193
addsub-05-filter-last-pos-ceiling	layers.8.mlp.up_proj	8	mlp.up_proj	3	b	4.1830
addsub-05-filter-last-pos-ceiling	layers.8.mlp.up_proj	8	mlp.up_proj	4	=	1.7980
addsub-05-filter-last-pos-ceiling	layers.8.self_attn.k_proj	8	self_attn.k_proj	0	<BOS>	2.0000
addsub-05-filter-last-pos-ceiling	layers.8.self_attn.k_proj	8	self_attn.k_proj	1	a	1.1187
addsub-05-filter-last-pos-ceiling	layers.8.self_attn.k_proj	8	self_attn.k_proj	2	op	1.0308
addsub-05-filter-last-pos-ceiling	layers.8.self_attn.k_proj	8	self_attn.k_proj	3	b	0.9475
addsub-05-filter-last-pos-ceiling	layers.8.self_attn.k_proj	8	self_attn.k_proj	4	=	0.9300
addsub-05-filter-last-pos-ceiling	layers.8.self_attn.o_proj	8	self_attn.o_proj	0	<BOS>	1.0000
addsub-05-filter-last-pos-ceiling	layers.8.self_attn.o_proj	8	self_attn.o_proj	1	a	1.9310
addsub-05-filter-last-pos-ceiling	layers.8.self_attn.o_proj	8	self_attn.o_proj	2	op	1.0822
addsub-05-filter-last-pos-ceiling	layers.8.self_attn.o_proj	8	self_attn.o_proj	3	b	1.9665
addsub-05-filter-last-pos-ceiling	layers.8.self_attn.o_proj	8	self_attn.o_proj	4	=	1.9262
addsub-05-filter-last-pos-ceiling	layers.8.self_attn.q_proj	8	self_attn.q_proj	0	<BOS>	0.0000
addsub-05-filter-last-pos-ceiling	layers.8.self_attn.q_proj	8	self_attn.q_proj	1	a	1.0000
addsub-05-filter-last-pos-ceiling	layers.8.self_attn.q_proj	8	self_attn.q_proj	2	op	1.0402
addsub-05-filter-last-pos-ceiling	layers.8.self_attn.q_proj	8	self_attn.q_proj	3	b	1.2950
addsub-05-filter-last-pos-ceiling	layers.8.self_attn.q_proj	8	self_attn.q_proj	4	=	1.0000
addsub-05-filter-last-pos-ceiling	layers.8.self_attn.v_proj	8	self_attn.v_proj	0	<BOS>	4.0000
addsub-05-filter-last-pos-ceiling	layers.8.self_attn.v_proj	8	self_attn.v_proj	1	a	1.8845
addsub-05-filter-last-pos-ceiling	layers.8.self_attn.v_proj	8	self_attn.v_proj	2	op	1.9525
addsub-05-filter-last-pos-ceiling	layers.8.self_attn.v_proj	8	self_attn.v_proj	3	b	1.6237
addsub-05-filter-last-pos-ceiling	layers.8.self_attn.v_proj	8	self_attn.v_proj	4	=	1.4447
addsub-05-filter-last-pos-ceiling	layers.9.mlp.down_proj	9	mlp.down_proj	0	<BOS>	1.0000
addsub-05-filter-last-pos-ceiling	layers.9.mlp.down_proj	9	mlp.down_proj	1	a	1.6240
addsub-05-filter-last-pos-ceiling	layers.9.mlp.down_proj	9	mlp.down_proj	2	op	2.9425
addsub-05-filter-last-pos-ceiling	layers.9.mlp.down_proj	9	mlp.down_proj	3	b	5.0132
addsub-05-filter-last-pos-ceiling	layers.9.mlp.down_proj	9	mlp.down_proj	4	=	2.2208
addsub-05-filter-last-pos-ceiling	layers.9.mlp.gate_proj	9	mlp.gate_proj	0	<BOS>	1.0000
addsub-05-filter-last-pos-ceiling	layers.9.mlp.gate_proj	9	mlp.gate_proj	1	a	1.5815
addsub-05-filter-last-pos-ceiling	layers.9.mlp.gate_proj	9	mlp.gate_proj	2	op	2.6870
addsub-05-filter-last-pos-ceiling	layers.9.mlp.gate_proj	9	mlp.gate_proj	3	b	3.6853
addsub-05-filter-last-pos-ceiling	layers.9.mlp.gate_proj	9	mlp.gate_proj	4	=	2.2608
addsub-05-filter-last-pos-ceiling	layers.9.mlp.up_proj	9	mlp.up_proj	0	<BOS>	1.0000
addsub-05-filter-last-pos-ceiling	layers.9.mlp.up_proj	9	mlp.up_proj	1	a	2.1360
addsub-05-filter-last-pos-ceiling	layers.9.mlp.up_proj	9	mlp.up_proj	2	op	3.1158
addsub-05-filter-last-pos-ceiling	layers.9.mlp.up_proj	9	mlp.up_proj	3	b	3.9790
addsub-05-filter-last-pos-ceiling	layers.9.mlp.up_proj	9	mlp.up_proj	4	=	1.5822
addsub-05-filter-last-pos-ceiling	layers.9.self_attn.k_proj	9	self_attn.k_proj	0	<BOS>	3.0000
addsub-05-filter-last-pos-ceiling	layers.9.self_attn.k_proj	9	self_attn.k_proj	1	a	1.0000
addsub-05-filter-last-pos-ceiling	layers.9.self_attn.k_proj	9	self_attn.k_proj	2	op	1.5455
addsub-05-filter-last-pos-ceiling	layers.9.self_attn.k_proj	9	self_attn.k_proj	3	b	1.0002
addsub-05-filter-last-pos-ceiling	layers.9.self_attn.k_proj	9	self_attn.k_proj	4	=	1.0000
addsub-05-filter-last-pos-ceiling	layers.9.self_attn.o_proj	9	self_attn.o_proj	0	<BOS>	0.0000
addsub-05-filter-last-pos-ceiling	layers.9.self_attn.o_proj	9	self_attn.o_proj	1	a	2.0000
addsub-05-filter-last-pos-ceiling	layers.9.self_attn.o_proj	9	self_attn.o_proj	2	op	2.0000
addsub-05-filter-last-pos-ceiling	layers.9.self_attn.o_proj	9	self_attn.o_proj	3	b	1.5473
addsub-05-filter-last-pos-ceiling	layers.9.self_attn.o_proj	9	self_attn.o_proj	4	=	1.4825
addsub-05-filter-last-pos-ceiling	layers.9.self_attn.q_proj	9	self_attn.q_proj	0	<BOS>	0.0000
addsub-05-filter-last-pos-ceiling	layers.9.self_attn.q_proj	9	self_attn.q_proj	1	a	1.0000
addsub-05-filter-last-pos-ceiling	layers.9.self_attn.q_proj	9	self_attn.q_proj	2	op	1.0000
addsub-05-filter-last-pos-ceiling	layers.9.self_attn.q_proj	9	self_attn.q_proj	3	b	1.1440
addsub-05-filter-last-pos-ceiling	layers.9.self_attn.q_proj	9	self_attn.q_proj	4	=	1.0000
addsub-05-filter-last-pos-ceiling	layers.9.self_attn.v_proj	9	self_attn.v_proj	0	<BOS>	2.0000
addsub-05-filter-last-pos-ceiling	layers.9.self_attn.v_proj	9	self_attn.v_proj	1	a	2.0000
addsub-05-filter-last-pos-ceiling	layers.9.self_attn.v_proj	9	self_attn.v_proj	2	op	1.5235
addsub-05-filter-last-pos-ceiling	layers.9.self_attn.v_proj	9	self_attn.v_proj	3	b	1.4045
addsub-05-filter-last-pos-ceiling	layers.9.self_attn.v_proj	9	self_attn.v_proj	4	=	1.0005
